# Blender 5.1.1
# www.blender.org
mtllib Gan.mtl
o 円柱.016
v 0.042974 4.175906 -1.780030
v 0.137042 4.184508 -1.780142
v 0.036998 4.125685 -10.630400
v -0.050939 4.186060 -1.780024
v -0.141089 4.214580 -1.780125
v -0.056915 4.135839 -10.630394
v -0.147065 4.164359 -10.630495
v -0.229986 4.210147 -10.630699
v -0.302493 4.271446 -10.630998
v -0.224010 4.260369 -1.780329
v -0.296517 4.321668 -1.780628
v -0.355822 4.396121 -1.781010
v -0.399647 4.480866 -1.781462
v -0.361798 4.345899 -10.631379
v -0.405623 4.430645 -10.631832
v -0.432283 4.522427 -10.632334
v -0.440754 4.617718 -10.632869
v -0.426307 4.572649 -1.781964
v -0.434778 4.667940 -1.782499
v -0.424735 4.763078 -1.783046
v -0.396563 4.854407 -1.783583
v -0.430711 4.712857 -10.633415
v -0.402539 4.804186 -10.633953
v -0.357321 4.888196 -10.634460
v -0.296795 4.961660 -10.634918
v -0.351345 4.938418 -1.784090
v -0.290819 5.011881 -1.784548
v -0.217310 5.071974 -1.784939
v -0.133644 5.116387 -1.785247
v -0.223286 5.021752 -10.635309
v -0.139620 5.066166 -10.635617
v -0.049012 5.093193 -10.635832
v 0.045056 5.101794 -10.635944
v -0.043036 5.143414 -1.785462
v 0.051032 5.152016 -1.785574
v 0.144946 5.141861 -1.785580
v 0.235095 5.113342 -1.785479
v 0.138970 5.091640 -10.635950
v 0.229119 5.063120 -10.635849
v 0.312040 5.017332 -10.635645
v 0.384547 4.956033 -10.635346
v 0.318016 5.067553 -1.785275
v 0.390523 5.006254 -1.784976
v 0.449828 4.931801 -1.784594
v 0.493653 4.847055 -1.784143
v 0.443852 4.881580 -10.634964
v 0.487677 4.796834 -10.634512
v 0.514337 4.705052 -10.634010
v 0.522808 4.609761 -10.633474
v 0.520313 4.755273 -1.783640
v 0.528784 4.659982 -1.783105
v 0.518741 4.564844 -1.782558
v 0.490569 4.473515 -1.782021
v 0.512765 4.514622 -10.632928
v 0.484593 4.423293 -10.632391
v 0.439375 4.339282 -10.631884
v 0.378849 4.265819 -10.631426
v 0.445351 4.389504 -1.781514
v 0.384825 4.316041 -1.781056
v 0.311316 4.255948 -1.780666
v 0.227651 4.211535 -1.780357
v 0.305340 4.205726 -10.631035
v 0.221675 4.161313 -10.630727
v 0.131066 4.134286 -10.630512
v 0.043074 2.895365 1.610338
v 0.043074 2.880546 -1.097948
v 0.248335 2.915582 1.610155
v 0.248335 2.900761 -1.098132
v 0.445707 2.975452 1.609612
v 0.445707 2.960632 -1.098674
v 0.627607 3.072677 1.608730
v 0.627607 3.057857 -1.099556
v 0.787043 3.203520 1.607544
v 0.787043 3.188699 -1.100742
v 0.917889 3.362952 1.606099
v 0.917889 3.348132 -1.102187
v 1.015116 3.544847 1.604450
v 1.015116 3.530027 -1.103836
v 1.074988 3.742214 1.602661
v 0.978862 3.725171 -1.138952
v 1.095205 3.947470 1.600800
v 1.095205 3.932650 -1.107486
v 1.074988 4.152725 1.598940
v 0.904557 4.137905 -1.109347
v 1.015116 4.350093 1.597150
v 1.015116 4.335273 -1.111135
v 0.917889 4.531988 1.595502
v 0.917889 4.517168 -1.112785
v 0.787043 4.691421 1.594056
v 0.787043 4.676600 -1.114230
v 0.627607 4.822263 1.592870
v 0.627607 4.807443 -1.115416
v 0.445707 4.919488 1.591989
v 0.445707 4.904668 -1.116297
v 0.248335 4.979359 1.591446
v 0.248335 4.964538 -1.116840
v 0.043074 4.999574 1.591263
v 0.043074 4.984755 -1.117023
v -0.162186 4.979359 1.591446
v -0.162186 4.964538 -1.116840
v -0.359558 4.919488 1.591989
v -0.359558 4.904668 -1.116297
v -0.541458 4.822263 1.592870
v -0.541458 4.807443 -1.115416
v -0.700894 4.691421 1.594056
v -0.700894 4.676600 -1.114230
v -0.831740 4.531988 1.595502
v -0.831740 4.517168 -1.112785
v -0.928967 4.350093 1.597150
v -0.928967 4.335273 -1.111135
v -0.988840 4.152725 1.598940
v -0.837644 4.137905 -1.109347
v -1.009056 3.947470 1.600800
v -1.009056 3.932650 -1.107486
v -0.988840 3.742214 1.602661
v -0.988840 3.727394 -1.105625
v -0.928967 3.544847 1.604450
v -0.793396 3.574006 -1.110836
v -0.831740 3.362952 1.606099
v -0.831740 3.348132 -1.102187
v -0.700894 3.203520 1.607544
v -0.700894 3.188699 -1.100742
v -0.541458 3.072677 1.608730
v -0.541458 3.057857 -1.099556
v -0.359558 2.975452 1.609612
v -0.359558 2.960632 -1.098674
v -0.162186 2.915582 1.610155
v -0.162186 2.900761 -1.098132
v 0.493391 3.051688 0.817133
v 0.493391 3.227800 2.896177
v 0.493391 3.367227 -1.060852
v 0.501363 3.677760 -1.067061
v 0.493391 2.773609 -0.942437
v -0.430468 2.773609 -0.942437
v 0.468499 2.773609 -1.467481
v 0.493391 2.094934 2.675265
v -0.430468 2.094934 2.726753
v -0.405379 3.247130 2.945719
v -0.405379 3.151767 0.819078
v -0.430468 3.367227 -0.942437
v -0.430468 4.554464 -0.942437
v -0.430468 3.070418 -0.942437
v -0.407058 3.291756 -1.883983
v -0.376620 2.773609 -1.473898
v -0.430468 4.554464 -1.884874
v 0.504000 3.291756 -1.883589
v -0.405871 5.128016 -1.895085
v 0.505187 5.128016 -1.894691
v 0.492564 3.574193 -1.887711
v 0.508415 4.550642 -1.888509
v 0.494685 5.147828 -1.886214
v 0.493391 4.554464 -1.060852
v 0.504443 4.570957 2.598440
v 0.499548 3.047652 -1.074224
v 0.510599 3.064145 2.585068
v 0.498942 5.164576 2.534461
v 0.487891 5.148083 0.927382
v 0.525685 5.166570 2.584723
v -0.469806 5.166571 2.601043
v 0.526213 3.136299 2.609075
v -0.469279 3.143379 2.623779
v -0.430468 5.148083 0.942437
v -0.473457 5.160195 2.592916
v -0.428043 5.148083 -1.884874
v -0.428852 4.950210 -1.884874
v -0.429660 4.752337 -1.884874
v -0.473457 4.566577 2.592917
v -0.461031 3.153779 2.615284
v -0.418043 3.141667 -0.920069
v 0.401087 5.148082 -10.424806
v 0.401087 5.148082 -10.424806
v 0.401087 5.148082 -10.424806
v 0.493391 4.554463 -10.424806
v 0.493391 4.554463 -10.424806
v 0.493391 4.554463 -10.424806
v -0.436171 4.554463 -10.430929
v -0.436171 4.554463 -10.430929
v -0.364037 3.960845 -10.424806
v -0.364037 3.960845 -10.424806
v 0.415708 3.960845 -10.424806
v 0.415708 3.960845 -10.424806
v 0.415708 3.960845 -10.424806
v 0.447239 4.851273 -10.424806
v 0.447239 4.851273 -10.424806
v 0.447239 4.851273 -10.424806
v 0.109123 3.979973 2.541491
v 0.108061 4.197317 2.515932
v 0.150474 4.193291 2.515374
v 0.191288 4.181063 2.514894
v 0.228935 4.161101 2.514511
v 0.261967 4.134175 2.514239
v 0.289116 4.101317 2.514090
v 0.309337 4.063791 2.514068
v 0.321854 4.023039 2.514174
v 0.326186 3.980626 2.514405
v 0.322166 3.938184 2.514752
v 0.309949 3.897343 2.515201
v 0.290004 3.859672 2.515735
v 0.263099 3.826619 2.516333
v 0.230265 3.799454 2.516973
v 0.192766 3.779222 2.517629
v 0.152043 3.766699 2.518278
v 0.109661 3.762368 2.518892
v 0.067247 3.766393 2.519451
v 0.026433 3.778622 2.519930
v -0.011214 3.798583 2.520313
v -0.044246 3.825510 2.520585
v -0.071394 3.858368 2.520735
v -0.091615 3.895894 2.520756
v -0.104133 3.936646 2.520650
v -0.108464 3.979058 2.520419
v -0.104445 4.021501 2.520072
v -0.092228 4.062342 2.519623
v -0.072283 4.100013 2.519090
v -0.045377 4.133066 2.518491
v -0.012544 4.160230 2.517852
v 0.024955 4.180462 2.517195
v 0.065678 4.192985 2.516547
v 0.023377 4.397550 2.444405
v -0.016155 4.585806 2.327837
v -0.056505 4.372986 2.445676
v 0.106513 4.406047 2.443198
v 0.104541 4.598143 2.326085
v 0.189710 4.398150 2.442103
v 0.225324 4.586679 2.324496
v 0.269770 4.374164 2.441163
v 0.341553 4.551855 2.323130
v 0.343617 4.335008 2.440411
v 0.448762 4.495010 2.322039
v 0.408412 4.282189 2.439878
v 0.542829 4.418328 2.321266
v 0.461665 4.217736 2.439585
v 0.620141 4.324757 2.320839
v 0.501331 4.144126 2.439542
v 0.677727 4.217892 2.320777
v 0.525884 4.064188 2.439751
v 0.713373 4.101840 2.321081
v 0.534381 3.980994 2.440204
v 0.725709 3.981060 2.321739
v 0.526496 3.897740 2.440884
v 0.714261 3.860195 2.322725
v 0.502532 3.817627 2.441764
v 0.679470 3.743888 2.324004
v 0.463409 3.743732 2.442811
v 0.622672 3.636611 2.325523
v 0.410631 3.678897 2.443985
v 0.546051 3.542484 2.327227
v 0.346226 3.625612 2.445240
v 0.452550 3.465126 2.329049
v 0.272670 3.585924 2.446528
v 0.345762 3.407509 2.330919
v 0.192788 3.561360 2.447800
v 0.229792 3.371847 2.332765
v 0.109652 3.552863 2.449006
v 0.109097 3.359512 2.334517
v 0.026455 3.560760 2.450100
v -0.011687 3.370976 2.336106
v -0.053605 3.584747 2.451042
v -0.127916 3.405800 2.337472
v -0.127452 3.623903 2.451793
v -0.235124 3.462645 2.338563
v -0.192247 3.676722 2.452326
v -0.329192 3.539326 2.339336
v -0.245500 3.741175 2.452619
v -0.406504 3.632897 2.339762
v -0.285166 3.814785 2.452662
v -0.464089 3.739762 2.339825
v -0.309719 3.894723 2.452453
v -0.499735 3.855814 2.339521
v -0.318216 3.977917 2.452000
v -0.512071 3.976594 2.338863
v -0.310331 4.061171 2.451320
v -0.500624 4.097459 2.337876
v -0.286367 4.141284 2.450440
v -0.465832 4.213766 2.336598
v -0.247244 4.215178 2.449393
v -0.409035 4.321043 2.335078
v -0.194466 4.280014 2.448219
v -0.332413 4.415170 2.333375
v -0.130061 4.333299 2.446964
v -0.238912 4.492528 2.331553
v -0.334914 4.631799 2.176052
v -0.132124 4.550145 2.329683
v -0.198999 4.705132 2.173672
v -0.254558 4.831989 1.983640
v -0.051398 4.750520 2.171322
v -0.080997 4.885360 1.980877
v 0.102219 4.766221 2.169092
v 0.099636 4.903822 1.978255
v 0.255946 4.751629 2.167069
v 0.280401 4.886665 1.975877
v 0.403878 4.707307 2.165331
v 0.454350 4.834548 1.973832
v 0.540329 4.634958 2.163943
v 0.614799 4.749473 1.972199
v 0.660054 4.537361 2.162959
v 0.755581 4.634711 1.971042
v 0.758454 4.418267 2.162416
v 0.871287 4.494672 1.970405
v 0.831746 4.282254 2.162337
v 0.957470 4.334737 1.970311
v 0.877115 4.134547 2.162724
v 1.010818 4.161053 1.970765
v 0.892816 3.980824 2.163561
v 1.029280 3.980293 1.971750
v 0.878246 3.826991 2.164817
v 1.012148 3.799405 1.973227
v 0.833965 3.678961 2.166444
v 0.960079 3.625341 1.975140
v 0.761675 3.542423 2.168378
v 0.875075 3.464788 1.977415
v 0.664154 3.422622 2.170547
v 0.760403 3.323917 1.979964
v 0.545150 3.324163 2.172865
v 0.620468 3.208143 1.982691
v 0.409236 3.250831 2.175245
v 0.460650 3.121913 1.985489
v 0.261634 3.205443 2.177595
v 0.287089 3.068542 1.988252
v 0.108017 3.189742 2.179824
v 0.106455 3.050080 1.990874
v -0.045711 3.204334 2.181847
v -0.074310 3.067238 1.993252
v -0.193642 3.248656 2.183586
v -0.248259 3.119355 1.995297
v -0.330093 3.321005 2.184974
v -0.408708 3.204429 1.996930
v -0.449818 3.418602 2.185958
v -0.549490 3.319191 1.998087
v -0.548218 3.537696 2.186501
v -0.665196 3.459230 1.998724
v -0.621510 3.673709 2.186580
v -0.751378 3.619165 1.998818
v -0.666879 3.821416 2.186194
v -0.804726 3.792850 1.998364
v -0.682580 3.975139 2.185357
v -0.823189 3.973609 1.997379
v -0.668010 4.128972 2.184100
v -0.806056 4.154497 1.995902
v -0.623729 4.277001 2.182474
v -0.753988 4.328562 1.993989
v -0.551439 4.413540 2.180539
v -0.668984 4.489114 1.991714
v -0.453918 4.533341 2.178371
v -0.554311 4.629984 1.989165
v -0.629735 4.701387 1.773027
v -0.414377 4.745759 1.986438
v -0.474248 4.830029 1.769998
v -0.512226 4.881371 1.535048
v -0.296667 4.925843 1.766888
v -0.323707 4.983086 1.531747
v -0.103816 4.985146 1.763818
v -0.118978 5.046042 1.528488
v 0.096893 5.005659 1.760906
v 0.094094 5.067820 1.525396
v 0.297748 4.986595 1.758262
v 0.307321 5.047581 1.522590
v 0.491030 4.928686 1.755990
v 0.512508 4.986104 1.520178
v 0.669311 4.834156 1.754176
v 0.701770 4.885752 1.518252
v 0.825740 4.706640 1.752890
v 0.867834 4.750381 1.516887
v 0.954306 4.551036 1.752182
v 1.004319 4.585194 1.516135
v 1.050067 4.373326 1.752078
v 1.105978 4.396537 1.516025
v 1.109344 4.180338 1.752583
v 1.168906 4.191663 1.516561
v 1.129858 3.979489 1.753677
v 1.190684 3.978442 1.517722
v 1.110822 3.778497 1.755318
v 1.170475 3.765071 1.519465
v 1.052966 3.585087 1.757444
v 1.109056 3.559747 1.521721
v 0.958515 3.406690 1.759971
v 1.008787 3.370363 1.524404
v 0.831098 3.250164 1.762804
v 0.873522 3.204195 1.527412
v 0.675611 3.121521 1.765834
v 0.708458 3.067629 1.530628
v 0.498030 3.025708 1.768943
v 0.519939 2.965914 1.533929
v 0.305179 2.966405 1.772013
v 0.315209 2.902958 1.537188
v 0.104470 2.945892 1.774926
v 0.102137 2.881181 1.540280
v -0.096386 2.964956 1.777569
v -0.111089 2.901420 1.543086
v -0.289668 3.022866 1.779841
v -0.316276 2.962897 1.545498
v -0.467949 3.117395 1.781655
v -0.505539 3.063248 1.547424
v -0.624378 3.244912 1.782941
v -0.671603 3.198619 1.548789
v -0.752943 3.400515 1.783649
v -0.808087 3.363807 1.549541
v -0.848704 3.578225 1.783753
v -0.909746 3.552463 1.549651
v -0.907981 3.771213 1.783248
v -0.972674 3.757338 1.549115
v -0.928495 3.972062 1.782154
v -0.994452 3.970558 1.547954
v -0.909459 4.173054 1.780513
v -0.974243 4.183929 1.546211
v -0.851603 4.366464 1.778388
v -0.912824 4.389253 1.543955
v -0.757152 4.544860 1.775860
v -0.812555 4.578638 1.541272
v -0.677290 4.744806 1.538264
v 0.255149 3.544333 -1.920225
v 0.351933 3.553866 -1.920210
v 0.255149 3.556982 -10.359310
v 0.158365 3.553866 -1.920210
v 0.065300 3.582099 -1.920168
v 0.158365 3.566514 -10.359296
v 0.065300 3.594748 -10.359254
v -0.020469 3.640596 -10.359184
v -0.095646 3.702297 -10.359093
v -0.020469 3.627947 -1.920099
v -0.095646 3.689648 -1.920007
v -0.157342 3.764832 -1.919894
v -0.203187 3.850607 -1.919766
v -0.157342 3.777480 -10.358979
v -0.203187 3.863255 -10.358851
v -0.231418 3.956327 -10.358711
v -0.240950 4.053119 -10.358566
v -0.231418 3.943679 -1.919626
v -0.240950 4.040471 -1.919481
v -0.231418 4.137262 -1.919336
v -0.203187 4.230334 -1.919196
v -0.231418 4.149911 -10.358421
v -0.203187 4.242983 -10.358281
v -0.157342 4.328758 -10.358152
v -0.095646 4.403941 -10.358040
v -0.157342 4.316110 -1.919068
v -0.095646 4.391293 -1.918955
v -0.020469 4.452994 -1.918863
v 0.065300 4.498842 -1.918794
v -0.020469 4.465642 -10.357948
v 0.065300 4.511490 -10.357879
v 0.158365 4.539723 -10.357837
v 0.255149 4.549257 -10.357822
v 0.158365 4.527075 -1.918752
v 0.255149 4.536608 -1.918737
v 0.351933 4.527075 -1.918752
v 0.444997 4.498842 -1.918794
v 0.351933 4.539723 -10.357837
v 0.444997 4.511490 -10.357879
v 0.530766 4.465642 -10.357948
v 0.605943 4.403941 -10.358040
v 0.530766 4.452994 -1.918863
v 0.605943 4.391293 -1.918955
v 0.667639 4.316110 -1.919068
v 0.713484 4.230334 -1.919196
v 0.667639 4.328758 -10.358152
v 0.713484 4.242983 -10.358281
v 0.741715 4.149911 -10.358421
v 0.751247 4.053119 -10.358566
v 0.741715 4.137262 -1.919336
v 0.751247 4.040471 -1.919481
v 0.741715 3.943679 -1.919626
v 0.713484 3.850607 -1.919766
v 0.741715 3.956327 -10.358711
v 0.713484 3.863255 -10.358851
v 0.667639 3.777480 -10.358979
v 0.605943 3.702297 -10.359093
v 0.667639 3.764832 -1.919894
v 0.605943 3.689648 -1.920007
v 0.530766 3.627947 -1.920099
v 0.444997 3.582099 -1.920168
v 0.530766 3.640596 -10.359184
v 0.444997 3.594748 -10.359254
v 0.351933 3.566514 -10.359296
v -0.117854 4.914652 3.666903
v -0.117854 4.607116 2.491901
v -0.117854 5.331159 3.557889
v 0.117854 4.914652 3.666903
v 0.117854 4.607116 2.491901
v 0.117854 5.331159 3.557889
v 0.117854 5.023623 2.382888
v -0.117854 5.023623 2.382888
v -0.019880 3.904474 0.957882
v 0.185368 3.799294 0.971720
v -0.225346 3.800926 0.978922
v -0.010650 3.995167 1.463662
v 0.194351 3.887556 1.463947
v -0.216363 3.889188 1.471150
v -0.001648 4.017664 1.971926
v 0.203112 3.909451 1.958593
v -0.207602 3.911083 1.965795
v 0.006973 3.971582 2.473974
v 0.211502 3.864603 2.447188
v -0.199212 3.866235 2.454391
v 0.015065 3.857707 2.961218
v 0.219377 3.753779 2.921377
v -0.191337 3.755411 2.928579
v 0.022490 3.677989 3.425322
v 0.226603 3.578877 3.373045
v -0.184111 3.580509 3.380247
v 0.029120 3.435503 3.858341
v 0.233055 3.342889 3.794461
v -0.177659 3.344521 3.801663
v 0.034842 3.134397 4.252870
v 0.238624 3.049851 4.178419
v -0.172090 3.051483 4.185621
v 0.039559 2.779826 4.602155
v 0.243214 2.704781 4.518345
v -0.167500 2.706412 4.525548
v 0.043189 2.377852 4.900223
v 0.246747 2.313578 4.808427
v -0.163967 2.315211 4.815629
v 0.045670 1.935358 5.141972
v 0.249161 1.882940 5.043697
v -0.161553 1.884572 5.050900
v 0.046960 1.459911 5.323266
v 0.250417 1.420232 5.220134
v -0.160297 1.421864 5.227337
v 0.047037 0.959647 5.441004
v 0.250492 0.933373 5.334717
v -0.160222 0.935005 5.341919
v 0.045899 0.443128 5.493169
v 0.249385 0.430695 5.385485
v -0.161329 0.432326 5.392687
v 0.043567 -0.080809 5.478871
v 0.247115 -0.079204 5.371570
v -0.163599 -0.077572 5.378772
v 0.040079 -0.603202 5.398354
v 0.243721 -0.587600 5.293210
v -0.166993 -0.585967 5.300412
v -0.322012 -0.540515 5.025628
v -0.383439 -0.479022 4.647630
v -0.318873 -0.070361 5.098094
v -0.380649 -0.061107 4.712044
v -0.316774 0.401183 5.110961
v -0.378783 0.358042 4.723482
v -0.315750 0.866049 5.064013
v -0.377873 0.771257 4.681749
v -0.315819 1.316287 4.958048
v -0.377935 1.171468 4.587560
v -0.316980 1.744189 4.794884
v -0.378967 1.551826 4.442524
v -0.319213 2.142435 4.577311
v -0.380952 1.905822 4.249125
v -0.322480 2.504210 4.309049
v -0.383856 2.227401 4.010670
v -0.326725 2.823325 3.994692
v -0.387629 2.511058 3.731242
v -0.331875 3.094320 3.639616
v -0.392206 2.751942 3.415619
v -0.337842 3.312557 3.249899
v -0.397510 2.945930 3.069204
v -0.344524 3.474304 2.832206
v -0.403450 3.089705 2.697921
v -0.351807 3.576790 2.393686
v -0.409924 3.180805 2.308125
v -0.359566 3.618265 1.941843
v -0.416821 3.217671 1.906487
v -0.367668 3.598017 1.484405
v -0.424023 3.199673 1.499876
v -0.375975 3.516394 1.029203
v -0.431407 3.127119 1.095252
v -0.376788 2.737407 1.159371
v -0.226753 2.451681 1.204379
v -0.370327 2.800892 1.513417
v -0.220968 2.508526 1.521400
v -0.364025 2.816640 1.869202
v -0.215325 2.522627 1.839977
v -0.357990 2.784382 2.220635
v -0.209922 2.493743 2.154658
v -0.352326 2.704670 2.561707
v -0.204850 2.422367 2.460061
v -0.347129 2.578867 2.886579
v -0.200196 2.309721 2.750958
v -0.342487 2.409127 3.189692
v -0.196040 2.157732 3.022372
v -0.338482 2.198353 3.465862
v -0.192454 1.969000 3.269661
v -0.335180 1.950153 3.710362
v -0.189497 1.746757 3.488591
v -0.332640 1.668772 3.919010
v -0.187222 1.494802 3.675418
v -0.330903 1.359025 4.088234
v -0.185667 1.217448 3.826945
v -0.330000 1.026212 4.215140
v -0.184858 0.919441 3.940580
v -0.329946 0.676028 4.297556
v -0.184810 0.605877 4.014377
v -0.330742 0.314465 4.334072
v -0.185523 0.282126 4.047075
v -0.332375 -0.052291 4.324064
v -0.186985 -0.046275 4.038113
v -0.334816 -0.417967 4.267701
v -0.189171 -0.373708 3.987644
v 0.014470 -0.358106 3.882500
v 0.221543 -0.375341 3.980442
v 0.016563 -0.044670 3.930811
v 0.223729 -0.047907 4.030910
v 0.017962 0.269692 3.939389
v 0.225191 0.280494 4.039872
v 0.018645 0.579603 3.908090
v 0.225904 0.604245 4.007175
v 0.018599 0.879762 3.837448
v 0.225856 0.917808 3.933378
v 0.017825 1.165030 3.728671
v 0.225047 1.215816 3.819743
v 0.016336 1.430526 3.583622
v 0.223492 1.493170 3.668216
v 0.014158 1.671711 3.404781
v 0.221217 1.745125 3.481389
v 0.011328 1.884454 3.195210
v 0.218260 1.967368 3.262458
v 0.007895 2.065117 2.958492
v 0.214674 2.156100 3.015170
v 0.003917 2.210608 2.698681
v 0.210518 2.308088 2.743756
v -0.000538 2.318439 2.420219
v 0.205864 2.420735 2.452858
v -0.005393 2.386764 2.127872
v 0.200792 2.492111 2.147455
v -0.010566 2.414414 1.826644
v 0.195389 2.520996 1.832775
v -0.015967 2.400916 1.521685
v 0.189746 2.506894 1.514197
v -0.021505 2.346500 1.218217
v 0.183961 2.450049 1.197177
v 0.334590 2.734581 1.146896
v 0.390021 3.123855 1.080847
v 0.341051 2.798065 1.500942
v 0.397405 3.196409 1.485471
v 0.347353 2.813813 1.856727
v 0.404607 3.214407 1.892083
v 0.353387 2.781555 2.208160
v 0.411504 3.177541 2.293721
v 0.359052 2.701843 2.549232
v 0.417978 3.086441 2.683517
v 0.364249 2.576040 2.874104
v 0.423917 2.942667 3.054800
v 0.368890 2.406300 3.177217
v 0.429222 2.748678 3.401214
v 0.372896 2.195527 3.453387
v 0.433799 2.507794 3.716837
v 0.376197 1.947326 3.697887
v 0.437572 2.224136 3.996265
v 0.378738 1.665945 3.906535
v 0.440476 1.902558 4.234720
v 0.380475 1.356199 4.075759
v 0.442461 1.548562 4.428119
v 0.381378 1.023386 4.202665
v 0.443493 1.168205 4.573154
v 0.381432 0.673201 4.285081
v 0.443555 0.767993 4.667345
v 0.380635 0.311638 4.321598
v 0.442645 0.354779 4.709077
v 0.379003 -0.055118 4.311589
v 0.440779 -0.064371 4.697639
v 0.376561 -0.420794 4.255227
v 0.437989 -0.482286 4.633225
v 0.389366 -0.543341 5.013153
v 0.392504 -0.073188 5.085619
v 0.394604 0.398356 5.098487
v 0.395628 0.863223 5.051538
v 0.395558 1.313461 4.945574
v 0.394397 1.741363 4.782409
v 0.392164 2.139608 4.564836
v 0.388897 2.501384 4.296574
v 0.384653 2.820498 3.982217
v 0.379503 3.091494 3.627141
v 0.373535 3.309730 3.237424
v 0.366853 3.471477 2.819731
v 0.359571 3.573964 2.381211
v 0.351812 3.615438 1.929368
v 0.343709 3.595191 1.471930
v 0.335402 3.513567 1.016728
v 0.023982 3.462236 1.493157
v -0.101638 3.431147 1.493157
v 0.023777 3.451544 1.336193
v 0.148316 3.426351 1.493157
v 0.023777 3.451544 1.650120
v 0.023165 3.419652 1.804398
v -0.101837 3.420742 1.645914
v 0.148117 3.415945 1.645914
v 0.237866 3.323483 1.634424
v 0.147521 3.384907 1.796058
v 0.237315 3.294779 1.773274
v 0.146540 3.333766 1.941020
v 0.236407 3.247485 1.907332
v 0.145190 3.263399 2.078318
v 0.022157 3.367103 1.953351
v 0.020769 3.294799 2.094429
v -0.103414 3.338563 1.941020
v -0.104764 3.268196 2.078318
v -0.196526 3.255793 1.907332
v -0.102433 3.389703 1.796058
v -0.195618 3.303087 1.773274
v -0.231422 3.183011 1.742150
v -0.195067 3.331790 1.634424
v -0.230933 3.208525 1.618728
v -0.194883 3.341413 1.493157
v -0.195067 3.331790 1.351890
v -0.230768 3.217079 1.493157
v -0.230933 3.208525 1.367586
v -0.199679 3.091459 1.493157
v -0.199823 3.083975 1.383282
v -0.109945 2.998214 1.493157
v -0.199823 3.083975 1.603031
v -0.200251 3.061650 1.711025
v -0.110074 2.991512 1.591541
v -0.110457 2.971522 1.688241
v 0.014266 2.955913 1.587335
v 0.013899 2.936777 1.679901
v 0.139880 2.986716 1.591541
v 0.014389 2.962328 1.493157
v 0.014266 2.955913 1.398979
v 0.140009 2.993418 1.493157
v 0.139880 2.986716 1.394773
v 0.233254 3.083151 1.493157
v 0.233110 3.075667 1.383282
v 0.269140 3.207486 1.493157
v 0.233110 3.075667 1.603031
v 0.232682 3.053342 1.711025
v 0.268976 3.198932 1.618728
v 0.268486 3.173418 1.742150
v 0.267679 3.131379 1.861312
v 0.231976 3.016558 1.815293
v 0.266569 3.073536 1.974175
v 0.231005 2.965945 1.914048
v 0.265175 3.000877 2.078807
v 0.235159 3.182412 2.034302
v 0.233590 3.100671 2.152013
v 0.231729 3.003661 2.258452
v 0.143493 3.175010 2.205604
v 0.141480 3.070109 2.320701
v 0.019026 3.203976 2.225219
v 0.016958 3.096187 2.343484
v -0.106461 3.179806 2.205604
v -0.108474 3.074906 2.320701
v -0.199343 3.108978 2.152013
v -0.201204 3.011968 2.258452
v -0.234733 3.010470 2.078807
v -0.197774 3.190719 2.034302
v -0.233339 3.083128 1.974175
v -0.201928 2.974253 1.914048
v -0.232229 3.140972 1.861312
v -0.200957 3.024866 1.815293
v -0.111089 2.938585 1.781604
v -0.111959 2.893265 1.870031
v 0.013294 2.905248 1.769273
v 0.012461 2.861866 1.853920
v 0.138865 2.933788 1.781604
v 0.137995 2.888469 1.870031
v 0.139497 2.966725 1.688241
v 0.136903 2.831541 1.952010
v 0.011416 2.807372 1.932394
v 0.135606 2.763979 2.026138
v 0.229785 2.902369 2.005600
v 0.228337 2.826917 2.088386
v 0.226686 2.740880 2.160987
v 0.263520 2.914646 2.173419
v 0.261633 2.816319 2.256391
v 0.259547 2.707578 2.326304
v 0.229606 2.893043 2.351795
v 0.227258 2.770709 2.430448
v 0.139185 2.950494 2.421637
v 0.136647 2.818209 2.506686
v 0.014599 2.973278 2.447200
v 0.011991 2.837351 2.534591
v -0.110769 2.955290 2.421637
v -0.113307 2.823006 2.506686
v -0.203327 2.901350 2.351795
v -0.205675 2.779016 2.430448
v -0.238275 2.825912 2.256391
v -0.240361 2.717170 2.326304
v -0.206247 2.749188 2.160987
v -0.236388 2.924239 2.173419
v -0.204596 2.835224 2.088386
v -0.114348 2.768776 2.026138
v -0.203148 2.910676 2.005600
v -0.113051 2.836337 1.952010
v -0.115826 2.691737 2.091146
v 0.010175 2.742699 2.003354
v 0.008760 2.668953 2.065582
v 0.007195 2.587397 2.118017
v 0.134128 2.686941 2.091146
v 0.132493 2.601743 2.145923
v 0.130729 2.509843 2.189530
v 0.224860 2.645732 2.222161
v 0.222891 2.543099 2.270861
v 0.220811 2.434737 2.306255
v 0.257296 2.590283 2.381962
v 0.254920 2.466441 2.422412
v 0.224726 2.638752 2.493062
v 0.222053 2.499430 2.538569
v 0.133909 2.675519 2.574394
v 0.131018 2.524865 2.623601
v 0.009178 2.690733 2.604163
v 0.006207 2.535930 2.654726
v -0.116045 2.680316 2.574394
v -0.118936 2.529661 2.623601
v -0.208207 2.647060 2.493062
v -0.210880 2.507737 2.538569
v -0.242612 2.599876 2.381962
v -0.244988 2.476034 2.422412
v -0.210042 2.551407 2.270861
v -0.212122 2.443045 2.306255
v -0.119225 2.514639 2.189530
v -0.208073 2.654039 2.222161
v -0.117461 2.606539 2.145923
v -0.121086 2.417610 2.221222
v 0.005507 2.499426 2.159760
v 0.003724 2.406544 2.190098
v 0.001878 2.310343 2.208511
v 0.128868 2.412813 2.221222
v 0.126939 2.312315 2.240457
v 0.124977 2.210068 2.246906
v 0.218658 2.322502 2.327736
v 0.216467 2.208313 2.334938
v 0.252458 2.338172 2.446962
v 0.249954 2.207670 2.455193
v 0.219284 2.355127 2.566188
v 0.216467 2.208313 2.575447
v 0.128023 2.368824 2.653467
v 0.124977 2.210068 2.663479
v 0.003130 2.375594 2.685413
v 0.000000 2.212466 2.695702
v -0.121931 2.373621 2.653467
v -0.124977 2.214864 2.663479
v -0.213649 2.363435 2.566188
v -0.216467 2.216620 2.575447
v -0.247450 2.347764 2.446962
v -0.249954 2.217263 2.455193
v -0.214275 2.330809 2.327736
v -0.216467 2.216620 2.334938
v -0.123015 2.317112 2.240457
v -0.124977 2.214864 2.246906
v -0.126939 2.112617 2.240457
v 0.000000 2.212466 2.214684
v -0.001878 2.114589 2.208511
v -0.003724 2.018387 2.190098
v 0.123015 2.107820 2.240457
v 0.121086 2.007322 2.221222
v 0.214275 2.094122 2.327736
v 0.212122 1.981887 2.306255
v 0.247450 2.077167 2.446962
v 0.244988 1.948898 2.422412
v 0.213649 2.061497 2.566188
v 0.210880 1.917194 2.538569
v 0.121931 2.051311 2.653467
v 0.118936 1.895270 2.623601
v -0.003130 2.049338 2.685413
v -0.006207 1.889002 2.654726
v -0.128023 2.056107 2.653467
v -0.131018 1.900067 2.623601
v -0.219284 2.069804 2.566188
v -0.222053 1.925502 2.538569
v -0.252458 2.086760 2.446962
v -0.254920 1.958491 2.422412
v -0.218658 2.102430 2.327736
v -0.220811 1.990195 2.306255
v -0.222891 1.881834 2.270861
v -0.128868 2.012118 2.221222
v -0.130729 1.915089 2.189530
v -0.132493 1.823190 2.145923
v -0.005507 1.925506 2.159760
v -0.007195 1.837535 2.118017
v 0.119225 1.910293 2.189530
v 0.117461 1.818393 2.145923
v 0.210042 1.873526 2.270861
v 0.208073 1.770893 2.222161
v 0.242612 1.825057 2.381962
v 0.240361 1.707762 2.326304
v 0.208207 1.777873 2.493062
v 0.205675 1.645916 2.430448
v 0.116045 1.744617 2.574394
v 0.113307 1.601927 2.506686
v -0.009178 1.734200 2.604163
v -0.011991 1.587581 2.534591
v -0.133909 1.749413 2.574394
v -0.136647 1.606723 2.506686
v -0.224726 1.786180 2.493062
v -0.227258 1.654224 2.430448
v -0.257296 1.834650 2.381962
v -0.259547 1.717355 2.326304
v -0.261633 1.608613 2.256391
v -0.224860 1.779201 2.222161
v -0.226686 1.684052 2.160986
v -0.228337 1.598015 2.088386
v -0.134128 1.737991 2.091146
v -0.135606 1.660953 2.026138
v -0.008760 1.755979 2.065582
v -0.010175 1.682234 2.003353
v 0.115826 1.733195 2.091146
v 0.114348 1.656156 2.026138
v 0.206247 1.675744 2.160986
v 0.204596 1.589708 2.088386
v 0.238274 1.599020 2.256391
v 0.236388 1.500693 2.173419
v 0.203327 1.523582 2.351795
v 0.201204 1.412963 2.258451
v 0.110769 1.469641 2.421636
v 0.108474 1.350026 2.320700
v -0.014599 1.451654 2.447199
v -0.016958 1.328745 2.343484
v -0.139185 1.474438 2.421636
v -0.141480 1.354822 2.320700
v -0.229606 1.531889 2.351795
v -0.231729 1.421271 2.258451
v -0.233590 1.324262 2.152013
v -0.263520 1.510286 2.173419
v -0.265175 1.424055 2.078807
v -0.266569 1.351397 1.974174
v -0.229785 1.522563 2.005601
v -0.231005 1.458987 1.914047
v -0.136903 1.593391 1.952010
v -0.137995 1.536464 1.870031
v -0.011416 1.617561 1.932395
v -0.012461 1.563066 1.853920
v 0.113051 1.588595 1.952010
v 0.111959 1.531667 1.870031
v 0.203148 1.514256 2.005601
v 0.201928 1.450680 1.914047
v 0.234733 1.414463 2.078807
v 0.233339 1.341804 1.974174
v 0.199343 1.315954 2.152013
v 0.197774 1.234213 2.034302
v 0.106461 1.245126 2.205604
v 0.104764 1.156736 2.078318
v -0.019026 1.220957 2.225220
v -0.020769 1.130133 2.094429
v -0.143493 1.249923 2.205604
v -0.145190 1.161533 2.078318
v -0.146540 1.091166 1.941019
v -0.235159 1.242521 2.034302
v -0.236407 1.177446 1.907331
v -0.237315 1.130153 1.773274
v -0.267679 1.293553 1.861312
v -0.268486 1.251514 1.742150
v -0.231976 1.408374 1.815292
v -0.232682 1.371590 1.711026
v -0.138865 1.491144 1.781604
v -0.139497 1.458207 1.688241
v -0.013294 1.519684 1.769273
v -0.013899 1.488155 1.679902
v 0.111089 1.486347 1.781604
v 0.110457 1.453410 1.688241
v 0.200957 1.400066 1.815292
v 0.200251 1.363283 1.711026
v 0.232229 1.283960 1.861312
v 0.231422 1.241921 1.742150
v 0.196526 1.169139 1.907331
v 0.195618 1.121845 1.773274
v 0.103414 1.086369 1.941019
v 0.102433 1.035229 1.796058
v -0.022157 1.057829 1.953350
v -0.023165 1.005281 1.804398
v -0.023777 0.973388 1.650120
v -0.147521 1.040026 1.796058
v -0.148117 1.008987 1.645915
v -0.148316 0.998582 1.493157
v -0.237866 1.101450 1.634424
v -0.238050 1.091827 1.493157
v -0.268976 1.226000 1.618728
v -0.269140 1.217447 1.493157
v -0.233110 1.349266 1.603031
v -0.233254 1.341781 1.493157
v -0.139880 1.438217 1.591541
v -0.140009 1.431515 1.493157
v -0.014266 1.469019 1.587335
v -0.014389 1.462604 1.493157
v 0.110074 1.433420 1.591541
v 0.109945 1.426719 1.493157
v 0.199823 1.340958 1.603031
v 0.199679 1.333473 1.493157
v 0.230933 1.216407 1.618728
v 0.230768 1.207854 1.493157
v 0.195067 1.093142 1.634424
v 0.194883 1.083519 1.493157
v 0.101837 1.004191 1.645915
v 0.101638 0.993785 1.493157
v 0.101837 1.004191 1.340399
v -0.023982 0.962696 1.493157
v -0.023777 0.973388 1.336193
v -0.023165 1.005281 1.181916
v -0.148117 1.008987 1.340399
v -0.147521 1.040026 1.190255
v -0.237866 1.101450 1.351889
v -0.237315 1.130153 1.213040
v -0.268976 1.226000 1.367586
v -0.268486 1.251514 1.244164
v -0.233110 1.349266 1.383282
v -0.232682 1.371590 1.275288
v -0.139880 1.438217 1.394773
v -0.139497 1.458207 1.298072
v -0.014266 1.469019 1.398978
v -0.013899 1.488155 1.306412
v 0.110074 1.433420 1.394773
v 0.110457 1.453410 1.298072
v 0.199823 1.340958 1.383282
v 0.200251 1.363283 1.275288
v 0.230933 1.216407 1.367586
v 0.231422 1.241921 1.244164
v 0.195067 1.093142 1.351889
v 0.195618 1.121845 1.213040
v 0.196526 1.169139 1.078982
v 0.102433 1.035229 1.190255
v 0.103414 1.086369 1.045294
v 0.104764 1.156737 0.907995
v -0.022157 1.057830 1.032963
v -0.020769 1.130134 0.891884
v -0.146540 1.091166 1.045294
v -0.145190 1.161533 0.907995
v -0.236407 1.177447 1.078982
v -0.235159 1.242521 0.952011
v -0.267679 1.293553 1.125002
v -0.266569 1.351397 1.012139
v -0.231976 1.408374 1.171021
v -0.231005 1.458987 1.072266
v -0.138865 1.491144 1.204710
v -0.137995 1.536464 1.116282
v -0.013294 1.519684 1.217040
v -0.012461 1.563067 1.132393
v 0.111089 1.486348 1.204710
v 0.111959 1.531667 1.116282
v 0.200957 1.400067 1.171021
v 0.201928 1.450680 1.072266
v 0.232229 1.283960 1.125002
v 0.233339 1.341804 1.012139
v 0.234733 1.414463 0.907506
v 0.197774 1.234213 0.952011
v 0.199343 1.315954 0.834300
v 0.201204 1.412963 0.727862
v 0.106461 1.245126 0.780710
v 0.108474 1.350026 0.665614
v -0.019026 1.220957 0.761094
v -0.016958 1.328745 0.642830
v -0.143493 1.249923 0.780710
v -0.141480 1.354822 0.665614
v -0.233590 1.324262 0.834300
v -0.231729 1.421271 0.727862
v -0.265175 1.424055 0.907506
v -0.263520 1.510286 0.812895
v -0.229785 1.522563 0.980713
v -0.228337 1.598015 0.897928
v -0.136903 1.593391 1.034303
v -0.135606 1.660953 0.960176
v -0.011416 1.617561 1.053919
v -0.010175 1.682234 0.982960
v 0.113051 1.588595 1.034303
v 0.114348 1.656156 0.960176
v 0.203148 1.514256 0.980713
v 0.204596 1.589708 0.897928
v 0.206247 1.675744 0.825327
v 0.236388 1.500693 0.812895
v 0.238275 1.599020 0.729923
v 0.240361 1.707762 0.660009
v 0.203327 1.523582 0.634518
v 0.205675 1.645916 0.555866
v 0.110769 1.469642 0.564677
v 0.113307 1.601927 0.479628
v -0.014599 1.451654 0.539114
v -0.011991 1.587581 0.451722
v -0.139185 1.474438 0.564677
v -0.136647 1.606723 0.479628
v -0.229606 1.531889 0.634518
v -0.227258 1.654224 0.555866
v -0.261633 1.608613 0.729923
v -0.259547 1.717355 0.660009
v -0.226686 1.684052 0.825327
v -0.224860 1.779201 0.764153
v -0.134128 1.737992 0.895168
v -0.132493 1.823190 0.840391
v -0.008760 1.755979 0.920731
v -0.007195 1.837535 0.868296
v 0.115826 1.733195 0.895168
v 0.117461 1.818393 0.840391
v 0.119225 1.910293 0.796784
v 0.208073 1.770893 0.764153
v 0.210042 1.873526 0.715452
v 0.212122 1.981888 0.680058
v 0.242612 1.825057 0.604352
v 0.244988 1.948899 0.563902
v 0.208207 1.777873 0.493251
v 0.210880 1.917195 0.447745
v 0.116045 1.744617 0.411920
v 0.118936 1.895271 0.362712
v -0.009178 1.734200 0.382150
v -0.006207 1.889002 0.331588
v -0.133909 1.749413 0.411920
v -0.131018 1.900067 0.362712
v -0.224726 1.786180 0.493251
v -0.222053 1.925502 0.447745
v -0.257296 1.834650 0.604352
v -0.254920 1.958491 0.563902
v -0.222891 1.881834 0.715452
v -0.220811 1.990195 0.680058
v -0.130729 1.915089 0.796784
v -0.128868 2.012119 0.765091
v -0.005507 1.925506 0.826553
v -0.003724 2.018388 0.796215
v -0.001878 2.114589 0.777803
v 0.121086 2.007322 0.765091
v 0.123015 2.107820 0.745856
v 0.124977 2.210068 0.739408
v 0.214275 2.094123 0.658577
v 0.216467 2.208313 0.651375
v 0.247450 2.077168 0.539351
v 0.249954 2.207670 0.531121
v 0.213649 2.061497 0.420126
v 0.216467 2.208313 0.410867
v 0.121931 2.051311 0.332847
v 0.124977 2.210068 0.322834
v -0.003130 2.049338 0.300900
v 0.000000 2.212466 0.290612
v -0.128023 2.056108 0.332847
v -0.124977 2.214864 0.322834
v -0.219284 2.069805 0.420126
v -0.216467 2.216620 0.410867
v -0.252458 2.086760 0.539351
v -0.249954 2.217263 0.531121
v -0.218658 2.102430 0.658577
v -0.216467 2.216620 0.651375
v -0.126939 2.112617 0.745856
v -0.124977 2.214864 0.739408
v -0.123015 2.317112 0.745856
v 0.000000 2.212466 0.771630
v 0.001878 2.310343 0.777803
v 0.003724 2.406545 0.796215
v 0.126939 2.312315 0.745856
v 0.128868 2.412814 0.765091
v 0.218658 2.322502 0.658577
v 0.220811 2.434737 0.680059
v 0.252458 2.338172 0.539351
v 0.254920 2.466441 0.563902
v 0.219284 2.355127 0.420126
v 0.222053 2.499430 0.447745
v 0.128023 2.368824 0.332846
v 0.131018 2.524865 0.362712
v 0.003130 2.375594 0.300900
v 0.006207 2.535930 0.331588
v -0.121931 2.373621 0.332846
v -0.118936 2.529662 0.362712
v -0.213649 2.363435 0.420126
v -0.210880 2.507738 0.447745
v -0.247450 2.347764 0.539351
v -0.244988 2.476034 0.563902
v -0.214275 2.330809 0.658577
v -0.212122 2.443045 0.680059
v -0.210042 2.551407 0.715452
v -0.121086 2.417610 0.765091
v -0.119225 2.514639 0.796784
v -0.117461 2.606539 0.840391
v 0.005507 2.499426 0.826553
v 0.007195 2.587397 0.868296
v 0.130729 2.509843 0.796784
v 0.132493 2.601743 0.840391
v 0.222891 2.543099 0.715452
v 0.224860 2.645732 0.764153
v 0.257296 2.590283 0.604352
v 0.259547 2.707578 0.660009
v 0.224726 2.638752 0.493251
v 0.227258 2.770709 0.555866
v 0.133909 2.675519 0.411920
v 0.136647 2.818209 0.479628
v 0.009178 2.690733 0.382150
v 0.011991 2.837351 0.451723
v -0.116045 2.680316 0.411920
v -0.113307 2.823006 0.479628
v -0.208207 2.647060 0.493251
v -0.205675 2.779016 0.555866
v -0.242612 2.599876 0.604352
v -0.240361 2.717170 0.660009
v -0.238275 2.825912 0.729923
v -0.208073 2.654039 0.764153
v -0.206247 2.749188 0.825327
v -0.204596 2.835225 0.897928
v -0.115826 2.691737 0.895168
v -0.114348 2.768776 0.960176
v 0.008760 2.668953 0.920731
v 0.010175 2.742699 0.982960
v 0.134128 2.686941 0.895168
v 0.135606 2.763980 0.960176
v 0.226686 2.740881 0.825327
v 0.228337 2.826917 0.897928
v 0.261633 2.816319 0.729923
v 0.263520 2.914646 0.812895
v 0.229606 2.893043 0.634518
v 0.231729 3.003661 0.727862
v 0.139185 2.950494 0.564678
v 0.141480 3.070110 0.665614
v 0.014599 2.973278 0.539114
v 0.016958 3.096187 0.642829
v -0.110769 2.955290 0.564678
v -0.108474 3.074906 0.665614
v -0.203327 2.901351 0.634518
v -0.201204 3.011969 0.727862
v -0.199343 3.108978 0.834300
v -0.236388 2.924239 0.812895
v -0.234733 3.010470 0.907507
v -0.233339 3.083128 1.012139
v -0.203148 2.910676 0.980713
v -0.201928 2.974253 1.072266
v -0.113051 2.836337 1.034304
v -0.111959 2.893265 1.116282
v 0.011416 2.807372 1.053919
v 0.012461 2.861866 1.132393
v 0.136903 2.831541 1.034304
v 0.137995 2.888469 1.116282
v 0.229785 2.902369 0.980713
v 0.231005 2.965945 1.072266
v 0.265175 3.000877 0.907507
v 0.266569 3.073536 1.012139
v 0.233590 3.100671 0.834300
v 0.235159 3.182412 0.952012
v 0.143493 3.175010 0.780710
v 0.145190 3.263399 0.907995
v 0.019026 3.203976 0.761094
v 0.020769 3.294799 0.891884
v -0.106461 3.179806 0.780710
v -0.104764 3.268196 0.907995
v -0.103414 3.338563 1.045294
v -0.197774 3.190719 0.952012
v -0.196526 3.255793 1.078982
v -0.195618 3.303087 1.213040
v -0.232229 3.140972 1.125002
v -0.231422 3.183011 1.244164
v -0.200957 3.024866 1.171021
v -0.200251 3.061650 1.275288
v -0.111089 2.938585 1.204710
v -0.110457 2.971522 1.298072
v 0.013294 2.905248 1.217041
v 0.013899 2.936777 1.306412
v 0.138865 2.933789 1.204710
v 0.139497 2.966725 1.298072
v 0.231976 3.016558 1.171021
v 0.232682 3.053342 1.275288
v 0.267679 3.131379 1.125002
v 0.268486 3.173418 1.244164
v 0.236407 3.247486 1.078982
v 0.237315 3.294779 1.213040
v 0.146540 3.333767 1.045294
v 0.147521 3.384907 1.190255
v 0.022157 3.367103 1.032963
v 0.023165 3.419651 1.181915
v -0.102433 3.389703 1.190255
v -0.101837 3.420742 1.340399
v 0.148117 3.415945 1.340399
v 0.237866 3.323483 1.351890
v 0.268976 3.198932 1.367586
v 0.238050 3.333105 1.493157
v -0.110074 2.991512 1.394773
v 0.104268 2.364707 1.819318
v 0.131855 2.364667 1.802267
v 0.077949 2.363985 1.800383
v 0.105271 2.277301 1.822278
v 0.132831 2.279603 1.805148
v 0.078924 2.278920 1.803265
v 0.106661 2.191146 1.813699
v 0.134183 2.195756 1.796798
v 0.080277 2.195074 1.794915
v 0.108414 2.107718 1.793726
v 0.135890 2.114563 1.777361
v 0.081984 2.113881 1.775477
v 0.110501 2.028442 1.762701
v 0.137921 2.037412 1.747167
v 0.084015 2.036729 1.745284
v 0.112886 1.954676 1.721156
v 0.140242 1.965623 1.706735
v 0.086336 1.964941 1.704852
v 0.115528 1.887683 1.669801
v 0.142813 1.900424 1.656757
v 0.088907 1.899742 1.654873
v 0.118382 1.828608 1.609515
v 0.145590 1.842932 1.598086
v 0.091684 1.842250 1.596202
v 0.121398 1.778462 1.541330
v 0.148526 1.794129 1.531727
v 0.094620 1.793447 1.529844
v 0.124527 1.738102 1.466411
v 0.151570 1.754852 1.458816
v 0.097664 1.754170 1.456932
v 0.127712 1.708221 1.386041
v 0.154671 1.725771 1.380599
v 0.100765 1.725089 1.378716
v 0.130902 1.689329 1.301595
v 0.157775 1.707385 1.298416
v 0.103869 1.706703 1.296533
v 0.134040 1.681749 1.214518
v 0.160829 1.700008 1.213673
v 0.106922 1.699326 1.211789
v 0.137073 1.685610 1.126300
v 0.163780 1.703766 1.127819
v 0.109874 1.703084 1.125935
v 0.139949 1.700848 1.038451
v 0.166580 1.718595 1.042323
v 0.112674 1.717913 1.040440
v 0.142620 1.727200 0.952472
v 0.169178 1.744242 0.958648
v 0.115272 1.743559 0.956765
v 0.094464 1.788936 0.970377
v 0.085771 1.851171 0.989659
v 0.092061 1.765218 1.047757
v 0.083635 1.830089 1.058442
v 0.089472 1.751505 1.126822
v 0.081334 1.817899 1.128722
v 0.086743 1.748029 1.206218
v 0.078907 1.814809 1.199296
v 0.083918 1.754852 1.284587
v 0.076397 1.820873 1.268958
v 0.081048 1.771855 1.360588
v 0.073845 1.835988 1.336514
v 0.078181 1.798748 1.432921
v 0.071297 1.859893 1.400810
v 0.075365 1.835071 1.500348
v 0.068794 1.892180 1.460745
v 0.072650 1.880203 1.561715
v 0.066381 1.932297 1.515294
v 0.070082 1.933370 1.615973
v 0.064098 1.979557 1.563523
v 0.067704 1.993665 1.662192
v 0.061984 2.033152 1.604607
v 0.065558 2.060053 1.699583
v 0.060077 2.092164 1.637843
v 0.063680 2.131402 1.727505
v 0.058407 2.155585 1.662662
v 0.062102 2.206487 1.745480
v 0.057004 2.222327 1.678641
v 0.060851 2.284027 1.753202
v 0.055892 2.291251 1.685504
v 0.059948 2.362692 1.750537
v 0.055090 2.361176 1.683136
v 0.064676 2.359843 1.616239
v 0.086138 2.359050 1.567771
v 0.065378 2.298659 1.618311
v 0.086766 2.304265 1.569627
v 0.066351 2.238350 1.612306
v 0.087637 2.250263 1.564249
v 0.067578 2.179950 1.598324
v 0.088736 2.197970 1.551731
v 0.069039 2.124458 1.576607
v 0.090045 2.148281 1.532285
v 0.070709 2.072822 1.547526
v 0.091539 2.102045 1.506244
v 0.072558 2.025926 1.511577
v 0.093195 2.060054 1.474055
v 0.074556 1.984573 1.469377
v 0.094984 2.023026 1.436268
v 0.076667 1.949471 1.421647
v 0.096875 1.991594 1.393530
v 0.078857 1.921220 1.369204
v 0.098835 1.966298 1.346571
v 0.081087 1.900303 1.312945
v 0.100832 1.947568 1.296196
v 0.083320 1.887078 1.253833
v 0.102831 1.935726 1.243266
v 0.085516 1.881772 1.192879
v 0.104798 1.930975 1.188686
v 0.087639 1.884475 1.131127
v 0.106699 1.933396 1.133392
v 0.089653 1.895141 1.069632
v 0.108502 1.942946 1.078328
v 0.091522 1.913588 1.009447
v 0.110176 1.959464 1.024437
v 0.136735 1.976505 1.030613
v 0.164082 1.960146 1.026320
v 0.135133 1.960694 1.082200
v 0.162408 1.943629 1.080211
v 0.133407 1.951551 1.134910
v 0.160606 1.934078 1.135275
v 0.131587 1.949234 1.187841
v 0.158704 1.931657 1.190569
v 0.129704 1.953783 1.240087
v 0.156738 1.936409 1.245149
v 0.127791 1.965118 1.290755
v 0.154738 1.948250 1.298079
v 0.125879 1.983047 1.338976
v 0.152742 1.966980 1.348454
v 0.124002 2.007262 1.383928
v 0.150781 1.992277 1.395413
v 0.122192 2.037350 1.424839
v 0.148890 2.023708 1.438152
v 0.120480 2.072795 1.461011
v 0.147101 2.060736 1.475939
v 0.118895 2.112991 1.491824
v 0.145445 2.102727 1.508128
v 0.117464 2.157250 1.516751
v 0.143951 2.148963 1.534168
v 0.116212 2.204816 1.535365
v 0.142642 2.198653 1.553614
v 0.115160 2.254873 1.547349
v 0.141543 2.250945 1.566133
v 0.114326 2.306566 1.552497
v 0.140672 2.304946 1.571510
v 0.113724 2.359010 1.550720
v 0.140044 2.359733 1.569655
v 0.158044 2.361025 1.619501
v 0.162902 2.362541 1.686902
v 0.158746 2.299840 1.621573
v 0.163704 2.292616 1.689271
v 0.159719 2.239532 1.615567
v 0.164816 2.223692 1.682407
v 0.160946 2.181132 1.601586
v 0.166219 2.156949 1.666429
v 0.162407 2.125639 1.579869
v 0.167889 2.093528 1.641609
v 0.164077 2.074003 1.550788
v 0.169797 2.034516 1.608373
v 0.165926 2.027108 1.514839
v 0.171910 1.980921 1.567289
v 0.167924 1.985755 1.472639
v 0.174193 1.933661 1.519060
v 0.170035 1.950653 1.424909
v 0.176606 1.893544 1.464512
v 0.172225 1.922401 1.372466
v 0.179109 1.861257 1.404577
v 0.174455 1.901484 1.316207
v 0.181658 1.837352 1.340281
v 0.176688 1.888260 1.257095
v 0.184209 1.822238 1.272724
v 0.178884 1.882954 1.196141
v 0.186720 1.816174 1.203063
v 0.181008 1.885657 1.134388
v 0.189146 1.819263 1.132488
v 0.183021 1.896323 1.072894
v 0.191447 1.831453 1.062209
v 0.184890 1.914770 1.012709
v 0.193583 1.852535 0.993426
v 0.187832 1.790117 0.973638
v 0.185429 1.766400 1.051019
v 0.182841 1.752687 1.130084
v 0.180111 1.749211 1.209480
v 0.177286 1.756033 1.287849
v 0.174416 1.773036 1.363850
v 0.171549 1.799929 1.436183
v 0.168733 1.836253 1.503610
v 0.166018 1.881384 1.564977
v 0.163450 1.934552 1.619235
v 0.161072 1.994846 1.665454
v 0.158926 2.061235 1.702845
v 0.157048 2.132583 1.730767
v 0.155470 2.207669 1.748742
v 0.154219 2.285208 1.756464
v 0.153316 2.363874 1.753799
v 0.182588 4.990409 -10.387051
v 0.187200 4.990409 -10.082451
v 0.182588 5.292137 -10.387051
v -0.035770 4.990409 -10.383744
v -0.031158 4.990409 -10.079144
v -0.035770 5.292137 -10.383744
v -0.031158 5.509047 -10.079144
v 0.187200 5.509047 -10.082451
vn 0.0007 0.0057 1.0000
vn 0.0911 -0.9958 0.0056
vn -0.1075 -0.9942 0.0057
vn -0.3016 -0.9534 0.0056
vn -0.0007 -0.0057 -1.0000
vn -0.4834 -0.8754 0.0053
vn -0.6456 -0.7636 0.0048
vn -0.7822 -0.6230 0.0041
vn -0.8883 -0.4593 0.0032
vn -0.9603 -0.2789 0.0022
vn -0.9961 -0.0885 0.0012
vn -0.9945 0.1050 0.0001
vn -0.9556 0.2948 -0.0010
vn -0.8806 0.4739 -0.0021
vn -0.7718 0.6359 -0.0031
vn -0.6329 0.7742 -0.0040
vn -0.4689 0.8832 -0.0047
vn -0.2858 0.9583 -0.0052
vn -0.0911 0.9958 -0.0056
vn 0.1075 0.9942 -0.0057
vn 0.3016 0.9534 -0.0056
vn 0.4834 0.8754 -0.0053
vn 0.6456 0.7636 -0.0048
vn 0.7822 0.6230 -0.0041
vn 0.8883 0.4593 -0.0032
vn 0.9603 0.2789 -0.0022
vn 0.9961 0.0885 -0.0012
vn 0.9945 -0.1050 -0.0001
vn 0.9556 -0.2948 0.0010
vn 0.8806 -0.4739 0.0021
vn 0.7718 -0.6359 0.0031
vn 0.6329 -0.7742 0.0040
vn 0.4689 -0.8832 0.0047
vn 0.2858 -0.9583 0.0052
vn 0.0980 -0.9952 0.0054
vn 0.2903 -0.9569 0.0052
vn 0.4714 -0.8819 0.0048
vn 0.6344 -0.7730 0.0042
vn 0.7730 -0.6344 0.0035
vn 0.8819 -0.4714 0.0026
vn 0.9870 0.1568 -0.0341
vn 0.9629 -0.2699 -0.0001
vn 0.9569 -0.2903 0.0016
vn 0.9928 -0.1200 -0.0010
vn 0.8822 -0.4702 -0.0265
vn 0.9952 -0.0980 0.0005
vn 0.7517 0.6578 -0.0479
vn 0.9905 0.1372 -0.0038
vn 0.9952 0.0980 -0.0005
vn 0.9675 0.2530 -0.0043
vn 0.8877 -0.4577 -0.0504
vn 0.9569 0.2903 -0.0016
vn 0.8819 0.4714 -0.0026
vn 0.7730 0.6344 -0.0035
vn 0.6344 0.7730 -0.0042
vn 0.4714 0.8819 -0.0048
vn 0.2903 0.9569 -0.0052
vn 0.0980 0.9952 -0.0054
vn -0.0980 0.9952 -0.0054
vn -0.2903 0.9569 -0.0052
vn -0.4714 0.8819 -0.0048
vn -0.6344 0.7730 -0.0042
vn -0.7730 0.6344 -0.0035
vn -0.8819 0.4714 -0.0026
vn -0.9650 0.2569 -0.0527
vn -0.9207 -0.3902 -0.0005
vn -0.9556 0.2894 -0.0549
vn -0.9911 0.1328 -0.0034
vn -0.7841 0.6190 -0.0445
vn -0.9952 0.0980 -0.0005
vn -0.9952 -0.0980 0.0005
vn -0.6388 -0.7684 -0.0376
vn -0.9467 -0.3221 -0.0008
vn -0.9569 -0.2903 0.0016
vn -0.8970 -0.4421 -0.0001
vn -0.9896 0.1368 -0.0455
vn -0.8819 -0.4714 0.0026
vn -0.7730 -0.6344 0.0035
vn -0.6344 -0.7730 0.0042
vn -0.4714 -0.8819 0.0048
vn -0.0023 -0.0030 -1.0000
vn -0.0000 -0.0091 -1.0000
vn -0.0024 0.0134 -0.9999
vn -0.2903 -0.9569 0.0052
vn -0.0980 -0.9952 0.0054
vn -0.0000 0.0091 1.0000
vn 0.9998 -0.0097 -0.0197
vn 0.9999 -0.0105 -0.0064
vn 1.0000 -0.0000 -0.0000
vn 1.0000 0.0064 -0.0011
vn 0.9999 -0.0146 -0.0017
vn -0.0016 -0.9829 -0.1840
vn -0.0086 -0.9832 -0.1823
vn -0.0101 -0.9833 -0.1819
vn -0.0000 -1.0000 -0.0000
vn -0.9995 0.0298 0.0061
vn -0.9999 -0.0000 0.0142
vn -0.9999 0.0080 0.0125
vn -0.9996 -0.0153 -0.0236
vn -0.9998 -0.0058 -0.0191
vn -0.9999 -0.0079 -0.0100
vn -0.9961 -0.0394 -0.0789
vn -0.9955 -0.0741 -0.0595
vn -0.9949 -0.0000 -0.1008
vn 0.0036 -0.6228 -0.7823
vn 0.0026 -0.6239 -0.7815
vn 0.0060 -0.6204 -0.7843
vn 0.0004 -0.0060 -1.0000
vn 0.9999 0.0168 -0.0030
vn 0.9999 0.0111 -0.0061
vn 1.0000 0.0072 0.0050
vn 1.0000 0.0041 -0.0030
vn -0.0001 1.0000 -0.0057
vn -0.0002 0.9999 -0.0112
vn -0.0001 1.0000 -0.0056
vn 0.0159 0.0115 0.9998
vn 0.0153 0.0118 0.9998
vn 0.0149 0.0120 0.9998
vn -1.0000 0.0065 -0.0018
vn -0.9997 0.0085 -0.0231
vn -0.9994 0.0312 -0.0127
vn -0.9999 -0.0090 -0.0121
vn 0.0025 0.1168 0.9932
vn 0.0242 0.1169 0.9929
vn 0.0454 0.1127 0.9926
vn 0.0655 0.1045 0.9924
vn 0.0836 0.0925 0.9922
vn 0.0989 0.0773 0.9921
vn 0.1111 0.0593 0.9920
vn 0.1194 0.0393 0.9921
vn 0.1238 0.0180 0.9921
vn 0.1238 -0.0036 0.9923
vn 0.1197 -0.0249 0.9925
vn 0.1115 -0.0449 0.9927
vn 0.0995 -0.0630 0.9930
vn 0.0842 -0.0784 0.9934
vn 0.0662 -0.0905 0.9937
vn 0.0462 -0.0989 0.9940
vn 0.0250 -0.1032 0.9943
vn 0.0033 -0.1033 0.9946
vn -0.0180 -0.0991 0.9949
vn -0.0381 -0.0909 0.9951
vn -0.0562 -0.0789 0.9953
vn -0.0716 -0.0637 0.9954
vn -0.0837 -0.0457 0.9954
vn -0.0921 -0.0257 0.9954
vn -0.0964 -0.0044 0.9953
vn -0.0965 0.0173 0.9952
vn -0.0923 0.0385 0.9950
vn -0.0841 0.0586 0.9947
vn -0.0721 0.0767 0.9944
vn -0.0568 0.0920 0.9941
vn -0.0388 0.1042 0.9938
vn -0.0188 0.1125 0.9935
vn -0.0199 0.3289 0.9442
vn -0.0822 0.3163 0.9451
vn -0.0407 0.5198 0.8533
vn -0.1401 0.4998 0.8547
vn 0.0437 0.3290 0.9433
vn 0.0436 0.3290 0.9433
vn 0.0606 0.5200 0.8520
vn 0.1060 0.3168 0.9425
vn 0.1600 0.5005 0.8508
vn 0.1648 0.2927 0.9419
vn 0.2536 0.4620 0.8498
vn 0.2177 0.2576 0.9414
vn 0.3380 0.4060 0.8491
vn 0.2628 0.2128 0.9411
vn 0.4098 0.3347 0.8486
vn 0.2982 0.1602 0.9410
vn 0.4663 0.2508 0.8483
vn 0.3228 0.1016 0.9410
vn 0.5054 0.1574 0.8484
vn 0.5054 0.1575 0.8484
vn 0.3354 0.0394 0.9413
vn 0.5255 0.0583 0.8488
vn 0.3357 -0.0241 0.9417
vn 0.5260 -0.0429 0.8494
vn 0.3235 -0.0864 0.9423
vn 0.5067 -0.1422 0.8503
vn 0.2995 -0.1452 0.9430
vn 0.4684 -0.2359 0.8515
vn 0.2644 -0.1982 0.9438
vn 0.4125 -0.3204 0.8528
vn 0.2197 -0.2433 0.9447
vn 0.3412 -0.3923 0.8542
vn 0.1670 -0.2788 0.9457
vn 0.2573 -0.4491 0.8557
vn 0.1084 -0.3034 0.9467
vn 0.1638 -0.4883 0.8572
vn 0.0460 -0.3161 0.9476
vn 0.0461 -0.3161 0.9476
vn 0.0644 -0.5086 0.8586
vn -0.0175 -0.3164 0.9485
vn -0.0176 -0.3164 0.9485
vn -0.0370 -0.5091 0.8599
vn -0.0800 -0.3042 0.9492
vn -0.0800 -0.3043 0.9492
vn -0.1366 -0.4898 0.8611
vn -0.1389 -0.2802 0.9499
vn -0.2306 -0.4514 0.8620
vn -0.1919 -0.2451 0.9503
vn -0.3152 -0.3954 0.8628
vn -0.2371 -0.2002 0.9506
vn -0.3873 -0.3239 0.8632
vn -0.2727 -0.1475 0.9507
vn -0.4440 -0.2397 0.8634
vn -0.2972 -0.0888 0.9507
vn -0.4831 -0.1461 0.8633
vn -0.3099 -0.0265 0.9504
vn -0.5033 -0.0467 0.8629
vn -0.3101 0.0371 0.9500
vn -0.5036 0.0547 0.8622
vn -0.2979 0.0995 0.9494
vn -0.4841 0.1543 0.8613
vn -0.2737 0.1583 0.9487
vn -0.4455 0.2481 0.8602
vn -0.2385 0.2113 0.9479
vn -0.3894 0.3325 0.8590
vn -0.1937 0.2564 0.9470
vn -0.3178 0.4043 0.8576
vn -0.1409 0.2918 0.9460
vn -0.2337 0.4608 0.8562
vn -0.3127 0.6034 0.7335
vn -0.4234 0.5291 0.7353
vn -0.4235 0.5291 0.7353
vn -0.1897 0.6547 0.7317
vn -0.2296 0.7771 0.5859
vn -0.3761 0.7161 0.5880
vn -0.0590 0.6810 0.7299
vn -0.0742 0.8084 0.5839
vn 0.0742 0.6813 0.7283
vn 0.0743 0.6813 0.7283
vn 0.0844 0.8088 0.5820
vn 0.2050 0.6556 0.7268
vn 0.2400 0.7782 0.5803
vn 0.3281 0.6049 0.7255
vn 0.3866 0.7179 0.5789
vn 0.4390 0.5313 0.7246
vn 0.5185 0.6303 0.5778
vn 0.5334 0.4374 0.7239
vn 0.6309 0.5186 0.5771
vn 0.6077 0.3271 0.7237
vn 0.7193 0.3873 0.5768
vn 0.6591 0.2043 0.7237
vn 0.7804 0.2412 0.5769
vn 0.6856 0.0740 0.7242
vn 0.8119 0.0861 0.5774
vn 0.6862 -0.0591 0.7250
vn 0.8126 -0.0722 0.5783
vn 0.6608 -0.1897 0.7262
vn 0.7824 -0.2277 0.5796
vn 0.6105 -0.3129 0.7276
vn 0.7225 -0.3743 0.5812
vn 0.5371 -0.4240 0.7292
vn 0.6352 -0.5065 0.5831
vn 0.4434 -0.5187 0.7310
vn 0.5237 -0.6192 0.5851
vn 0.3330 -0.5933 0.7329
vn 0.3923 -0.7080 0.5873
vn 0.2100 -0.6450 0.7348
vn 0.2460 -0.7695 0.5894
vn 0.0793 -0.6717 0.7366
vn 0.0905 -0.8012 0.5915
vn -0.0541 -0.6723 0.7383
vn -0.0683 -0.8020 0.5934
vn -0.1851 -0.6469 0.7397
vn -0.2242 -0.7718 0.5950
vn -0.3087 -0.5964 0.7409
vn -0.3713 -0.7117 0.5964
vn -0.4200 -0.5228 0.7418
vn -0.5037 -0.6240 0.5974
vn -0.5148 -0.4288 0.7424
vn -0.6165 -0.5121 0.5981
vn -0.5894 -0.3181 0.7426
vn -0.5894 -0.3180 0.7426
vn -0.7052 -0.3804 0.5983
vn -0.6409 -0.1949 0.7424
vn -0.7665 -0.2339 0.5981
vn -0.6674 -0.0641 0.7419
vn -0.7980 -0.0783 0.5975
vn -0.6678 0.0693 0.7411
vn -0.7985 0.0805 0.5966
vn -0.6421 0.2002 0.7400
vn -0.7679 0.2363 0.5953
vn -0.5914 0.3236 0.7386
vn -0.7076 0.3830 0.5938
vn -0.5175 0.4346 0.7370
vn -0.6198 0.5152 0.5920
vn -0.5078 0.6277 0.5900
vn -0.5705 0.6996 0.4302
vn -0.6955 0.5740 0.4323
vn -0.4233 0.7985 0.4280
vn -0.4550 0.8518 0.2597
vn -0.6122 0.7461 0.2620
vn -0.2598 0.8667 0.4258
vn -0.2803 0.9248 0.2574
vn -0.0860 0.9018 0.4236
vn -0.0946 0.9623 0.2551
vn -0.0947 0.9623 0.2551
vn 0.0912 0.9022 0.4216
vn 0.0947 0.9628 0.2530
vn 0.2650 0.8681 0.4198
vn 0.2805 0.9264 0.2511
vn 0.4288 0.8007 0.4182
vn 0.4556 0.8545 0.2496
vn 0.5763 0.7028 0.4171
vn 0.6133 0.7498 0.2484
vn 0.7019 0.5780 0.4163
vn 0.7475 0.6165 0.2476
vn 0.8007 0.4312 0.4160
vn 0.8531 0.4595 0.2472
vn 0.8689 0.2680 0.4161
vn 0.9260 0.2851 0.2474
vn 0.9041 0.0946 0.4166
vn 0.9636 0.0998 0.2480
vn 0.9049 -0.0823 0.4176
vn 0.9644 -0.0893 0.2490
vn 0.8711 -0.2560 0.4190
vn 0.9283 -0.2749 0.2504
vn 0.8042 -0.4198 0.4208
vn 0.8567 -0.4500 0.2522
vn 0.7066 -0.5675 0.4228
vn 0.7523 -0.6078 0.2543
vn 0.5819 -0.6934 0.4249
vn 0.6191 -0.7422 0.2565
vn 0.4351 -0.7926 0.4272
vn 0.4622 -0.8482 0.2589
vn 0.2717 -0.8612 0.4295
vn 0.2875 -0.9215 0.2612
vn 0.0979 -0.8967 0.4317
vn 0.1019 -0.9593 0.2635
vn -0.0795 -0.8975 0.4338
vn -0.0876 -0.9601 0.2656
vn -0.2537 -0.8637 0.4355
vn -0.2737 -0.9239 0.2675
vn -0.4179 -0.7965 0.4370
vn -0.4490 -0.8520 0.2690
vn -0.4490 -0.8521 0.2690
vn -0.5658 -0.6985 0.4381
vn -0.6070 -0.7474 0.2702
vn -0.6917 -0.5735 0.4388
vn -0.7415 -0.6139 0.2709
vn -0.7908 -0.4264 0.4391
vn -0.8473 -0.4567 0.2712
vn -0.8593 -0.2628 0.4389
vn -0.9203 -0.2820 0.2710
vn -0.8944 -0.0890 0.4383
vn -0.9579 -0.0964 0.2704
vn -0.8950 0.0883 0.4373
vn -0.9585 0.0930 0.2694
vn -0.8609 0.2623 0.4359
vn -0.9222 0.2788 0.2679
vn -0.7935 0.4263 0.4342
vn -0.8503 0.4540 0.2662
vn -0.7456 0.6117 0.2642
vn -0.0000 -0.0015 1.0000
vn 0.0980 -0.9952 -0.0015
vn -0.0980 -0.9952 -0.0015
vn -0.2903 -0.9569 -0.0014
vn -0.0000 0.0015 -1.0000
vn -0.4714 -0.8819 -0.0013
vn -0.6344 -0.7730 -0.0012
vn -0.7730 -0.6344 -0.0010
vn -0.8819 -0.4714 -0.0007
vn -0.9569 -0.2903 -0.0004
vn -0.9952 -0.0980 -0.0001
vn -0.9952 0.0980 0.0001
vn -0.9569 0.2903 0.0004
vn -0.8819 0.4714 0.0007
vn -0.7730 0.6344 0.0010
vn -0.6344 0.7730 0.0012
vn -0.4714 0.8819 0.0013
vn -0.2903 0.9569 0.0014
vn -0.0980 0.9952 0.0015
vn 0.0980 0.9952 0.0015
vn 0.2903 0.9569 0.0014
vn 0.4714 0.8819 0.0013
vn 0.6344 0.7730 0.0012
vn 0.7730 0.6344 0.0010
vn 0.8819 0.4714 0.0007
vn 0.9569 0.2903 0.0004
vn 0.9952 0.0980 0.0001
vn 0.9952 -0.0980 -0.0001
vn 0.9569 -0.2903 -0.0004
vn 0.8819 -0.4714 -0.0007
vn 0.7730 -0.6344 -0.0010
vn 0.6344 -0.7730 -0.0012
vn 0.4714 -0.8819 -0.0013
vn 0.2903 -0.9569 -0.0014
vn -0.0000 -0.9674 0.2532
vn -1.0000 -0.0000 -0.0000
vn -0.0000 0.2532 0.9674
vn -0.0000 0.9674 -0.2532
vn -0.0000 -0.2532 -0.9674
vn 0.4586 0.8732 -0.1649
vn -0.4571 0.8768 -0.1489
vn 0.4643 0.8844 -0.0474
vn -0.4586 0.8881 -0.0312
vn 0.4697 0.8798 0.0727
vn -0.4599 0.8835 0.0890
vn 0.4745 0.8589 0.1928
vn 0.4745 0.8589 0.1929
vn -0.4606 0.8626 0.2092
vn 0.4784 0.8214 0.3104
vn -0.4607 0.8252 0.3269
vn 0.4812 0.7680 0.4227
vn -0.4599 0.7717 0.4392
vn 0.4827 0.6995 0.5269
vn -0.4584 0.7033 0.5434
vn 0.4830 0.6177 0.6206
vn -0.4560 0.6215 0.6370
vn 0.4821 0.5246 0.7017
vn -0.4530 0.5284 0.7181
vn 0.4801 0.4226 0.7687
vn 0.4801 0.4227 0.7687
vn -0.4495 0.4263 0.7850
vn 0.4773 0.3142 0.8207
vn -0.4457 0.3179 0.8368
vn 0.4739 0.2018 0.8572
vn -0.4419 0.2054 0.8732
vn 0.4701 0.0877 0.8782
vn -0.4383 0.0913 0.8942
vn 0.4663 -0.0262 0.8842
vn -0.4352 -0.0226 0.9000
vn 0.4627 -0.1381 0.8757
vn -0.4328 -0.1345 0.8914
vn -0.8737 -0.0684 0.4816
vn -0.9873 -0.0177 0.1576
vn -0.9874 0.0001 0.1580
vn -0.8751 -0.0093 0.4839
vn -0.9876 0.0179 0.1560
vn -0.8768 0.0502 0.4782
vn -0.9878 0.0356 0.1517
vn -0.8787 0.1092 0.4647
vn -0.9880 0.0526 0.1451
vn -0.8807 0.1667 0.4433
vn -0.9883 0.0689 0.1362
vn -0.8827 0.2215 0.4145
vn -0.8827 0.2215 0.4144
vn -0.9885 0.0840 0.1254
vn -0.8845 0.2727 0.3785
vn -0.9888 0.0978 0.1126
vn -0.8861 0.3193 0.3361
vn -0.9891 0.1100 0.0983
vn -0.8873 0.3604 0.2879
vn -0.9893 0.1203 0.0825
vn -0.8880 0.3952 0.2349
vn -0.9895 0.1287 0.0657
vn -0.8884 0.4231 0.1781
vn -0.9897 0.1349 0.0480
vn -0.8884 0.4435 0.1184
vn -0.9899 0.1389 0.0297
vn -0.8880 0.4562 0.0571
vn -0.9900 0.1405 0.0113
vn -0.8874 0.4609 -0.0047
vn -0.9902 0.1398 -0.0070
vn -0.8866 0.4577 -0.0659
vn -0.9904 -0.1319 0.0417
vn -0.8874 -0.4507 0.0970
vn -0.8903 -0.4539 0.0359
vn -0.9909 -0.1326 0.0234
vn -0.8931 -0.4491 -0.0259
vn -0.9914 -0.1310 0.0050
vn -0.8955 -0.4364 -0.0871
vn -0.9918 -0.1270 -0.0132
vn -0.8974 -0.4160 -0.1467
vn -0.9922 -0.1208 -0.0309
vn -0.8988 -0.3881 -0.2036
vn -0.9925 -0.1125 -0.0478
vn -0.8996 -0.3533 -0.2566
vn -0.9927 -0.1021 -0.0635
vn -0.8998 -0.3122 -0.3048
vn -0.9929 -0.0899 -0.0779
vn -0.8994 -0.2656 -0.3472
vn -0.9930 -0.0762 -0.0906
vn -0.8984 -0.2144 -0.3832
vn -0.9930 -0.0610 -0.1015
vn -0.8970 -0.1596 -0.4121
vn -0.9929 -0.0448 -0.1103
vn -0.8953 -0.1022 -0.4336
vn -0.9927 -0.0277 -0.1170
vn -0.8934 -0.0432 -0.4472
vn -0.9926 -0.0101 -0.1213
vn -0.8914 0.0163 -0.4529
vn -0.9923 0.0078 -0.1233
vn -0.8895 0.0754 -0.4507
vn -0.9921 0.0256 -0.1229
vn -0.4627 0.1381 -0.8757
vn 0.4328 0.1345 -0.8914
vn 0.4352 0.0226 -0.9000
vn -0.4663 0.0262 -0.8842
vn 0.4383 -0.0913 -0.8942
vn -0.4701 -0.0877 -0.8782
vn 0.4419 -0.2054 -0.8732
vn -0.4739 -0.2018 -0.8572
vn 0.4457 -0.3179 -0.8368
vn -0.4773 -0.3142 -0.8207
vn 0.4495 -0.4263 -0.7850
vn -0.4801 -0.4226 -0.7687
vn 0.4530 -0.5284 -0.7181
vn -0.4821 -0.5246 -0.7017
vn 0.4560 -0.6215 -0.6370
vn -0.4830 -0.6177 -0.6206
vn 0.4584 -0.7033 -0.5434
vn -0.4827 -0.6995 -0.5269
vn 0.4599 -0.7717 -0.4392
vn -0.4812 -0.7680 -0.4227
vn 0.4607 -0.8252 -0.3269
vn -0.4784 -0.8214 -0.3104
vn 0.4606 -0.8626 -0.2092
vn -0.4745 -0.8589 -0.1928
vn -0.4745 -0.8589 -0.1929
vn 0.4599 -0.8835 -0.0890
vn -0.4697 -0.8798 -0.0727
vn 0.4586 -0.8881 0.0312
vn -0.4643 -0.8844 0.0474
vn 0.4571 -0.8768 0.1489
vn -0.4586 -0.8732 0.1649
vn 0.8866 -0.4577 0.0659
vn 0.9902 -0.1398 0.0070
vn 0.9900 -0.1405 -0.0113
vn 0.8874 -0.4609 0.0047
vn 0.9899 -0.1389 -0.0297
vn 0.9899 -0.1388 -0.0297
vn 0.8880 -0.4562 -0.0571
vn 0.9897 -0.1349 -0.0480
vn 0.8884 -0.4435 -0.1184
vn 0.9895 -0.1287 -0.0657
vn 0.8884 -0.4231 -0.1781
vn 0.9893 -0.1203 -0.0825
vn 0.8880 -0.3952 -0.2349
vn 0.9891 -0.1100 -0.0983
vn 0.8873 -0.3604 -0.2879
vn 0.9888 -0.0978 -0.1126
vn 0.8861 -0.3193 -0.3361
vn 0.9885 -0.0840 -0.1254
vn 0.8845 -0.2727 -0.3785
vn 0.9883 -0.0689 -0.1362
vn 0.8827 -0.2215 -0.4145
vn 0.9880 -0.0526 -0.1451
vn 0.8807 -0.1667 -0.4433
vn 0.9878 -0.0356 -0.1517
vn 0.8787 -0.1092 -0.4647
vn 0.9876 -0.0179 -0.1560
vn 0.8768 -0.0502 -0.4782
vn 0.9874 -0.0001 -0.1580
vn 0.8751 0.0093 -0.4839
vn 0.9873 0.0177 -0.1576
vn 0.8737 0.0684 -0.4816
vn 0.9921 -0.0256 0.1229
vn 0.8895 -0.0754 0.4507
vn 0.8914 -0.0163 0.4529
vn 0.9923 -0.0078 0.1233
vn 0.8934 0.0432 0.4472
vn 0.9926 0.0101 0.1213
vn 0.8953 0.1022 0.4336
vn 0.9927 0.0277 0.1170
vn 0.8970 0.1596 0.4121
vn 0.9929 0.0448 0.1103
vn 0.8984 0.2144 0.3832
vn 0.9930 0.0610 0.1015
vn 0.8994 0.2656 0.3472
vn 0.9930 0.0762 0.0906
vn 0.8998 0.3122 0.3048
vn 0.9929 0.0899 0.0779
vn 0.8996 0.3533 0.2566
vn 0.9927 0.1021 0.0635
vn 0.8988 0.3881 0.2036
vn 0.9925 0.1125 0.0478
vn 0.8974 0.4160 0.1467
vn 0.9922 0.1208 0.0309
vn 0.8955 0.4364 0.0871
vn 0.9918 0.1270 0.0132
vn 0.8931 0.4491 0.0259
vn 0.9914 0.1310 -0.0050
vn 0.8903 0.4539 -0.0359
vn 0.9909 0.1326 -0.0234
vn 0.8874 0.4507 -0.0970
vn 0.9904 0.1319 -0.0417
vn -0.2397 0.9686 0.0657
vn -0.2397 0.9686 -0.0657
vn 0.2767 0.9587 -0.0657
vn 0.2767 0.9587 0.0657
vn 0.2760 0.9410 0.1956
vn -0.2397 0.9509 0.1956
vn 0.7197 0.6926 0.0481
vn 0.7190 0.6801 0.1434
vn 0.7176 0.6553 0.2360
vn 0.2747 0.9062 0.3215
vn 0.7156 0.6188 0.3242
vn 0.2729 0.8551 0.4409
vn -0.2399 0.8649 0.4409
vn -0.2398 0.9160 0.3215
vn -0.6913 0.6458 0.3242
vn -0.6919 0.6823 0.2360
vn -0.6924 0.7071 0.1434
vn -0.9606 0.2640 0.0866
vn -0.9606 0.2728 0.0526
vn -0.6926 0.7197 0.0481
vn -0.9606 0.2773 0.0176
vn -0.6926 0.7197 -0.0481
vn -0.9606 0.2773 -0.0176
vn -0.9706 -0.2402 0.0176
vn -0.9706 -0.2402 -0.0176
vn -0.7197 -0.6926 0.0481
vn -0.7197 -0.6926 -0.0481
vn -0.9704 -0.2358 -0.0526
vn -0.7190 -0.6801 -0.1434
vn -0.2760 -0.9410 -0.1956
vn -0.2767 -0.9587 -0.0657
vn 0.2397 -0.9509 -0.1956
vn 0.2397 -0.9686 -0.0657
vn -0.2767 -0.9587 0.0657
vn 0.2397 -0.9686 0.0657
vn 0.6926 -0.7197 0.0481
vn 0.6926 -0.7197 -0.0481
vn 0.9606 -0.2773 0.0176
vn 0.9606 -0.2773 -0.0176
vn 0.6924 -0.7071 -0.1434
vn 0.9606 -0.2728 -0.0526
vn 0.9704 0.2358 0.0526
vn 0.9706 0.2402 0.0176
vn 0.9606 -0.2640 -0.0866
vn 0.9700 0.2269 0.0866
vn 0.9606 -0.2509 -0.1192
vn 0.9696 0.2139 0.1192
vn 0.9607 -0.2339 -0.1496
vn 0.9689 0.1969 0.1496
vn 0.7131 0.5714 0.4063
vn 0.9682 0.1762 0.1775
vn 0.7102 0.5141 0.4809
vn 0.7102 0.5141 0.4810
vn 0.2678 0.7097 0.6516
vn 0.2705 0.7891 0.5515
vn -0.2404 0.7195 0.6516
vn -0.2401 0.7989 0.5515
vn -0.6900 0.5409 0.4809
vn -0.6906 0.5983 0.4063
vn -0.9607 0.2132 0.1775
vn -0.9607 0.2339 0.1496
vn -0.9606 0.2509 0.1192
vn -0.9689 -0.1969 -0.1496
vn -0.9696 -0.2139 -0.1192
vn -0.9700 -0.2269 -0.0866
vn -0.7156 -0.6188 -0.3242
vn -0.7176 -0.6553 -0.2360
vn -0.2729 -0.8551 -0.4409
vn -0.2747 -0.9062 -0.3215
vn 0.2399 -0.8649 -0.4409
vn 0.2398 -0.9160 -0.3215
vn 0.6913 -0.6458 -0.3242
vn 0.6919 -0.6823 -0.2360
vn 0.2401 -0.7989 -0.5515
vn 0.6906 -0.5983 -0.4063
vn 0.2404 -0.7195 -0.6516
vn 0.6900 -0.5409 -0.4809
vn 0.9607 -0.2132 -0.1775
vn 0.6895 -0.4748 -0.5470
vn 0.9609 -0.1892 -0.2024
vn 0.9674 0.1522 0.2024
vn 0.9610 -0.1623 -0.2237
vn 0.9666 0.1253 0.2237
vn 0.7040 0.3745 0.6034
vn 0.7072 0.4480 0.5470
vn 0.2618 0.5184 0.8141
vn 0.2649 0.6189 0.7395
vn -0.2418 0.5280 0.8141
vn -0.2410 0.6286 0.7395
vn -0.6891 0.4012 0.6034
vn -0.6895 0.4748 0.5470
vn -0.9610 0.1623 0.2237
vn -0.9611 0.1623 0.2237
vn -0.9609 0.1892 0.2024
vn -0.9666 -0.1253 -0.2237
vn -0.9674 -0.1522 -0.2024
vn -0.9682 -0.1762 -0.1775
vn -0.7072 -0.4480 -0.5470
vn -0.7102 -0.5141 -0.4810
vn -0.7131 -0.5714 -0.4063
vn -0.2678 -0.7097 -0.6516
vn -0.2705 -0.7891 -0.5515
vn -0.2649 -0.6189 -0.7395
vn 0.2410 -0.6286 -0.7395
vn -0.2618 -0.5184 -0.8141
vn 0.2418 -0.5280 -0.8141
vn 0.6891 -0.4012 -0.6034
vn 0.2428 -0.4197 -0.8746
vn 0.6891 -0.3214 -0.6495
vn 0.9613 -0.1329 -0.2412
vn 0.6895 -0.2368 -0.6845
vn 0.9617 -0.1016 -0.2546
vn 0.9617 -0.1016 -0.2547
vn 0.9649 0.0647 0.2546
vn 0.9657 0.0959 0.2412
vn 0.6981 0.2102 0.6845
vn 0.7010 0.2947 0.6495
vn 0.2557 0.2957 0.9204
vn 0.2587 0.4100 0.8746
vn -0.2442 0.3053 0.9204
vn -0.2428 0.4197 0.8746
vn -0.6895 0.2368 0.6845
vn -0.6891 0.3214 0.6495
vn -0.9617 0.1016 0.2546
vn -0.9613 0.1329 0.2412
vn -0.9649 -0.0647 -0.2546
vn -0.9657 -0.0959 -0.2412
vn -0.6981 -0.2102 -0.6845
vn -0.7009 -0.2947 -0.6495
vn -0.7040 -0.3745 -0.6034
vn -0.2588 -0.4100 -0.8746
vn -0.2557 -0.2957 -0.9204
vn 0.2442 -0.3053 -0.9204
vn -0.2529 -0.1772 -0.9511
vn 0.2459 -0.1868 -0.9511
vn 0.6903 -0.1488 -0.7081
vn 0.2479 -0.0657 -0.9665
vn 0.6916 -0.0587 -0.7199
vn 0.9627 -0.0354 -0.2683
vn 0.9621 -0.0689 -0.2637
vn 0.9633 -0.0016 0.2683
vn 0.9641 0.0320 0.2637
vn 0.6933 0.0321 0.7199
vn 0.6955 0.1222 0.7081
vn 0.2503 0.0562 0.9665
vn 0.2529 0.1772 0.9511
vn -0.2479 0.0657 0.9665
vn -0.2459 0.1868 0.9511
vn -0.6916 0.0587 0.7199
vn -0.6903 0.1488 0.7081
vn -0.9627 0.0354 0.2683
vn -0.9621 0.0689 0.2637
vn -0.9633 0.0016 -0.2683
vn -0.9641 -0.0320 -0.2637
vn -0.6933 -0.0321 -0.7199
vn -0.6955 -0.1222 -0.7081
vn -0.2503 -0.0562 -0.9665
vn -0.6916 0.0587 -0.7199
vn -0.2479 0.0657 -0.9665
vn 0.2503 0.0562 -0.9665
vn -0.2459 0.1868 -0.9511
vn 0.2529 0.1772 -0.9511
vn 0.6955 0.1222 -0.7081
vn 0.6933 0.0321 -0.7199
vn 0.9641 0.0320 -0.2637
vn 0.9633 -0.0016 -0.2683
vn 0.9621 -0.0689 0.2637
vn 0.9627 -0.0354 0.2683
vn 0.6903 -0.1488 0.7081
vn 0.6916 -0.0587 0.7199
vn 0.2459 -0.1868 0.9511
vn 0.2479 -0.0657 0.9665
vn -0.2529 -0.1772 0.9511
vn -0.2503 -0.0562 0.9665
vn -0.6955 -0.1222 0.7081
vn -0.6933 -0.0321 0.7199
vn -0.9641 -0.0320 0.2637
vn -0.9633 0.0016 0.2683
vn -0.9621 0.0689 -0.2637
vn -0.9627 0.0354 -0.2683
vn -0.6903 0.1488 -0.7081
vn -0.9617 0.1016 -0.2546
vn -0.6895 0.2368 -0.6845
vn -0.2442 0.3053 -0.9204
vn -0.6891 0.3214 -0.6495
vn -0.2428 0.4197 -0.8746
vn 0.2588 0.4100 -0.8746
vn 0.2557 0.2957 -0.9204
vn 0.7009 0.2947 -0.6495
vn 0.6981 0.2102 -0.6845
vn 0.9657 0.0959 -0.2412
vn 0.9649 0.0647 -0.2546
vn 0.9613 -0.1329 0.2412
vn 0.9617 -0.1016 0.2546
vn 0.6891 -0.3214 0.6495
vn 0.6895 -0.2368 0.6845
vn 0.2428 -0.4197 0.8746
vn 0.2442 -0.3053 0.9204
vn -0.2587 -0.4100 0.8746
vn -0.2557 -0.2957 0.9204
vn -0.7010 -0.2947 0.6495
vn -0.6981 -0.2102 0.6845
vn -0.9657 -0.0959 0.2412
vn -0.9649 -0.0647 0.2546
vn -0.9613 0.1329 -0.2412
vn -0.9666 -0.1253 0.2237
vn -0.9610 0.1623 -0.2237
vn -0.6891 0.4012 -0.6034
vn -0.9609 0.1892 -0.2024
vn -0.6894 0.4748 -0.5470
vn -0.6895 0.4748 -0.5470
vn -0.2410 0.6286 -0.7395
vn -0.2418 0.5280 -0.8141
vn 0.2649 0.6189 -0.7395
vn 0.2618 0.5184 -0.8141
vn 0.7072 0.4480 -0.5470
vn 0.7040 0.3745 -0.6034
vn 0.9674 0.1522 -0.2024
vn 0.9666 0.1253 -0.2237
vn 0.9609 -0.1892 0.2024
vn 0.9610 -0.1623 0.2237
vn 0.6895 -0.4748 0.5470
vn 0.6891 -0.4012 0.6034
vn 0.2410 -0.6286 0.7395
vn 0.2418 -0.5280 0.8141
vn -0.2649 -0.6189 0.7395
vn -0.2618 -0.5184 0.8141
vn -0.7072 -0.4480 0.5470
vn -0.7040 -0.3745 0.6034
vn -0.9674 -0.1522 0.2024
vn -0.7102 -0.5141 0.4809
vn -0.9682 -0.1762 0.1775
vn -0.9607 0.2132 -0.1775
vn -0.9689 -0.1969 0.1496
vn -0.9607 0.2339 -0.1496
vn -0.6906 0.5983 -0.4063
vn -0.6900 0.5409 -0.4809
vn -0.2401 0.7989 -0.5515
vn -0.2404 0.7195 -0.6516
vn 0.2705 0.7891 -0.5515
vn 0.2679 0.7097 -0.6516
vn 0.7131 0.5714 -0.4063
vn 0.7102 0.5141 -0.4810
vn 0.9689 0.1969 -0.1496
vn 0.9682 0.1762 -0.1775
vn 0.9607 -0.2339 0.1496
vn 0.9607 -0.2132 0.1775
vn 0.6906 -0.5983 0.4063
vn 0.6900 -0.5409 0.4809
vn 0.2401 -0.7989 0.5515
vn 0.2404 -0.7195 0.6516
vn -0.2705 -0.7891 0.5515
vn -0.2679 -0.7097 0.6516
vn -0.7131 -0.5714 0.4063
vn -0.2729 -0.8551 0.4409
vn -0.7156 -0.6188 0.3242
vn -0.9696 -0.2139 0.1192
vn -0.7176 -0.6553 0.2360
vn -0.9700 -0.2269 0.0866
vn -0.9606 0.2640 -0.0866
vn -0.9606 0.2509 -0.1192
vn -0.6919 0.6823 -0.2360
vn -0.6913 0.6458 -0.3242
vn -0.2398 0.9160 -0.3215
vn -0.2399 0.8649 -0.4409
vn 0.2747 0.9062 -0.3215
vn 0.2729 0.8551 -0.4409
vn 0.7176 0.6553 -0.2360
vn 0.7156 0.6188 -0.3242
vn 0.9700 0.2269 -0.0866
vn 0.9696 0.2139 -0.1192
vn 0.9606 -0.2640 0.0866
vn 0.9606 -0.2509 0.1192
vn 0.6919 -0.6823 0.2360
vn 0.6913 -0.6458 0.3242
vn 0.2398 -0.9160 0.3215
vn 0.2399 -0.8649 0.4409
vn -0.2747 -0.9062 0.3215
vn 0.2397 -0.9509 0.1956
vn -0.2760 -0.9410 0.1956
vn -0.7190 -0.6801 0.1434
vn -0.9704 -0.2358 0.0526
vn -0.9606 0.2728 -0.0526
vn -0.6924 0.7071 -0.1434
vn -0.2397 0.9509 -0.1956
vn 0.2760 0.9410 -0.1956
vn 0.7197 0.6926 -0.0481
vn 0.7190 0.6801 -0.1434
vn 0.9706 0.2402 -0.0176
vn 0.9704 0.2358 -0.0526
vn 0.9606 -0.2728 0.0526
vn 0.6924 -0.7071 0.1434
vn -0.2679 -0.7097 -0.6516
vn -0.2678 -0.7097 -0.6515
vn -0.2706 -0.7891 -0.5515
vn -0.7102 -0.5141 -0.4809
vn -0.6900 0.5409 0.4810
vn 0.2679 0.7097 0.6516
vn 0.2706 0.7891 0.5515
vn 0.7009 0.2947 0.6495
vn -0.9617 0.1016 0.2547
vn -0.2503 -0.0561 0.9665
vn -0.9649 -0.0647 0.2547
vn -0.7009 -0.2947 0.6495
vn 0.9617 -0.1016 0.2547
vn 0.9657 0.0959 -0.2413
vn 0.2587 0.4100 -0.8746
vn 0.6894 -0.4748 0.5470
vn -0.2678 -0.7097 0.6516
vn 0.7102 0.5141 -0.4809
vn 0.2706 0.7891 -0.5515
vn 0.5255 0.0348 0.8501
vn -0.5842 0.0208 0.8113
vn -0.5843 0.0208 0.8113
vn 0.5309 -0.0755 0.8440
vn -0.5865 -0.0896 0.8050
vn -0.5864 -0.0896 0.8050
vn 0.5366 -0.1858 0.8231
vn 0.5366 -0.1858 0.8232
vn -0.5879 -0.2000 0.7839
vn -0.5878 -0.2000 0.7839
vn 0.5421 -0.2938 0.7873
vn -0.5881 -0.3081 0.7478
vn -0.5882 -0.3081 0.7478
vn 0.5473 -0.3972 0.7367
vn -0.5872 -0.4116 0.6970
vn -0.5871 -0.4116 0.6970
vn 0.5519 -0.4935 0.6722
vn 0.5518 -0.4935 0.6722
vn -0.5848 -0.5079 0.6325
vn 0.5556 -0.5805 0.5952
vn -0.5810 -0.5949 0.5555
vn 0.5586 -0.6562 0.5073
vn -0.5759 -0.6706 0.4677
vn 0.5607 -0.7190 0.4107
vn 0.5606 -0.7190 0.4108
vn -0.5696 -0.7333 0.3712
vn -0.5696 -0.7333 0.3713
vn 0.5620 -0.7678 0.3077
vn -0.5625 -0.7820 0.2685
vn 0.5626 -0.8020 0.2007
vn -0.5548 -0.8161 0.1616
vn 0.5628 -0.8215 0.0918
vn -0.5469 -0.8355 0.0530
vn 0.5628 -0.8264 -0.0168
vn -0.5392 -0.8404 -0.0553
vn -0.5391 -0.8404 -0.0553
vn 0.5627 -0.8174 -0.1234
vn -0.5319 -0.8313 -0.1616
vn 0.5628 -0.7951 -0.2262
vn 0.5627 -0.7951 -0.2262
vn -0.5253 -0.8088 -0.2642
vn -0.9152 -0.3765 -0.1438
vn -0.9913 -0.1203 -0.0536
vn -0.9908 -0.1177 -0.0668
vn -0.9908 -0.1181 -0.0666
vn -0.9918 -0.1211 -0.0397
vn -0.9913 -0.1205 -0.0529
vn -0.9178 -0.3850 -0.0968
vn -0.9925 -0.1195 -0.0257
vn -0.9919 -0.1208 -0.0390
vn -0.9208 -0.3871 -0.0486
vn -0.9926 -0.1191 -0.0254
vn -0.9238 -0.3828 -0.0000
vn -0.9932 -0.1159 -0.0116
vn -0.9269 -0.3721 0.0482
vn -0.9938 -0.1109 0.0019
vn -0.9938 -0.1109 0.0018
vn -0.9299 -0.3552 0.0952
vn -0.9944 -0.1043 0.0146
vn -0.9327 -0.3322 0.1400
vn -0.9950 -0.0960 0.0266
vn -0.9352 -0.3037 0.1820
vn -0.9956 -0.0864 0.0375
vn -0.9373 -0.2700 0.2202
vn -0.9960 -0.0755 0.0472
vn -0.9390 -0.2318 0.2541
vn -0.9964 -0.0634 0.0555
vn -0.9402 -0.1897 0.2829
vn -0.9968 -0.0506 0.0622
vn -0.9409 -0.1446 0.3062
vn -0.9970 -0.0371 0.0673
vn -0.9412 -0.0973 0.3236
vn -0.9412 -0.0972 0.3236
vn -0.9972 -0.0231 0.0706
vn -0.9410 -0.0485 0.3348
vn -0.9974 -0.0090 0.0721
vn -0.9406 0.0007 0.3396
vn -0.9898 -0.0161 -0.1415
vn -0.9142 -0.0242 -0.4044
vn -0.9163 0.0250 -0.3997
vn -0.9901 -0.0020 -0.1400
vn -0.9185 0.0737 -0.3886
vn -0.9905 0.0119 -0.1367
vn -0.9206 0.1210 -0.3712
vn -0.9910 0.0254 -0.1316
vn -0.9227 0.1661 -0.3480
vn -0.9227 0.1662 -0.3480
vn -0.9914 0.0383 -0.1249
vn -0.9246 0.2082 -0.3191
vn -0.9919 0.0503 -0.1166
vn -0.9262 0.2464 -0.2853
vn -0.9924 0.0612 -0.1070
vn -0.9276 0.2801 -0.2470
vn -0.9928 0.0709 -0.0961
vn -0.9288 0.3087 -0.2051
vn -0.9933 0.0791 -0.0841
vn -0.9297 0.3316 -0.1602
vn -0.9297 0.3316 -0.1601
vn -0.9938 0.0858 -0.0713
vn -0.9304 0.3486 -0.1131
vn -0.9942 0.0907 -0.0579
vn -0.9310 0.3593 -0.0648
vn -0.9946 0.0939 -0.0440
vn -0.9950 0.0946 -0.0304
vn -0.9314 0.3636 -0.0161
vn -0.9947 0.0932 -0.0436
vn -0.9953 0.0951 -0.0165
vn -0.9318 0.3615 0.0322
vn -0.9950 0.0956 -0.0297
vn -0.9956 0.0936 -0.0028
vn -0.9322 0.3531 0.0793
vn -0.9953 0.0958 -0.0156
vn -0.9957 0.0926 -0.0026
vn -0.5628 0.7951 0.2262
vn 0.5253 0.8088 0.2642
vn 0.5319 0.8313 0.1616
vn -0.5627 0.8174 0.1234
vn 0.5391 0.8404 0.0553
vn 0.5392 0.8404 0.0553
vn -0.5628 0.8264 0.0168
vn -0.5628 0.8265 0.0168
vn 0.5469 0.8355 -0.0530
vn -0.5628 0.8215 -0.0918
vn 0.5548 0.8161 -0.1616
vn -0.5626 0.8020 -0.2007
vn 0.5625 0.7820 -0.2685
vn -0.5619 0.7678 -0.3078
vn 0.5696 0.7333 -0.3712
vn 0.5696 0.7333 -0.3713
vn -0.5607 0.7190 -0.4107
vn 0.5758 0.6706 -0.4677
vn -0.5586 0.6562 -0.5073
vn 0.5810 0.5949 -0.5555
vn -0.5556 0.5805 -0.5952
vn 0.5848 0.5079 -0.6325
vn -0.5518 0.4935 -0.6722
vn 0.5871 0.4116 -0.6971
vn -0.5473 0.3972 -0.7367
vn 0.5881 0.3081 -0.7478
vn 0.5882 0.3081 -0.7478
vn -0.5421 0.2938 -0.7873
vn 0.5879 0.2000 -0.7838
vn -0.5366 0.1858 -0.8231
vn -0.5366 0.1858 -0.8232
vn 0.5865 0.0896 -0.8050
vn -0.5309 0.0755 -0.8441
vn -0.5309 0.0755 -0.8440
vn 0.5842 -0.0208 -0.8113
vn -0.5255 -0.0348 -0.8501
vn 0.9406 -0.0007 -0.3396
vn 0.9974 0.0090 -0.0721
vn 0.9972 0.0231 -0.0706
vn 0.9410 0.0485 -0.3348
vn 0.9970 0.0371 -0.0673
vn 0.9970 0.0370 -0.0673
vn 0.9412 0.0972 -0.3236
vn 0.9412 0.0973 -0.3236
vn 0.9968 0.0506 -0.0622
vn 0.9409 0.1446 -0.3062
vn 0.9964 0.0635 -0.0555
vn 0.9402 0.1897 -0.2829
vn 0.9960 0.0755 -0.0472
vn 0.9390 0.2318 -0.2541
vn 0.9956 0.0864 -0.0375
vn 0.9373 0.2700 -0.2202
vn 0.9950 0.0960 -0.0266
vn 0.9352 0.3037 -0.1820
vn 0.9944 0.1043 -0.0146
vn 0.9327 0.3322 -0.1400
vn 0.9938 0.1109 -0.0018
vn 0.9299 0.3552 -0.0952
vn 0.9932 0.1159 0.0116
vn 0.9269 0.3721 -0.0482
vn 0.9919 0.1208 0.0390
vn 0.9926 0.1191 0.0254
vn 0.9238 0.3828 -0.0000
vn 0.9913 0.1205 0.0529
vn 0.9925 0.1196 0.0257
vn 0.9208 0.3871 0.0486
vn 0.9908 0.1181 0.0666
vn 0.9918 0.1211 0.0397
vn 0.9178 0.3850 0.0968
vn 0.9908 0.1177 0.0668
vn 0.9913 0.1203 0.0537
vn 0.9152 0.3765 0.1438
vn 0.9957 -0.0926 0.0026
vn 0.9953 -0.0958 0.0156
vn 0.9956 -0.0937 0.0028
vn 0.9322 -0.3531 -0.0793
vn 0.9318 -0.3615 -0.0322
vn 0.9318 -0.3616 -0.0322
vn 0.9950 -0.0956 0.0297
vn 0.9953 -0.0951 0.0165
vn 0.9314 -0.3636 0.0161
vn 0.9947 -0.0932 0.0436
vn 0.9950 -0.0947 0.0303
vn 0.9310 -0.3593 0.0648
vn 0.9946 -0.0939 0.0440
vn 0.9304 -0.3486 0.1131
vn 0.9942 -0.0907 0.0578
vn 0.9297 -0.3316 0.1602
vn 0.9938 -0.0858 0.0713
vn 0.9288 -0.3087 0.2051
vn 0.9933 -0.0791 0.0841
vn 0.9276 -0.2801 0.2470
vn 0.9928 -0.0709 0.0961
vn 0.9262 -0.2464 0.2853
vn 0.9924 -0.0612 0.1070
vn 0.9246 -0.2082 0.3191
vn 0.9919 -0.0503 0.1166
vn 0.9227 -0.1661 0.3480
vn 0.9227 -0.1662 0.3480
vn 0.9914 -0.0383 0.1249
vn 0.9206 -0.1210 0.3712
vn 0.9206 -0.1211 0.3712
vn 0.9910 -0.0254 0.1316
vn 0.9185 -0.0737 0.3886
vn 0.9905 -0.0119 0.1367
vn 0.9163 -0.0250 0.3997
vn 0.9902 0.0020 0.1400
vn 0.9143 0.0242 0.4044
vn 0.9142 0.0242 0.4044
vn 0.9898 0.0162 0.1415
vn 0.9898 0.0161 0.1415
vn 0.9999 -0.0000 -0.0151
vn -0.0151 -0.0000 -0.9999
vn -0.9999 -0.0000 0.0151
vn -0.0088 0.8146 -0.5800
vn 0.0151 -0.0000 0.9999
vn 0.0007 0.0056 1.0000
vn 0.9837 0.1763 -0.0356
vn 0.8737 -0.4857 -0.0276
vn 0.7320 0.6795 -0.0498
vn 0.8711 -0.4884 -0.0521
vn -0.9076 -0.4199 0.0023
vn -0.7669 0.6401 -0.0463
vn -0.6176 -0.7855 -0.0393
vn -0.9851 0.1654 -0.0474
vn 0.0200 -0.0665 -0.9976
vn -0.0035 -0.0178 -0.9998
vn -0.0151 0.0204 -0.9997
vn 0.0005 -0.0180 -0.9998
vn -0.0078 -0.0101 -0.9999
vn -0.0016 -0.0204 -0.9998
vn -0.0050 -0.0233 -0.9997
vn -0.0104 -0.0269 -0.9996
vn -0.0193 -0.0308 -0.9993
vn -0.0295 -0.0332 -0.9990
vn -0.0366 -0.0127 -0.9993
vn -0.0173 -0.0011 -0.9998
vn 0.0788 -0.0988 -0.9920
vn 0.0417 -0.0808 -0.9959
vn 0.2288 -0.1311 -0.9646
vn 0.1434 -0.1190 -0.9825
vn 0.1068 0.0903 -0.9902
vn -0.0000 0.0090 1.0000
vn 1.0000 -0.0031 0.0053
vn 0.9998 0.0090 0.0181
vn 0.9993 -0.0348 -0.0103
vn 0.9999 0.0029 0.0126
vn -0.0000 -0.9829 -0.1844
vn -0.9997 0.0248 0.0006
vn -0.9998 0.0220 -0.0010
vn -0.9997 -0.0000 -0.0249
vn -0.9943 -0.0958 -0.0472
vn 0.0003 -0.6262 -0.7797
vn 0.9996 0.0229 0.0180
vn 0.9998 0.0143 0.0119
vn 0.9999 0.0085 -0.0070
vn 0.0003 1.0000 -0.0001
vn 0.0002 1.0000 -0.0001
vn 0.0164 0.0112 0.9998
vn -1.0000 0.0036 -0.0003
vn -1.0000 0.0041 -0.0000
vn -0.9997 -0.0000 -0.0260
vn 0.1599 0.5005 0.8508
vn 0.2982 0.1601 0.9410
vn -0.2371 -0.2003 0.9506
vn 0.3329 -0.5933 0.7329
vn -0.0541 -0.6724 0.7383
vn -0.7980 -0.0783 0.5976
vn -0.5078 0.6277 0.5901
vn -0.0000 -0.0016 1.0000
vn -0.0001 -0.0015 1.0000
vn 0.0001 -0.0015 1.0000
vn -0.0001 0.0014 -1.0000
vn -0.0003 0.0015 -1.0000
vn -0.0001 0.0015 -1.0000
vn 0.0001 0.0015 -1.0000
vn -0.0000 0.0014 -1.0000
vn 0.0002 0.0015 -1.0000
vn 0.0003 0.0015 -1.0000
vn 0.9876 -0.0179 -0.1561
vn 0.9649 0.0647 0.2547
vn 0.9657 0.0959 0.2413
vn -0.9617 0.1016 -0.2547
vn -0.2706 -0.7891 0.5515
vn 0.2747 0.9062 0.3216
vn -0.7010 -0.2947 -0.6495
vn -0.9657 -0.0959 -0.2413
vn 0.2503 0.0561 0.9665
vn 0.5310 -0.0755 0.8440
vn -0.5879 -0.2000 0.7838
vn 0.5619 -0.7678 0.3077
vn -0.9964 -0.0635 0.0555
vn -0.9206 0.1211 -0.3712
vn -0.9276 0.2801 -0.2471
vn -0.9928 0.0709 -0.0960
vn -0.9288 0.3087 -0.2050
vn -0.5627 0.7951 0.2262
vn -0.5627 0.8265 0.0168
vn -0.5606 0.7190 -0.4107
vn 0.5872 0.4115 -0.6971
vn 0.9960 0.0754 -0.0472
vn 0.9352 0.3037 -0.1819
vn 0.9238 0.3828 -0.0001
vn 0.9246 -0.2082 0.3192
vt 0.894297 0.241664
vt 0.887449 0.244545
vt 0.852485 0.237579
vt 0.730511 0.299300
vt 0.723145 0.838520
vt 0.723145 0.299264
vt 0.737896 0.838532
vt 0.737896 0.299276
vt 0.745019 0.299193
vt 0.615342 0.909629
vt 0.609200 0.905508
vt 0.599873 0.858447
vt 0.751605 0.299054
vt 0.745019 0.838449
vt 0.757400 0.298864
vt 0.751605 0.838310
vt 0.601458 0.838561
vt 0.595605 0.299079
vt 0.601458 0.298988
vt 0.608116 0.298914
vt 0.615323 0.838433
vt 0.615323 0.298860
vt 0.622803 0.838401
vt 0.622803 0.298828
vt 0.630267 0.838392
vt 0.630267 0.298819
vt 0.637430 0.298834
vt 0.644015 0.838445
vt 0.644015 0.298872
vt 0.649770 0.838504
vt 0.649770 0.298931
vt 0.181331 0.440993
vt 0.175552 0.965854
vt 0.175552 0.442143
vt 0.187904 0.963855
vt 0.187904 0.440144
vt 0.195019 0.439628
vt 0.202403 0.963175
vt 0.202403 0.439465
vt 0.209771 0.963371
vt 0.209771 0.439660
vt 0.216841 0.963919
vt 0.216841 0.440208
vt 0.223341 0.964797
vt 0.223341 0.441086
vt 0.229020 0.965972
vt 0.229020 0.442261
vt 0.655629 0.298933
vt 0.649770 0.838341
vt 0.649770 0.298819
vt 0.662291 0.299024
vt 0.655629 0.838455
vt 0.669500 0.299089
vt 0.662291 0.838546
vt 0.676981 0.838646
vt 0.676981 0.299124
vt 0.684444 0.838650
vt 0.684444 0.299128
vt 0.691604 0.299102
vt 0.698185 0.299046
vt 0.691604 0.838624
vt 0.703934 0.838484
vt 0.703934 0.298962
vt 0.709597 0.838274
vt 0.703934 0.298819
vt 0.709597 0.299019
vt 0.716084 0.838424
vt 0.716083 0.299169
vt 0.528289 0.956596
vt 0.511981 0.789053
vt 0.528289 0.789128
vt 0.511981 0.956520
vt 0.496371 0.788857
vt 0.496371 0.956324
vt 0.482059 0.788548
vt 0.482059 0.956016
vt 0.469596 0.788139
vt 0.957346 0.167555
vt 0.944683 0.000215
vt 0.957346 -0.000000
vt 0.944683 0.167770
vt 0.930222 0.000375
vt 0.930222 0.167930
vt 0.914519 0.000473
vt 0.898177 0.168063
vt 0.898177 0.000508
vt 0.881824 0.000476
vt 0.866089 0.167934
vt 0.866089 0.000379
vt 0.851575 0.000221
vt 0.851575 0.167776
vt 0.838842 0.000008
vt 0.469596 0.956731
vt 0.456923 0.791576
vt 0.469596 0.794099
vt 0.456923 0.954207
vt 0.442454 0.789698
vt 0.442454 0.952329
vt 0.426746 0.788537
vt 0.426746 0.951168
vt 0.410403 0.788139
vt 0.394051 0.951150
vt 0.394051 0.788518
vt 0.378320 0.952292
vt 0.378320 0.789660
vt 0.363815 0.954153
vt 0.363815 0.791522
vt 0.351092 0.956662
vt 0.351092 0.794031
vt 0.118504 0.798013
vt 0.105828 0.965421
vt 0.105828 0.797851
vt 0.091358 0.965301
vt 0.091358 0.797731
vt 0.075623 0.965413
vt 0.075649 0.797657
vt 0.059304 0.965202
vt 0.059304 0.797631
vt 0.042953 0.965226
vt 0.042953 0.797656
vt 0.027224 0.797729
vt 0.012720 0.965418
vt 0.012720 0.797848
vt 0.000000 0.965579
vt 0.000000 0.798009
vt 0.588071 0.788239
vt 0.575145 0.956095
vt 0.575145 0.788627
vt 0.560489 0.956379
vt 0.560489 0.788911
vt 0.605426 0.080498
vt 0.661048 0.001654
vt 0.741476 0.053275
vt 0.544668 0.956548
vt 0.544668 0.789080
vt 0.043823 0.596801
vt 0.003203 0.547224
vt 0.058956 0.442713
vt 0.540463 0.536470
vt 0.493151 0.543569
vt 0.518847 0.427507
vt 0.476418 0.594642
vt 0.468420 0.543847
vt 0.996147 0.523187
vt 0.922570 0.301534
vt 0.996147 0.298819
vt 0.991684 0.556012
vt 0.922587 0.522720
vt 0.435292 0.131581
vt 0.428850 0.240540
vt 0.405211 0.240546
vt 0.446491 0.298819
vt 0.452489 0.240533
vt 0.547061 0.298819
vt 0.405211 0.273494
vt 0.484856 0.738554
vt 0.554330 0.783925
vt 0.487030 0.783764
vt 0.557411 0.738654
vt 0.484856 0.594642
vt 0.557411 0.594742
vt 0.351918 0.419876
vt 0.398390 0.316743
vt 0.398597 0.543115
vt 0.518393 0.318156
vt 0.518600 0.544528
vt 0.763601 0.099754
vt 0.838842 0.000295
vt 0.836748 0.100026
vt 0.703934 0.838556
vt 0.783214 0.999495
vt 0.703934 1.000000
vt 0.547044 0.240509
vt 0.547951 0.021717
vt 0.594287 0.123876
vt 0.434522 0.239169
vt 0.435429 0.020378
vt 0.871209 0.882947
vt 0.888060 0.887196
vt 0.870706 0.886303
vt 0.870867 0.889692
vt 0.871685 0.892983
vt 0.873128 0.896051
vt 0.875143 0.898778
vt 0.877650 0.901058
vt 0.880554 0.902805
vt 0.883744 0.903950
vt 0.887095 0.904450
vt 0.890481 0.904286
vt 0.893770 0.903464
vt 0.896837 0.902016
vt 0.899562 0.899997
vt 0.901843 0.897485
vt 0.903590 0.894576
vt 0.904738 0.891383
vt 0.905241 0.888027
vt 0.905080 0.884638
vt 0.904262 0.881346
vt 0.902818 0.878278
vt 0.900804 0.875552
vt 0.898297 0.873271
vt 0.895392 0.871525
vt 0.892203 0.870380
vt 0.888851 0.869879
vt 0.885466 0.870043
vt 0.882177 0.870865
vt 0.879110 0.872313
vt 0.876384 0.874332
vt 0.874104 0.876845
vt 0.872357 0.879753
vt 0.854833 0.878800
vt 0.853846 0.885382
vt 0.857083 0.872536
vt 0.839560 0.874914
vt 0.838127 0.884470
vt 0.842827 0.865819
vt 0.854161 0.892030
vt 0.838584 0.894120
vt 0.855765 0.898487
vt 0.840913 0.903494
vt 0.858597 0.904505
vt 0.845025 0.912232
vt 0.862549 0.909853
vt 0.850761 0.919996
vt 0.867467 0.914326
vt 0.857902 0.926490
vt 0.873164 0.917752
vt 0.866172 0.931463
vt 0.879420 0.919999
vt 0.875254 0.934725
vt 0.885994 0.920980
vt 0.884800 0.936150
vt 0.892635 0.920659
vt 0.894441 0.935683
vt 0.899087 0.919046
vt 0.903808 0.933342
vt 0.905102 0.916205
vt 0.912540 0.929218
vt 0.910449 0.912245
vt 0.920302 0.923468
vt 0.914923 0.907317
vt 0.926797 0.916314
vt 0.918350 0.901611
vt 0.931773 0.908031
vt 0.920601 0.895347
vt 0.935040 0.898936
vt 0.921588 0.888764
vt 0.936473 0.889380
vt 0.921273 0.882117
vt 0.936016 0.879729
vt 0.919668 0.875660
vt 0.933687 0.870355
vt 0.916836 0.869642
vt 0.929575 0.861618
vt 0.912885 0.864293
vt 0.923838 0.853853
vt 0.907966 0.859820
vt 0.916698 0.847360
vt 0.902270 0.856395
vt 0.908428 0.842386
vt 0.896014 0.854148
vt 0.899345 0.839125
vt 0.889439 0.853167
vt 0.889800 0.837700
vt 0.882798 0.853488
vt 0.880159 0.838167
vt 0.876346 0.855100
vt 0.870792 0.840507
vt 0.870331 0.857941
vt 0.862060 0.844632
vt 0.864984 0.861902
vt 0.854297 0.850382
vt 0.860511 0.866830
vt 0.847803 0.857536
vt 0.836469 0.849320
vt 0.830135 0.859863
vt 0.844735 0.840214
vt 0.825977 0.871438
vt 0.819497 0.854895
vt 0.814607 0.868506
vt 0.826944 0.842498
vt 0.824154 0.883601
vt 0.812463 0.882807
vt 0.824735 0.895883
vt 0.813147 0.897251
vt 0.827700 0.907814
vt 0.816633 0.911280
vt 0.832933 0.918934
vt 0.822786 0.924356
vt 0.840234 0.928817
vt 0.831372 0.935977
vt 0.849322 0.937082
vt 0.842058 0.945695
vt 0.859848 0.943412
vt 0.854436 0.953138
vt 0.871408 0.947563
vt 0.174958 0.816633
vt 0.162734 0.826234
vt 0.162908 0.812388
vt 0.883557 0.949377
vt 0.174811 0.828409
vt 0.162646 0.840635
vt 0.895828 0.948782
vt 0.174735 0.840656
vt 0.162646 0.855038
vt 0.907749 0.945803
vt 0.174735 0.852904
vt 0.162734 0.868887
vt 0.918863 0.940554
vt 0.174811 0.864682
vt 0.162908 0.881652
vt 0.928743 0.933236
vt 0.935447 0.941173
vt 0.923830 0.949778
vt 0.937009 0.924130
vt 0.945166 0.930466
vt 0.943342 0.913588
vt 0.914103 0.266216
vt 0.926482 0.259964
vt 0.926211 0.272534
vt 0.947501 0.902012
vt 0.914333 0.255525
vt 0.926649 0.246239
vt 0.949324 0.889850
vt 0.914476 0.243854
vt 0.926706 0.231889
vt 0.948743 0.877567
vt 0.914523 0.231650
vt 0.926649 0.217464
vt 0.945778 0.865636
vt 0.914475 0.219383
vt 0.926482 0.203520
vt 0.940545 0.854516
vt 0.914333 0.207524
vt 0.926211 0.190590
vt 0.933244 0.844633
vt 0.940739 0.836987
vt 0.949324 0.848607
vt 0.924155 0.836368
vt 0.930052 0.827268
vt 0.913629 0.830038
vt 0.917675 0.819825
vt 0.902070 0.825887
vt 0.904083 0.814943
vt 0.889921 0.824073
vt 0.934065 0.631956
vt 0.922570 0.617520
vt 0.934028 0.617556
vt 0.877650 0.824668
vt 0.922602 0.605270
vt 0.934065 0.603152
vt 0.865729 0.827647
vt 0.875368 0.813510
vt 0.861350 0.817013
vt 0.854614 0.832896
vt 0.848281 0.823186
vt 0.836664 0.831791
vt 0.830394 0.825435
vt 0.819595 0.837331
vt 0.947577 0.572000
vt 0.934594 0.565325
vt 0.947844 0.559554
vt 0.333826 0.664684
vt 0.346837 0.682051
vt 0.335669 0.678828
vt 0.320730 0.661801
vt 0.322687 0.676816
vt 0.318097 0.648655
vt 0.347858 0.695874
vt 0.336804 0.694187
vt 0.323891 0.693122
vt 0.348203 0.710261
vt 0.337187 0.710173
vt 0.324298 0.710093
vt 0.347858 0.724659
vt 0.336804 0.726171
vt 0.323891 0.727076
vt 0.346837 0.738514
vt 0.335669 0.741566
vt 0.322687 0.743419
vt 0.345178 0.751293
vt 0.333826 0.755766
vt 0.320730 0.758494
vt 0.150338 0.772425
vt 0.163481 0.788444
vt 0.149918 0.782622
vt 0.331346 0.768226
vt 0.318097 0.771721
vt 0.163160 0.799627
vt 0.149562 0.795048
vt 0.135278 0.779027
vt 0.134900 0.792219
vt 0.149281 0.809226
vt 0.134602 0.807270
vt 0.149088 0.824612
vt 0.134397 0.823604
vt 0.148990 0.840613
vt 0.134293 0.840591
vt 0.148990 0.856616
vt 0.134293 0.857579
vt 0.149088 0.872005
vt 0.134397 0.873916
vt 0.149281 0.886189
vt 0.134602 0.888974
vt 0.149562 0.898622
vt 0.134900 0.902173
vt 0.925846 0.283469
vt 0.939880 0.277209
vt 0.939475 0.289359
vt 0.954585 0.280061
vt 0.954154 0.292959
vt 0.940181 0.263241
vt 0.954905 0.265232
vt 0.940367 0.247992
vt 0.955102 0.249044
vt 0.940430 0.232047
vt 0.955168 0.232116
vt 0.940367 0.216019
vt 0.955102 0.215101
vt 0.940181 0.200524
vt 0.954905 0.198652
vt 0.939880 0.186158
vt 0.954585 0.183401
vt 0.939475 0.173473
vt 0.954154 0.169935
vt 0.934594 0.669723
vt 0.947577 0.663141
vt 0.947844 0.675555
vt 0.962009 0.665979
vt 0.962292 0.679158
vt 0.934354 0.658550
vt 0.947379 0.648971
vt 0.961798 0.650936
vt 0.947257 0.633591
vt 0.961669 0.634609
vt 0.947215 0.617591
vt 0.961625 0.617623
vt 0.947257 0.601586
vt 0.961669 0.600633
vt 0.934175 0.589298
vt 0.947379 0.586192
vt 0.961798 0.584290
vt 0.934354 0.576525
vt 0.962009 0.569224
vt 0.962292 0.556012
vt 0.652201 0.169434
vt 0.671063 0.192470
vt 0.668149 0.222124
vt 0.894795 0.299377
vt 0.887218 0.813315
vt 0.887218 0.299335
vt 0.902405 0.813331
vt 0.902405 0.299351
vt 0.909755 0.299255
vt 0.686357 0.233831
vt 0.676884 0.222077
vt 0.692595 0.169411
vt 0.916564 0.813075
vt 0.916564 0.299095
vt 0.922570 0.298877
vt 0.861614 0.298933
vt 0.867526 0.813356
vt 0.861614 0.813426
vt 0.854875 0.813476
vt 0.847566 0.299011
vt 0.847566 0.813505
vt 0.839968 0.299017
vt 0.839968 0.813510
vt 0.832374 0.298999
vt 0.832374 0.813492
vt 0.825075 0.298959
vt 0.825075 0.813452
vt 0.818352 0.813391
vt 0.812463 0.298819
vt 0.812463 0.813312
vt 0.234932 0.441088
vt 0.229020 0.940486
vt 0.229020 0.442292
vt 0.241671 0.938389
vt 0.241671 0.440195
vt 0.248980 0.439647
vt 0.256577 0.937659
vt 0.256577 0.439465
vt 0.264170 0.439656
vt 0.271468 0.938407
vt 0.271468 0.440213
vt 0.278190 0.441114
vt 0.284078 0.940519
vt 0.284079 0.442326
vt 0.806546 0.813382
vt 0.812463 0.299029
vt 0.812463 0.813476
vt 0.799801 0.298867
vt 0.799801 0.813314
vt 0.792490 0.813274
vt 0.784891 0.298819
vt 0.784891 0.813265
vt 0.777298 0.298841
vt 0.777298 0.813287
vt 0.770002 0.813339
vt 0.763283 0.298971
vt 0.763283 0.813418
vt 0.757400 0.813522
vt 0.873316 0.813030
vt 0.867525 0.298819
vt 0.873316 0.299050
vt 0.879965 0.299224
vt 0.957346 0.073864
vt 0.976114 0.000000
vt 0.976114 0.073745
vt 0.167882 0.902173
vt 0.134293 0.983085
vt 0.134293 0.906371
vt 0.696248 0.242593
vt 0.715020 0.276128
vt 0.696248 0.276138
vt 0.989694 0.760063
vt 0.956105 0.679158
vt 0.989694 0.683356
vt 0.785238 0.972786
vt 0.804010 0.896271
vt 0.804010 0.972783
vt 0.677476 0.242586
vt 0.696248 0.276429
vt 0.677476 0.276432
vt 0.151250 0.770995
vt 0.167391 0.740327
vt 0.167901 0.771582
vt 0.134706 0.741171
vt 0.135216 0.772425
vt 0.150726 0.738880
vt 0.167082 0.710234
vt 0.134396 0.711077
vt 0.150408 0.707958
vt 0.166978 0.681816
vt 0.134293 0.682660
vt 0.150302 0.678759
vt 0.167082 0.655562
vt 0.134396 0.656405
vt 0.150408 0.651781
vt 0.167391 0.631918
vt 0.134706 0.632762
vt 0.150726 0.627486
vt 0.167901 0.611291
vt 0.317637 0.467434
vt 0.301604 0.439465
vt 0.318097 0.446953
vt 0.300754 0.486054
vt 0.284927 0.467680
vt 0.301131 0.460509
vt 0.300480 0.515663
vt 0.284561 0.492541
vt 0.317270 0.492295
vt 0.300314 0.548828
vt 0.284294 0.521356
vt 0.317004 0.521110
vt 0.300259 0.584983
vt 0.284133 0.553633
vt 0.316842 0.553387
vt 0.300314 0.623508
vt 0.284079 0.588819
vt 0.316788 0.588573
vt 0.300480 0.663745
vt 0.284133 0.626312
vt 0.316842 0.626066
vt 0.300754 0.705005
vt 0.284294 0.665471
vt 0.317004 0.665225
vt 0.301131 0.746582
vt 0.284561 0.705625
vt 0.317270 0.705379
vt 0.301604 0.787765
vt 0.284927 0.746088
vt 0.317637 0.745842
vt 0.106397 0.399768
vt 0.121312 0.439508
vt 0.092848 0.410323
vt 0.124960 0.384847
vt 0.132720 0.426757
vt 0.104105 0.358789
vt 0.082936 0.370452
vt 0.067479 0.378623
vt 0.086151 0.331109
vt 0.062738 0.339312
vt 0.045638 0.344951
vt 0.071405 0.302281
vt 0.046148 0.306881
vt 0.027699 0.309881
vt 0.060119 0.272798
vt 0.033451 0.273713
vt 0.013969 0.274015
vt 0.052486 0.243165
vt 0.024864 0.240375
vt 0.004683 0.237966
vt 0.048636 0.213888
vt 0.020533 0.207439
vt 0.000000 0.202351
vt 0.048636 0.185470
vt 0.020533 0.175468
vt 0.000000 0.167780
vt 0.052486 0.158395
vt 0.024864 0.145009
vt 0.004683 0.134843
vt 0.033451 0.116583
vt 0.060119 0.133127
vt 0.013969 0.104105
vt 0.046148 0.090676
vt 0.071405 0.110099
vt 0.027699 0.076091
vt 0.062738 0.067732
vt 0.086151 0.089704
vt 0.045638 0.051280
vt 0.082936 0.048143
vt 0.104105 0.072292
vt 0.067479 0.030098
vt 0.106397 0.032245
vt 0.124960 0.058160
vt 0.092848 0.012907
vt 0.132720 0.020309
vt 0.148358 0.047550
vt 0.121312 0.000000
vt 0.143562 0.083708
vt 0.164035 0.074425
vt 0.157220 0.102043
vt 0.175552 0.093731
vt 0.140881 0.113116
vt 0.125315 0.096073
vt 0.126814 0.126758
vt 0.109605 0.111309
vt 0.115260 0.142737
vt 0.096702 0.129155
vt 0.106418 0.160780
vt 0.086826 0.149304
vt 0.100437 0.180577
vt 0.080147 0.171413
vt 0.076779 0.195104
vt 0.097421 0.201790
vt 0.076779 0.219970
vt 0.097421 0.224056
vt 0.080147 0.245587
vt 0.100437 0.246994
vt 0.086826 0.271516
vt 0.106418 0.270211
vt 0.096702 0.297314
vt 0.115260 0.293311
vt 0.109605 0.322538
vt 0.126814 0.315897
vt 0.125315 0.346758
vt 0.140881 0.337584
vt 0.143562 0.369559
vt 0.157220 0.358001
vt 0.164035 0.390551
vt 0.148357 0.408838
vt 0.334477 0.622188
vt 0.318097 0.648584
vt 0.318153 0.623511
vt 0.350811 0.648655
vt 0.350866 0.623582
vt 0.334517 0.597667
vt 0.350909 0.597966
vt 0.318195 0.597894
vt 0.334545 0.573044
vt 0.350937 0.572244
vt 0.318224 0.572172
vt 0.334559 0.548743
vt 0.350952 0.546857
vt 0.318238 0.546785
vt 0.334559 0.525177
vt 0.350952 0.522239
vt 0.318238 0.522167
vt 0.334545 0.502751
vt 0.350937 0.498811
vt 0.318224 0.498739
vt 0.334517 0.481848
vt 0.350909 0.476974
vt 0.318195 0.476903
vt 0.334477 0.462826
vt 0.350866 0.457103
vt 0.318153 0.457031
vt 0.334424 0.446010
vt 0.350811 0.439536
vt 0.318097 0.439465
vt 0.923056 0.695415
vt 0.938441 0.683580
vt 0.938906 0.699142
vt 0.955711 0.696172
vt 0.923351 0.713013
vt 0.939189 0.715988
vt 0.956006 0.713769
vt 0.923450 0.731650
vt 0.939283 0.733828
vt 0.956105 0.732406
vt 0.923351 0.751007
vt 0.939189 0.752358
vt 0.956006 0.751764
vt 0.923056 0.770754
vt 0.938906 0.771260
vt 0.955711 0.771510
vt 0.922570 0.790551
vt 0.938441 0.790211
vt 0.955225 0.791308
vt 0.186902 0.073401
vt 0.193883 0.102043
vt 0.175552 0.093736
vt 0.202517 0.046149
vt 0.207373 0.082678
vt 0.225914 0.056752
vt 0.225620 0.095038
vt 0.210221 0.113109
vt 0.246767 0.070877
vt 0.241328 0.110268
vt 0.224287 0.126747
vt 0.264719 0.088283
vt 0.254230 0.128108
vt 0.235839 0.142721
vt 0.279465 0.108671
vt 0.264105 0.148253
vt 0.244682 0.160760
vt 0.290750 0.131695
vt 0.270784 0.170358
vt 0.250662 0.180553
vt 0.302232 0.184029
vt 0.298383 0.156958
vt 0.274152 0.194046
vt 0.302232 0.212445
vt 0.274152 0.218909
vt 0.253678 0.201763
vt 0.298383 0.241719
vt 0.270784 0.244525
vt 0.253678 0.224027
vt 0.290750 0.271351
vt 0.264105 0.270453
vt 0.250662 0.246963
vt 0.279465 0.300834
vt 0.254230 0.296250
vt 0.244682 0.270180
vt 0.264719 0.329663
vt 0.241328 0.321476
vt 0.235839 0.293280
vt 0.246767 0.357345
vt 0.225620 0.345697
vt 0.224287 0.315867
vt 0.225914 0.383406
vt 0.207374 0.368501
vt 0.210221 0.337555
vt 0.202518 0.407401
vt 0.186902 0.389496
vt 0.193883 0.357974
vt 0.218215 0.425690
vt 0.244536 0.398697
vt 0.229788 0.439465
vt 0.258250 0.410275
vt 0.267996 0.369378
vt 0.283618 0.378572
vt 0.288192 0.338236
vt 0.305457 0.344896
vt 0.304781 0.305803
vt 0.323395 0.309826
vt 0.317477 0.272635
vt 0.337124 0.273960
vt 0.326064 0.239299
vt 0.346409 0.237912
vt 0.330394 0.206365
vt 0.351092 0.202300
vt 0.330394 0.174397
vt 0.351092 0.167732
vt 0.326064 0.143942
vt 0.346409 0.134799
vt 0.337124 0.104066
vt 0.317477 0.115521
vt 0.323395 0.076059
vt 0.304781 0.089620
vt 0.305457 0.051256
vt 0.288192 0.066683
vt 0.283618 0.030081
vt 0.267996 0.047101
vt 0.258250 0.012898
vt 0.244536 0.031210
vt 0.229788 0.000000
vt 0.218215 0.019283
vt 0.338099 0.795251
vt 0.328196 0.805147
vt 0.328097 0.796197
vt 0.338269 0.814067
vt 0.338201 0.804447
vt 0.348102 0.805073
vt 0.348003 0.796123
vt 0.337966 0.786635
vt 0.347874 0.787738
vt 0.327967 0.787811
vt 0.074929 0.613702
vt 0.085068 0.607943
vt 0.083569 0.615229
vt 0.094107 0.611217
vt 0.091928 0.618256
vt 0.102687 0.616057
vt 0.099862 0.622733
vt 0.337804 0.778746
vt 0.347716 0.780061
vt 0.110661 0.622382
vt 0.107237 0.628582
vt 0.337616 0.771721
vt 0.347533 0.773224
vt 0.327810 0.780134
vt 0.327627 0.773297
vt 0.377828 0.609388
vt 0.388329 0.609842
vt 0.380736 0.615405
vt 0.386038 0.603372
vt 0.396429 0.605672
vt 0.394797 0.598862
vt 0.404898 0.602965
vt 0.398779 0.615124
vt 0.391579 0.618831
vt 0.406307 0.612718
vt 0.403954 0.595935
vt 0.413590 0.601769
vt 0.414033 0.611655
vt 0.328263 0.814509
vt 0.320769 0.806984
vt 0.422357 0.602104
vt 0.421826 0.611953
vt 0.414564 0.621651
vt 0.407804 0.622582
vt 0.421383 0.621912
vt 0.415041 0.629079
vt 0.408987 0.629912
vt 0.401217 0.624687
vt 0.403089 0.631797
vt 0.622400 0.253466
vt 0.612443 0.259753
vt 0.612437 0.254100
vt 0.622406 0.259371
vt 0.612446 0.265551
vt 0.602489 0.253469
vt 0.602495 0.259374
vt 0.622409 0.271535
vt 0.622409 0.265429
vt 0.602499 0.271537
vt 0.602499 0.265431
vt 0.595233 0.271921
vt 0.595233 0.265102
vt 0.595229 0.258337
vt 0.073200 0.633532
vt 0.066207 0.623673
vt 0.074005 0.623673
vt 0.081685 0.625030
vt 0.079920 0.634720
vt 0.078747 0.641702
vt 0.086421 0.637075
vt 0.084568 0.643811
vt 0.089115 0.627721
vt 0.096168 0.631700
vt 0.092592 0.640556
vt 0.102723 0.636899
vt 0.098328 0.645105
vt 0.108669 0.643229
vt 0.103531 0.650644
vt 0.113926 0.635703
vt 0.117894 0.630082
vt 0.119815 0.643974
vt 0.113903 0.650582
vt 0.124262 0.639027
vt 0.564798 0.604426
vt 0.574711 0.611445
vt 0.564763 0.613233
vt 0.564838 0.596880
vt 0.574747 0.602395
vt 0.584709 0.604427
vt 0.584674 0.613235
vt 0.584748 0.596882
vt 0.363603 0.625502
vt 0.373781 0.622266
vt 0.367581 0.630307
vt 0.370306 0.616806
vt 0.378647 0.629875
vt 0.373137 0.637022
vt 0.384830 0.623776
vt 0.389011 0.632258
vt 0.383602 0.637594
vt 0.394917 0.627931
vt 0.397448 0.634702
vt 0.392160 0.638576
vt 0.622378 0.242511
vt 0.612428 0.248689
vt 0.612416 0.243613
vt 0.622390 0.247814
vt 0.602467 0.242513
vt 0.602480 0.247816
vt 0.090094 0.646928
vt 0.095230 0.651002
vt 0.972579 0.172026
vt 0.982493 0.175326
vt 0.972549 0.177182
vt 0.099889 0.655961
vt 0.982465 0.181455
vt 0.972522 0.183049
vt 0.989718 0.177095
vt 0.108111 0.657078
vt 0.989693 0.184654
vt 0.982442 0.188224
vt 0.118336 0.658831
vt 0.111990 0.664296
vt 0.124802 0.653255
vt 0.121892 0.667836
vt 0.115101 0.672175
vt 0.128803 0.663386
vt 0.557469 0.627294
vt 0.564708 0.634014
vt 0.557446 0.637339
vt 0.557497 0.618121
vt 0.564733 0.623153
vt 0.574654 0.632798
vt 0.574680 0.621638
vt 0.584644 0.623155
vt 0.584619 0.634016
vt 0.591955 0.627297
vt 0.591932 0.637342
vt 0.591983 0.618124
vt 0.357861 0.649362
vt 0.368392 0.645097
vt 0.364496 0.653960
vt 0.362244 0.639391
vt 0.374629 0.650913
vt 0.371219 0.658668
vt 0.378780 0.643848
vt 0.955207 0.184645
vt 0.962554 0.181450
vt 0.962532 0.188219
vt 0.387316 0.643354
vt 0.382999 0.648955
vt 0.962582 0.175320
vt 0.972500 0.189529
vt 0.962514 0.195511
vt 0.972483 0.196509
vt 0.982424 0.195516
vt 0.989673 0.192798
vt 0.982413 0.203206
vt 0.972472 0.203871
vt 0.989660 0.201386
vt 0.124511 0.677442
vt 0.117393 0.680581
vt 0.989654 0.210273
vt 0.982407 0.211164
vt 0.126147 0.687486
vt 0.118824 0.689369
vt 0.133589 0.685492
vt 0.131749 0.674193
vt 0.557428 0.648083
vt 0.564676 0.657808
vt 0.557417 0.659342
vt 0.564689 0.645632
vt 0.574622 0.657247
vt 0.574635 0.644736
vt 0.584600 0.645634
vt 0.584587 0.657810
vt 0.591915 0.648086
vt 0.591903 0.659346
vt 0.352236 0.671270
vt 0.361513 0.663459
vt 0.359496 0.673434
vt 0.354505 0.660049
vt 0.368609 0.666980
vt 0.366845 0.675708
vt 0.955168 0.210264
vt 0.962502 0.203201
vt 0.962496 0.211158
vt 0.955175 0.201377
vt 0.955188 0.192788
vt 0.972466 0.211488
vt 0.962496 0.219247
vt 0.972466 0.219230
vt 0.982407 0.219252
vt 0.989654 0.219306
vt 0.982413 0.227332
vt 0.972472 0.226965
vt 0.989660 0.228330
vt 0.119371 0.698390
vt 0.126377 0.708193
vt 0.119025 0.707488
vt 0.126772 0.697795
vt 0.133847 0.708788
vt 0.134293 0.697090
vt 0.557411 0.670925
vt 0.564670 0.682992
vt 0.557411 0.682632
vt 0.564670 0.670333
vt 0.574615 0.683125
vt 0.574615 0.670116
vt 0.584581 0.670334
vt 0.584581 0.682994
vt 0.591897 0.670928
vt 0.591897 0.682635
vt 0.351092 0.694539
vt 0.358479 0.683712
vt 0.358479 0.694117
vt 0.351092 0.682832
vt 0.365955 0.684701
vt 0.365955 0.693806
vt 0.955175 0.228321
vt 0.962502 0.227327
vt 0.955168 0.219297
vt 0.962514 0.235262
vt 0.955188 0.237182
vt 0.972483 0.234561
vt 0.982424 0.235267
vt 0.972500 0.241887
vt 0.962532 0.242915
vt 0.982442 0.242920
vt 0.989673 0.237192
vt 0.989693 0.245738
vt 0.115691 0.725297
vt 0.124966 0.718502
vt 0.122566 0.728546
vt 0.117791 0.716508
vt 0.132261 0.720385
vt 0.129560 0.731685
vt 0.557428 0.705621
vt 0.564676 0.695570
vt 0.564689 0.707851
vt 0.557417 0.694264
vt 0.574622 0.696049
vt 0.574635 0.708668
vt 0.584600 0.707853
vt 0.584587 0.695572
vt 0.591915 0.705624
vt 0.591903 0.694267
vt 0.352236 0.706189
vt 0.361513 0.714601
vt 0.354505 0.717583
vt 0.359496 0.704473
vt 0.368609 0.711729
vt 0.366845 0.702867
vt 0.955207 0.245729
vt 0.371219 0.720241
vt 0.364496 0.724329
vt 0.962554 0.250155
vt 0.955233 0.253815
vt 0.972522 0.248817
vt 0.962582 0.256859
vt 0.955264 0.261302
vt 0.972549 0.255235
vt 0.982465 0.250161
vt 0.982493 0.256864
vt 0.989718 0.253824
vt 0.989749 0.261311
vt 0.109048 0.741582
vt 0.119216 0.738153
vt 0.114974 0.747158
vt 0.112759 0.733702
vt 0.125792 0.742492
vt 0.121020 0.752622
vt 0.557469 0.726742
vt 0.564708 0.719625
vt 0.564733 0.730690
vt 0.557446 0.716509
vt 0.574654 0.720766
vt 0.574680 0.732136
vt 0.584644 0.730692
vt 0.584619 0.719627
vt 0.591955 0.726745
vt 0.591932 0.716512
vt 0.357861 0.728527
vt 0.368392 0.733489
vt 0.362244 0.738832
vt 0.374628 0.728256
vt 0.373137 0.741926
vt 0.367581 0.748324
vt 0.378780 0.735638
vt 0.382999 0.731146
vt 0.383601 0.742261
vt 0.378647 0.749494
vt 0.387316 0.737076
vt 0.328521 0.871311
vt 0.338418 0.877627
vt 0.328419 0.876732
vt 0.972579 0.261029
vt 0.962614 0.262912
vt 0.348428 0.871307
vt 0.348325 0.876728
vt 0.982525 0.262917
vt 0.096324 0.749613
vt 0.104619 0.748800
vt 0.099550 0.755233
vt 0.100864 0.743852
vt 0.109913 0.755407
vt 0.104119 0.762759
vt 0.115326 0.761903
vt 0.108808 0.770175
vt 0.119408 0.766547
vt 0.112360 0.775492
vt 0.557497 0.736145
vt 0.564763 0.740858
vt 0.564798 0.749953
vt 0.574711 0.742583
vt 0.574747 0.751929
vt 0.584709 0.749955
vt 0.584674 0.740860
vt 0.363603 0.753117
vt 0.373781 0.756838
vt 0.370306 0.762324
vt 0.591983 0.736148
vt 0.380736 0.764230
vt 0.377828 0.770318
vt 0.384830 0.756065
vt 0.389011 0.748010
vt 0.391579 0.761526
vt 0.388329 0.770374
vt 0.394917 0.752788
vt 0.320914 0.880737
vt 0.328270 0.888552
vt 0.320842 0.887482
vt 0.392160 0.742224
vt 0.328335 0.882512
vt 0.338276 0.888942
vt 0.338337 0.883160
vt 0.348241 0.882508
vt 0.348177 0.888548
vt 0.085842 0.758645
vt 0.093926 0.760772
vt 0.087843 0.765321
vt 0.091288 0.754572
vt 0.097691 0.769089
vt 0.090740 0.774288
vt 0.101577 0.777296
vt 0.093757 0.783145
vt 0.104540 0.783192
vt 0.096084 0.789517
vt 0.792533 0.822827
vt 0.802501 0.813522
vt 0.802481 0.821935
vt 0.564838 0.757822
vt 0.574787 0.760014
vt 0.812444 0.822825
vt 0.584748 0.757823
vt 0.386038 0.776961
vt 0.812429 0.831566
vt 0.802466 0.830916
vt 0.396429 0.775163
vt 0.394797 0.782139
vt 0.398779 0.765783
vt 0.404898 0.778516
vt 0.403954 0.785765
vt 0.406307 0.768764
vt 0.407803 0.759121
vt 0.401217 0.756513
vt 0.320793 0.894403
vt 0.328205 0.900996
vt 0.320769 0.901380
vt 0.328227 0.894749
vt 0.338213 0.900854
vt 0.338234 0.894874
vt 0.348133 0.894745
vt 0.348111 0.900993
vt 0.074097 0.763872
vt 0.081407 0.768803
vt 0.074726 0.771158
vt 0.080079 0.761763
vt 0.083384 0.778268
vt 0.075749 0.780959
vt 0.085481 0.787621
vt 0.076892 0.790649
vt 0.087136 0.794357
vt 0.077848 0.797631
vt 0.792508 0.840714
vt 0.802456 0.840313
vt 0.792518 0.831568
vt 0.812419 0.840711
vt 0.792504 0.850107
vt 0.802451 0.849965
vt 0.812414 0.850104
vt 0.413590 0.780376
vt 0.413353 0.787777
vt 0.812414 0.859585
vt 0.802451 0.859707
vt 0.422357 0.780711
vt 0.422834 0.788139
vt 0.421826 0.770715
vt 0.414033 0.770417
vt 0.421383 0.760828
vt 0.414564 0.760568
vt 0.320769 0.908295
vt 0.328227 0.913218
vt 0.320793 0.915029
vt 0.328205 0.907188
vt 0.338234 0.912554
vt 0.338213 0.906781
vt 0.348111 0.907184
vt 0.348133 0.913214
vt 0.061889 0.764935
vt 0.067916 0.772345
vt 0.061093 0.772345
vt 0.067999 0.764935
vt 0.067966 0.782316
vt 0.060168 0.782316
vt 0.068136 0.792176
vt 0.059363 0.792176
vt 0.785238 0.859258
vt 0.792504 0.859587
vt 0.785238 0.850491
vt 0.792508 0.868992
vt 0.785242 0.867956
vt 0.802456 0.869371
vt 0.812419 0.868990
vt 0.802466 0.878793
vt 0.792518 0.878162
vt 0.812429 0.878159
vt 0.441391 0.783919
vt 0.431050 0.779515
vt 0.439518 0.776808
vt 0.432233 0.786845
vt 0.429553 0.769651
vt 0.437080 0.767246
vt 0.428144 0.759898
vt 0.434731 0.757793
vt 0.427200 0.752868
vt 0.433098 0.750983
vt 0.421147 0.753701
vt 0.328335 0.924383
vt 0.338276 0.918072
vt 0.338337 0.923242
vt 0.328270 0.918983
vt 0.348241 0.924380
vt 0.348177 0.918979
vt 0.055872 0.763872
vt 0.047872 0.768803
vt 0.050051 0.761763
vt 0.054373 0.771158
vt 0.045059 0.778268
vt 0.052489 0.780959
vt 0.042365 0.787621
vt 0.050724 0.790649
vt 0.040512 0.794357
vt 0.034430 0.783145
vt 0.038006 0.774288
vt 0.031932 0.789517
vt 0.802481 0.887811
vt 0.792533 0.886938
vt 0.023958 0.783192
vt 0.027055 0.777296
vt 0.802501 0.896270
vt 0.792552 0.895171
vt 0.812444 0.886935
vt 0.812463 0.895169
vt 0.458360 0.773393
vt 0.447618 0.772638
vt 0.455211 0.767074
vt 0.450150 0.779409
vt 0.444280 0.763538
vt 0.451030 0.758593
vt 0.441031 0.754549
vt 0.446936 0.750222
vt 0.438739 0.748079
vt 0.444027 0.744204
vt 0.328521 0.933732
vt 0.338418 0.927975
vt 0.338516 0.932190
vt 0.328419 0.929328
vt 0.348428 0.933728
vt 0.348325 0.929324
vt 0.044525 0.758645
vt 0.035965 0.760772
vt 0.039389 0.754572
vt 0.041701 0.765321
vt 0.031450 0.769089
vt 0.025505 0.762760
vt 0.030762 0.755233
vt 0.020367 0.770175
vt 0.016725 0.775492
vt 0.014478 0.761903
vt 0.020270 0.755407
vt 0.318521 0.920584
vt 0.311309 0.916141
vt 0.318564 0.911783
vt 0.311262 0.925658
vt 0.301365 0.917731
vt 0.311209 0.934020
vt 0.301317 0.927510
vt 0.291352 0.925645
vt 0.291398 0.916128
vt 0.291299 0.934007
vt 0.472585 0.757279
vt 0.462167 0.760214
vt 0.468366 0.752173
vt 0.465881 0.765974
vt 0.457212 0.752495
vt 0.462723 0.745347
vt 0.452346 0.744886
vt 0.457168 0.738632
vt 0.448871 0.739426
vt 0.453189 0.733826
vt 0.976501 0.906634
vt 0.966516 0.910274
vt 0.966538 0.904844
vt 0.976479 0.912307
vt 0.966492 0.914926
vt 0.956591 0.906632
vt 0.956568 0.912305
vt 0.034730 0.749613
vt 0.026182 0.748800
vt 0.030629 0.743852
vt 0.949346 0.904385
vt 0.956610 0.900244
vt 0.015837 0.747158
vt 0.022303 0.741582
vt 0.009491 0.752623
vt 0.012281 0.738153
vt 0.019191 0.733702
vt 0.005490 0.742492
vt 0.318600 0.902064
vt 0.311379 0.894309
vt 0.318629 0.891594
vt 0.311348 0.905631
vt 0.301438 0.895298
vt 0.301406 0.906932
vt 0.291438 0.905618
vt 0.291469 0.894296
vt 0.284115 0.902042
vt 0.284144 0.891572
vt 0.284079 0.911761
vt 0.478087 0.733118
vt 0.467467 0.737273
vt 0.471364 0.728410
vt 0.473703 0.743089
vt 0.461319 0.731567
vt 0.464728 0.723812
vt 0.983850 0.896576
vt 0.976521 0.900246
vt 0.976537 0.893250
vt 0.983832 0.904388
vt 0.966557 0.898729
vt 0.966572 0.892032
vt 0.956626 0.893248
vt 0.949364 0.896573
vt 0.956638 0.885766
vt 0.966584 0.884869
vt 0.949377 0.888216
vt 0.009662 0.728546
vt 0.016900 0.725297
vt 0.949387 0.879458
vt 0.956646 0.877924
vt 0.008026 0.718502
vt 0.015469 0.716508
vt 0.000704 0.720385
vt 0.002544 0.731685
vt 0.318650 0.880551
vt 0.311416 0.870013
vt 0.318663 0.869125
vt 0.311402 0.882368
vt 0.301476 0.870334
vt 0.301461 0.883029
vt 0.291492 0.882356
vt 0.291506 0.870000
vt 0.284165 0.880529
vt 0.284178 0.869103
vt 0.483711 0.711210
vt 0.474346 0.718910
vt 0.476363 0.708936
vt 0.481442 0.722431
vt 0.467338 0.715500
vt 0.469103 0.706772
vt 0.983873 0.879462
vt 0.976549 0.885767
vt 0.976557 0.877926
vt 0.983863 0.888219
vt 0.966591 0.877363
vt 0.976561 0.869859
vt 0.966595 0.869641
vt 0.956651 0.869857
vt 0.949391 0.870450
vt 0.956651 0.861704
vt 0.966595 0.861836
vt 0.949391 0.861344
vt 0.014921 0.707488
vt 0.007797 0.697795
vt 0.015268 0.698390
vt 0.007401 0.708193
vt 0.000445 0.697090
vt -0.000000 0.708788
vt 0.318668 0.857512
vt 0.311416 0.844909
vt 0.318663 0.845909
vt 0.311421 0.857455
vt 0.301476 0.844538
vt 0.301480 0.857430
vt 0.291510 0.857442
vt 0.291506 0.844896
vt 0.284182 0.857490
vt 0.284178 0.845887
vt 0.484856 0.687941
vt 0.477380 0.698658
vt 0.477380 0.688252
vt 0.484856 0.699647
vt 0.469993 0.697779
vt 0.469993 0.688674
vt 0.983877 0.861347
vt 0.976561 0.861706
vt 0.983877 0.870453
vt 0.976557 0.853605
vt 0.983873 0.852300
vt 0.966591 0.854082
vt 0.956646 0.853603
vt 0.966584 0.846511
vt 0.976549 0.845695
vt 0.956638 0.845694
vt 0.949387 0.852297
vt 0.949377 0.843464
vt 0.018602 0.680581
vt 0.009207 0.687486
vt 0.011608 0.677442
vt 0.016502 0.689369
vt 0.002032 0.685492
vt 0.004732 0.674193
vt 0.318629 0.823527
vt 0.311402 0.832589
vt 0.311379 0.820706
vt 0.318650 0.834516
vt 0.301461 0.831879
vt 0.301438 0.819669
vt 0.291469 0.820693
vt 0.291492 0.832576
vt 0.284144 0.823505
vt 0.284165 0.834494
vt 0.483711 0.676291
vt 0.474346 0.667768
vt 0.481442 0.664896
vt 0.476363 0.677897
vt 0.467338 0.670751
vt 0.469103 0.679613
vt 0.983863 0.843467
vt 0.464728 0.662239
vt 0.471364 0.658041
vt 0.976537 0.838112
vt 0.983850 0.834998
vt 0.966572 0.839252
vt 0.976521 0.830986
vt 0.983832 0.827039
vt 0.966557 0.832430
vt 0.956626 0.838111
vt 0.956610 0.830984
vt 0.949364 0.834995
vt 0.949346 0.827036
vt 0.025245 0.664296
vt 0.014957 0.667836
vt 0.019199 0.658831
vt 0.021533 0.672175
vt 0.008501 0.663386
vt 0.013273 0.653255
vt 0.318564 0.803505
vt 0.311348 0.809464
vt 0.311309 0.799055
vt 0.318600 0.813131
vt 0.301406 0.808117
vt 0.301365 0.797422
vt 0.291398 0.799042
vt 0.291438 0.809451
vt 0.284079 0.803483
vt 0.284115 0.813109
vt 0.478087 0.653953
vt 0.467467 0.648880
vt 0.473703 0.643647
vt 0.461319 0.654224
vt 0.462723 0.640444
vt 0.468366 0.634156
vt 0.457168 0.646841
vt 0.976501 0.824437
vt 0.983810 0.819726
vt 0.452346 0.640219
vt 0.457212 0.632875
vt 0.448871 0.645705
vt 0.966516 0.820554
vt 0.976479 0.818579
vt 0.966538 0.826161
vt 0.956591 0.824436
vt 0.956568 0.818578
vt 0.038295 0.655961
vt 0.029673 0.657078
vt 0.034743 0.650644
vt 0.949324 0.819723
vt 0.024260 0.650582
vt 0.030054 0.643229
vt 0.018967 0.643974
vt 0.025485 0.635703
vt 0.015211 0.639027
vt 0.022260 0.630082
vt 0.009054 0.649062
vt 0.348003 0.861725
vt 0.337966 0.871307
vt 0.338099 0.862659
vt 0.311262 0.789657
vt 0.301317 0.787765
vt 0.328097 0.861798
vt 0.291352 0.789644
vt 0.472585 0.629663
vt 0.462167 0.625642
vt 0.465881 0.620456
vt 0.478356 0.639927
vt 0.455211 0.618250
vt 0.458360 0.612463
vt 0.451030 0.626305
vt 0.446936 0.634470
vt 0.444281 0.620844
vt 0.447618 0.612106
vt 0.441031 0.629692
vt 0.438739 0.636279
vt 0.444027 0.640557
vt 0.622378 0.294377
vt 0.612428 0.288214
vt 0.622390 0.289104
vt 0.966492 0.815703
vt 0.976453 0.813512
vt 0.602467 0.294380
vt 0.602480 0.289107
vt 0.956543 0.813510
vt 0.048777 0.646928
vt 0.040367 0.645106
vt 0.046450 0.640556
vt 0.043331 0.651002
vt 0.036482 0.636899
vt 0.043433 0.631700
vt 0.032716 0.628582
vt 0.040536 0.622733
vt 0.030079 0.622382
vt 0.038535 0.616057
vt 0.348169 0.843372
vt 0.338201 0.853437
vt 0.338269 0.843800
vt 0.348102 0.852750
vt 0.328263 0.843445
vt 0.328196 0.852824
vt 0.320831 0.842402
vt 0.328297 0.833823
vt 0.338304 0.833913
vt 0.320862 0.833504
vt 0.437081 0.616587
vt 0.439518 0.607317
vt 0.320862 0.824533
vt 0.328297 0.824122
vt 0.429553 0.613606
vt 0.431050 0.603964
vt 0.428144 0.623358
vt 0.434731 0.625967
vt 0.427200 0.630608
vt 0.433098 0.632943
vt 0.622400 0.283475
vt 0.612443 0.277187
vt 0.622406 0.277585
vt 0.612437 0.282825
vt 0.602489 0.283477
vt 0.602495 0.277587
vt 0.060522 0.641702
vt 0.052886 0.637075
vt 0.059566 0.634720
vt 0.054541 0.643811
vt 0.050789 0.627721
vt 0.058424 0.625030
vt 0.048812 0.618256
vt 0.057401 0.615229
vt 0.047483 0.611217
vt 0.056771 0.607943
vt 0.348203 0.824049
vt 0.338304 0.823945
vt 0.348203 0.833750
vt 0.348169 0.814435
vt 0.320831 0.815642
vt 0.066157 0.613702
vt 0.066239 0.606292
vt 0.075726 0.606292
vt 0.066377 0.633532
vt 0.595229 0.278677
vt 0.612446 0.271396
vt 0.421147 0.629313
vt 0.168687 0.439582
vt 0.166589 0.446343
vt 0.166494 0.439571
vt 0.170883 0.446280
vt 0.170787 0.439508
vt 0.168786 0.446540
vt 0.166654 0.452972
vt 0.170947 0.452910
vt 0.168852 0.453352
vt 0.166686 0.459347
vt 0.170980 0.459284
vt 0.168885 0.459902
vt 0.166686 0.465356
vt 0.170980 0.465294
vt 0.168885 0.466077
vt 0.166654 0.470899
vt 0.170947 0.470836
vt 0.168852 0.471772
vt 0.166589 0.475879
vt 0.170883 0.475816
vt 0.168687 0.481342
vt 0.168786 0.476889
vt 0.173213 0.443915
vt 0.171211 0.440270
vt 0.173315 0.439508
vt 0.175502 0.440173
vt 0.173138 0.448702
vt 0.171111 0.444559
vt 0.175403 0.444461
vt 0.173093 0.453786
vt 0.171038 0.449217
vt 0.175330 0.449120
vt 0.173078 0.459082
vt 0.170994 0.454166
vt 0.175286 0.454068
vt 0.173093 0.464498
vt 0.170980 0.459320
vt 0.175271 0.459222
vt 0.173138 0.469942
vt 0.170994 0.464591
vt 0.175286 0.464493
vt 0.173213 0.475321
vt 0.171038 0.469889
vt 0.175330 0.469791
vt 0.173315 0.480542
vt 0.171111 0.475123
vt 0.175403 0.475026
vt 0.691690 0.977184
vt 0.694323 0.982483
vt 0.689279 0.980123
vt 0.694983 0.973145
vt 0.696354 0.979366
vt 0.691288 0.970651
vt 0.687533 0.974378
vt 0.684784 0.977089
vt 0.688107 0.967645
vt 0.683954 0.970997
vt 0.680914 0.973432
vt 0.685494 0.964180
vt 0.681015 0.967098
vt 0.677735 0.969217
vt 0.683494 0.960313
vt 0.678765 0.962749
vt 0.675302 0.964513
vt 0.682141 0.956113
vt 0.677243 0.958023
vt 0.673657 0.959403
vt 0.681459 0.951649
vt 0.676476 0.953001
vt 0.672827 0.953973
vt 0.681459 0.946999
vt 0.676476 0.947770
vt 0.672827 0.948317
vt 0.682141 0.942243
vt 0.677243 0.942419
vt 0.673657 0.942530
vt 0.678765 0.937039
vt 0.683494 0.937461
vt 0.675302 0.936713
vt 0.681015 0.931723
vt 0.685494 0.932735
vt 0.677735 0.930964
vt 0.683954 0.926561
vt 0.688107 0.928147
vt 0.680914 0.925382
vt 0.687533 0.921642
vt 0.691288 0.923774
vt 0.684784 0.920063
vt 0.691690 0.917050
vt 0.694983 0.919692
vt 0.689279 0.915098
vt 0.696354 0.912864
vt 0.699129 0.915971
vt 0.694323 0.910571
vt 0.698276 0.922317
vt 0.701903 0.919061
vt 0.700685 0.924220
vt 0.703933 0.921304
vt 0.697790 0.927418
vt 0.695042 0.925888
vt 0.695298 0.930844
vt 0.692259 0.929714
vt 0.693250 0.934439
vt 0.689972 0.933729
vt 0.691683 0.938141
vt 0.688223 0.937864
vt 0.690624 0.941888
vt 0.687039 0.942048
vt 0.686442 0.946210
vt 0.690089 0.945615
vt 0.686442 0.950279
vt 0.690089 0.949258
vt 0.687039 0.954184
vt 0.690624 0.952755
vt 0.688223 0.957860
vt 0.691683 0.956046
vt 0.689972 0.961243
vt 0.693250 0.959075
vt 0.692259 0.964275
vt 0.695298 0.961791
vt 0.695042 0.966905
vt 0.697790 0.964145
vt 0.698276 0.969087
vt 0.700685 0.966099
vt 0.701903 0.970785
vt 0.699129 0.975084
vt 0.173133 0.506123
vt 0.170987 0.509513
vt 0.170984 0.506606
vt 0.175281 0.509587
vt 0.175278 0.506680
vt 0.173131 0.503141
vt 0.175276 0.503565
vt 0.170982 0.503491
vt 0.173129 0.500011
vt 0.175275 0.500295
vt 0.170980 0.500221
vt 0.173129 0.496785
vt 0.175274 0.496926
vt 0.170980 0.496852
vt 0.173129 0.493521
vt 0.175274 0.493515
vt 0.170980 0.493441
vt 0.173129 0.490272
vt 0.175275 0.490122
vt 0.170980 0.490048
vt 0.173131 0.487095
vt 0.175276 0.486803
vt 0.170982 0.486729
vt 0.173133 0.484045
vt 0.175278 0.483616
vt 0.170984 0.483542
vt 0.173135 0.481173
vt 0.175281 0.480616
vt 0.170987 0.480542
vt 0.170843 0.500997
vt 0.168837 0.502749
vt 0.168768 0.499946
vt 0.166552 0.500900
vt 0.170799 0.497668
vt 0.168726 0.496760
vt 0.166508 0.497571
vt 0.170784 0.493995
vt 0.168712 0.493244
vt 0.166494 0.493898
vt 0.170799 0.490040
vt 0.168726 0.489458
vt 0.166508 0.489944
vt 0.170843 0.485872
vt 0.168768 0.485468
vt 0.166552 0.485775
vt 0.170915 0.481561
vt 0.168837 0.481342
vt 0.166624 0.481465
vt 0.674855 0.847100
vt 0.676076 0.852302
vt 0.672827 0.849386
vt 0.677628 0.843994
vt 0.678483 0.850356
vt 0.681774 0.847716
vt 0.681716 0.853928
vt 0.678971 0.855500
vt 0.685470 0.851797
vt 0.684500 0.857754
vt 0.681463 0.858926
vt 0.688651 0.856170
vt 0.686786 0.861769
vt 0.683511 0.862521
vt 0.691264 0.860759
vt 0.688536 0.865904
vt 0.685077 0.866224
vt 0.693264 0.865484
vt 0.689720 0.870088
vt 0.686137 0.869971
vt 0.695298 0.875024
vt 0.694616 0.870267
vt 0.690316 0.874251
vt 0.695298 0.879674
vt 0.690316 0.878320
vt 0.686672 0.873698
vt 0.694616 0.884139
vt 0.689720 0.882226
vt 0.686672 0.877341
vt 0.693264 0.888340
vt 0.688536 0.885902
vt 0.686137 0.880839
vt 0.691264 0.892207
vt 0.686786 0.889286
vt 0.685077 0.884131
vt 0.688651 0.895673
vt 0.684500 0.892319
vt 0.683511 0.887160
vt 0.685470 0.898679
vt 0.681716 0.894949
vt 0.681463 0.889876
vt 0.681774 0.901174
vt 0.678483 0.897132
vt 0.678971 0.892231
vt 0.677628 0.903115
vt 0.674855 0.898830
vt 0.676076 0.894186
vt 0.680404 0.907412
vt 0.685068 0.905229
vt 0.682438 0.910571
vt 0.687482 0.908210
vt 0.689225 0.902422
vt 0.691977 0.905175
vt 0.692804 0.899040
vt 0.695847 0.901518
vt 0.695744 0.895141
vt 0.699026 0.897301
vt 0.697994 0.890790
vt 0.701459 0.892597
vt 0.699516 0.886064
vt 0.703104 0.887486
vt 0.700283 0.881042
vt 0.703934 0.882055
vt 0.700283 0.875810
vt 0.703934 0.876398
vt 0.699516 0.870458
vt 0.703104 0.870611
vt 0.701459 0.864793
vt 0.697994 0.865078
vt 0.699026 0.859044
vt 0.695744 0.859761
vt 0.695847 0.853462
vt 0.692804 0.854599
vt 0.691977 0.848143
vt 0.689225 0.849680
vt 0.687482 0.843177
vt 0.685068 0.845088
vt 0.682438 0.838650
vt 0.680404 0.840901
vt 0.677477 0.276432
vt 0.694863 0.295417
vt 0.677477 0.295265
vt 0.641250 0.259784
vt 0.660087 0.283817
vt 0.641250 0.283814
vt 0.715020 0.242585
vt 0.732412 0.266209
vt 0.715020 0.266211
vt 0.622409 0.283817
vt 0.641250 0.259785
vt 0.641250 0.283815
vt 0.713640 0.276138
vt 0.696248 0.298796
vt 0.696248 0.276245
vt 0.660087 0.242583
vt 0.677477 0.283817
vt 0.660087 0.283799
vt 0.880179 0.246020
vt 0.872766 0.246034
vt 0.865496 0.244586
vt 0.858648 0.241731
vt 0.847243 0.232290
vt 0.900461 0.237490
vt 0.843125 0.226066
vt 0.905702 0.232181
vt 0.840289 0.219148
vt 0.838842 0.211801
vt 0.909820 0.225942
vt 0.838842 0.204307
vt 0.914103 0.211661
vt 0.840289 0.196955
vt 0.914103 0.204168
vt 0.843125 0.190026
vt 0.847243 0.183788
vt 0.912657 0.196820
vt 0.852485 0.178479
vt 0.905702 0.183679
vt 0.858648 0.174304
vt 0.900461 0.178390
vt 0.865496 0.171424
vt 0.872766 0.169948
vt 0.894297 0.174238
vt 0.880179 0.169935
vt 0.887449 0.171383
vt 0.909820 0.189902
vt 0.912657 0.219014
vt 0.730511 0.838556
vt 0.603977 0.900264
vt 0.599873 0.894099
vt 0.595605 0.872565
vt 0.597046 0.887249
vt 0.595605 0.879978
vt 0.597046 0.865295
vt 0.603977 0.852285
vt 0.609200 0.847045
vt 0.622167 0.912469
vt 0.615342 0.842929
vt 0.636799 0.913922
vt 0.622167 0.840095
vt 0.644044 0.912478
vt 0.629412 0.838652
vt 0.650868 0.909644
vt 0.636799 0.838655
vt 0.657010 0.905528
vt 0.644044 0.840104
vt 0.650868 0.842944
vt 0.662233 0.900289
vt 0.657010 0.847065
vt 0.666337 0.894127
vt 0.662233 0.852309
vt 0.669164 0.887279
vt 0.666337 0.858475
vt 0.670605 0.872596
vt 0.669164 0.865325
vt 0.670605 0.880009
vt 0.629412 0.913918
vt 0.757400 0.838120
vt 0.595605 0.838652
vt 0.608116 0.838487
vt 0.637430 0.838407
vt 0.181331 0.964704
vt 0.195019 0.963339
vt 0.669500 0.838611
vt 0.698185 0.838568
vt 0.703934 0.838075
vt 0.469596 0.955606
vt 0.914656 0.169935
vt 0.881778 0.167752
vt 0.838842 0.167563
vt 0.410403 0.950770
vt 0.118504 0.965583
vt 0.030706 0.965875
vt 0.588071 0.955707
vt 0.723931 0.150921
vt 0.709449 0.158606
vt 0.753638 0.083459
vt 0.693734 0.163367
vt 0.617631 0.123069
vt 0.677391 0.165021
vt 0.661048 0.163503
vt 0.645333 0.158874
vt 0.630850 0.151309
vt 0.618155 0.141101
vt 0.599996 0.114409
vt 0.595229 0.098950
vt 0.595229 0.066756
vt 0.599996 0.051258
vt 0.747044 0.128060
vt 0.736626 0.140606
vt 0.759552 0.098264
vt 0.754785 0.113762
vt 0.759552 0.066070
vt 0.607737 0.036961
vt 0.618155 0.024414
vt 0.630850 0.014100
vt 0.645333 0.006415
vt 0.677391 0.000000
vt 0.693734 0.001517
vt 0.709449 0.006147
vt 0.723931 0.013711
vt 0.736626 0.023919
vt 0.747044 0.036379
vt 0.000002 0.531113
vt -0.000000 0.514687
vt 0.003197 0.498576
vt 0.009471 0.483399
vt 0.018580 0.469741
vt 0.030174 0.458126
vt 0.043807 0.448999
vt 0.075039 0.439508
vt 0.091437 0.439508
vt 0.107520 0.442713
vt 0.122670 0.448999
vt 0.136306 0.458126
vt 0.147902 0.469741
vt 0.157014 0.483399
vt 0.163291 0.498576
vt 0.166492 0.514687
vt 0.157023 0.562401
vt 0.166494 0.531113
vt 0.163296 0.547225
vt 0.147914 0.576059
vt 0.136320 0.587675
vt 0.122687 0.596801
vt 0.107537 0.603087
vt 0.091455 0.606292
vt 0.075057 0.606292
vt 0.058974 0.603087
vt 0.030188 0.587674
vt 0.018591 0.576059
vt 0.009480 0.562401
vt 0.505448 0.298819
vt 0.595605 0.312919
vt 0.398656 0.594344
vt 0.540298 0.568911
vt 0.498916 0.594514
vt 0.924396 0.555188
vt 0.351092 0.013541
vt 0.442848 -0.000000
vt 0.351092 0.593951
vt 0.351092 0.320465
vt 0.838842 0.268670
vt 0.765355 0.269218
vt 0.759552 0.000000
vt 0.783214 0.838620
vt 0.594338 0.298810
vt 0.578579 0.298813
vt 0.562820 0.298816
vt 0.595229 0.021705
vt 0.174958 0.875538
vt 0.914103 0.196528
vt 0.922602 0.629765
vt 0.345178 0.669322
vt 0.331346 0.652300
vt 0.163859 0.779268
vt 0.163160 0.892842
vt 0.925846 0.179174
vt 0.934175 0.645797
vt 0.596715 0.215061
vt 0.595229 0.207575
vt 0.595229 0.199943
vt 0.596715 0.192458
vt 0.599629 0.185408
vt 0.603860 0.179063
vt 0.609245 0.173667
vt 0.615577 0.169428
vt 0.622612 0.166508
vt 0.630081 0.165020
vt 0.637697 0.165022
vt 0.645166 0.166512
vt 0.658533 0.173675
vt 0.663918 0.179072
vt 0.668149 0.185419
vt 0.672549 0.199956
vt 0.672549 0.207588
vt 0.671063 0.215073
vt 0.663918 0.228469
vt 0.658533 0.233865
vt 0.652201 0.238104
vt 0.645166 0.241023
vt 0.637697 0.242511
vt 0.630081 0.242510
vt 0.622612 0.241020
vt 0.615577 0.238098
vt 0.609245 0.233857
vt 0.603860 0.228459
vt 0.599629 0.222113
vt 0.894795 0.813358
vt 0.909755 0.813236
vt 0.674013 0.215022
vt 0.672549 0.207535
vt 0.672549 0.199903
vt 0.674013 0.192420
vt 0.676884 0.185373
vt 0.681052 0.179032
vt 0.686357 0.173643
vt 0.699526 0.166500
vt 0.706884 0.165021
vt 0.714387 0.165030
vt 0.721745 0.166529
vt 0.728676 0.169459
vt 0.728676 0.238127
vt 0.734914 0.173707
vt 0.744387 0.185462
vt 0.740219 0.179111
vt 0.747258 0.192517
vt 0.747258 0.215119
vt 0.748722 0.200004
vt 0.748722 0.207636
vt 0.744387 0.222166
vt 0.740219 0.228506
vt 0.734914 0.233896
vt 0.721745 0.241039
vt 0.714387 0.242518
vt 0.706884 0.242508
vt 0.699526 0.241009
vt 0.692595 0.238080
vt 0.681052 0.228428
vt 0.922570 0.812857
vt 0.867526 0.298863
vt 0.854875 0.298983
vt 0.818352 0.298898
vt 0.234931 0.939282
vt 0.248980 0.937841
vt 0.264170 0.937850
vt 0.278190 0.939308
vt 0.806545 0.298935
vt 0.792490 0.298828
vt 0.770002 0.298892
vt 0.757400 0.299076
vt 0.867525 0.812799
vt 0.879965 0.813204
vt 0.957346 0.000120
vt 0.167882 0.978886
vt 0.715020 0.242583
vt 0.956105 0.755864
vt 0.785238 0.896274
vt 0.696248 0.242583
vt 0.151250 0.606292
vt 0.285388 0.786167
vt 0.318097 0.785921
vt 0.175552 0.376797
vt 0.334424 0.646189
vt 0.922570 0.679158
vt 0.955225 0.679914
vt 0.175552 0.376774
vt 0.413354 0.594642
vt 0.574787 0.594642
vt 0.982525 0.169940
vt 0.989749 0.170249
vt 0.955233 0.177086
vt 0.962614 0.169935
vt 0.379282 0.724536
vt 0.338516 0.872438
vt 0.104829 0.737389
vt 0.792552 0.814640
vt 0.812463 0.814637
vt 0.785242 0.841804
vt 0.049551 0.797631
vt 0.301263 0.936103
vt 0.976453 0.917166
vt 0.956543 0.917165
vt 0.949324 0.911520
vt 0.983810 0.911523
vt 0.453189 0.651635
vt 0.033755 0.661722
vt 0.347874 0.870142
vt 0.327967 0.870215
vt 0.612416 0.293262
vt 0.320769 0.851075
vt 0.166494 0.480212
vt 0.170787 0.480149
vt 0.171211 0.480204
vt 0.175502 0.480107
vt 0.703933 0.967619
vt 0.173135 0.508906
vt 0.170915 0.503925
vt 0.166624 0.503828
vt 0.672827 0.895707
vt 0.694863 0.276585
vt 0.660087 0.242511
vt 0.732412 0.242583
vt 0.622409 0.242511
vt 0.713640 0.298689
vt 0.677477 0.242601
s 1
usemtl Material.001
f 10/1/1 5/2/1 60/3/1
f 1/4/2 64/5/2 2/6/2
f 6/7/3 1/4/3 4/8/3
f 5/9/4 6/7/4 4/8/4
f 57/10/5 62/11/5 9/12/5
f 10/13/6 7/14/6 5/9/6
f 11/15/7 8/16/7 10/13/7
f 14/17/8 11/18/8 12/19/8
f 13/20/9 14/17/9 12/19/9
f 16/21/10 13/20/10 18/22/10
f 17/23/11 18/22/11 19/24/11
f 22/25/12 19/24/12 20/26/12
f 21/27/13 22/25/13 20/26/13
f 24/28/14 21/27/14 26/29/14
f 25/30/15 26/29/15 27/31/15
f 28/32/16 25/33/16 27/34/16
f 31/35/17 28/32/17 29/36/17
f 34/37/18 31/35/18 29/36/18
f 33/38/19 34/37/19 35/39/19
f 38/40/20 35/39/20 36/41/20
f 39/42/21 36/41/21 37/43/21
f 40/44/22 37/43/22 42/45/22
f 41/46/23 42/45/23 43/47/23
f 44/48/24 41/49/24 43/50/24
f 45/51/25 46/52/25 44/48/25
f 50/53/26 47/54/26 45/51/26
f 49/55/27 50/53/27 51/56/27
f 54/57/28 51/56/28 52/58/28
f 53/59/29 54/57/29 52/58/29
f 58/60/30 55/61/30 53/59/30
f 57/62/31 58/60/31 59/63/31
f 62/64/32 59/65/32 60/66/32
f 63/67/33 60/66/33 61/68/33
f 64/5/34 61/68/34 2/6/34
f 66/69/35 67/70/35 65/71/35
f 68/72/36 69/73/36 67/70/36
f 70/74/37 71/75/37 69/73/37
f 72/76/38 73/77/38 71/75/38
f 74/78/39 75/79/39 73/80/39
f 76/81/40 77/82/40 75/79/40
f 78/83/41 79/84/42 77/82/43
f 79/84/44 82/85/45 81/86/46
f 82/85/47 83/87/48 81/86/49
f 83/87/50 86/88/51 85/89/52
f 86/88/53 87/90/53 85/89/53
f 88/91/54 89/92/54 87/90/54
f 90/93/55 91/94/55 89/95/55
f 92/96/56 93/97/56 91/94/56
f 94/98/57 95/99/57 93/97/57
f 96/100/58 97/101/58 95/99/58
f 97/101/59 100/102/59 99/103/59
f 99/103/60 102/104/60 101/105/60
f 101/105/61 104/106/61 103/107/61
f 103/107/62 106/108/62 105/109/62
f 105/110/63 108/111/63 107/112/63
f 107/112/64 110/113/64 109/114/64
f 109/114/65 112/115/66 111/116/67
f 111/116/68 114/117/69 113/118/70
f 113/118/71 116/119/71 115/120/71
f 116/119/72 117/121/73 115/120/74
f 117/121/75 120/122/76 119/123/77
f 119/123/78 122/124/78 121/125/78
f 121/126/79 124/127/79 123/128/79
f 123/128/80 126/129/80 125/130/80
f 112/131/81 98/132/82 84/133/83
f 125/130/84 128/134/84 127/135/84
f 127/135/85 66/69/85 65/71/85
f 119/136/86 127/137/86 79/138/86
f 133/139/87 131/140/88 129/141/89
f 149/142/90 132/143/91 131/140/88
f 134/144/92 136/145/93 137/146/94
f 144/147/95 133/148/95 134/144/95
f 139/149/96 142/150/97 134/151/98
f 143/152/99 140/153/100 145/154/101
f 142/150/102 144/155/103 134/151/104
f 143/156/105 135/157/106 144/158/107
f 146/159/108 147/160/108 148/161/108
f 157/162/109 153/163/110 152/164/111
f 152/164/112 155/165/112 154/166/112
f 162/167/113 158/168/114 157/169/115
f 158/170/116 161/171/117 160/172/118
f 141/173/119 167/174/120 162/175/121
f 167/174/122 169/176/122 168/177/122
f 218/178/123 186/179/123 187/180/123
f 187/180/124 186/179/124 188/181/124
f 188/181/125 186/179/125 189/182/125
f 189/182/126 186/179/126 190/183/126
f 190/183/127 186/179/127 191/184/127
f 191/184/128 186/179/128 192/185/128
f 192/185/129 186/179/129 193/186/129
f 193/186/130 186/179/130 194/187/130
f 194/187/131 186/179/131 195/188/131
f 195/188/132 186/179/132 196/189/132
f 196/189/133 186/179/133 197/190/133
f 197/190/134 186/179/134 198/191/134
f 198/191/135 186/179/135 199/192/135
f 199/192/136 186/179/136 200/193/136
f 200/193/137 186/179/137 201/194/137
f 201/194/138 186/179/138 202/195/138
f 202/195/139 186/179/139 203/196/139
f 203/196/140 186/179/140 204/197/140
f 204/197/141 186/179/141 205/198/141
f 205/198/142 186/179/142 206/199/142
f 206/199/143 186/179/143 207/200/143
f 207/200/144 186/179/144 208/201/144
f 208/201/145 186/179/145 209/202/145
f 209/202/146 186/179/146 210/203/146
f 210/203/147 186/179/147 211/204/147
f 211/204/148 186/179/148 212/205/148
f 212/205/149 186/179/149 213/206/149
f 213/206/150 186/179/150 214/207/150
f 214/207/151 186/179/151 215/208/151
f 215/208/152 186/179/152 216/209/152
f 216/209/153 186/179/153 217/210/153
f 217/210/154 186/179/154 218/178/154
f 219/211/155 187/180/155 222/212/155
f 221/213/156 218/178/156 219/211/156
f 220/214/157 222/212/157 223/215/157
f 283/216/158 219/211/158 220/214/158
f 222/212/159 188/181/159 224/217/160
f 223/215/161 224/217/161 225/218/161
f 224/217/162 189/182/162 226/219/162
f 225/218/163 226/219/163 227/220/163
f 226/219/164 190/183/164 228/221/164
f 227/220/165 228/221/165 229/222/165
f 190/183/166 230/223/166 228/221/166
f 229/222/167 230/223/167 231/224/167
f 191/184/168 232/225/168 230/223/168
f 230/223/169 233/226/169 231/224/169
f 192/185/170 234/227/170 232/225/170
f 232/225/171 235/228/171 233/226/171
f 193/186/172 236/229/172 234/227/172
f 234/227/173 237/230/174 235/228/174
f 194/187/175 238/231/175 236/229/175
f 236/229/176 239/232/176 237/230/176
f 195/188/177 240/233/177 238/231/177
f 238/231/178 241/234/178 239/232/178
f 196/189/179 242/235/179 240/233/179
f 240/233/180 243/236/180 241/234/180
f 197/190/181 244/237/181 242/235/181
f 242/235/182 245/238/182 243/236/182
f 198/191/183 246/239/183 244/237/183
f 244/237/184 247/240/184 245/238/184
f 199/192/185 248/241/185 246/239/185
f 246/239/186 249/242/186 247/240/186
f 200/193/187 250/243/187 248/241/187
f 248/241/188 251/244/188 249/242/188
f 201/194/189 252/245/189 250/243/189
f 250/243/190 253/246/190 251/244/190
f 202/195/191 254/247/192 252/245/192
f 252/245/193 255/248/193 253/246/193
f 203/196/194 256/249/195 254/247/195
f 254/247/196 257/250/196 255/248/196
f 204/197/197 258/251/198 256/249/198
f 256/249/199 259/252/199 257/250/199
f 205/198/200 260/253/200 258/251/200
f 258/251/201 261/254/201 259/252/201
f 206/199/202 262/255/202 260/253/202
f 260/253/203 263/256/203 261/254/203
f 207/200/204 264/257/204 262/255/204
f 262/255/205 265/258/205 263/256/205
f 208/201/206 266/259/206 264/257/206
f 264/257/207 267/260/207 265/258/207
f 209/202/208 268/261/208 266/259/208
f 266/259/209 269/262/209 267/260/209
f 268/261/210 211/204/210 270/263/210
f 269/262/211 270/263/211 271/264/211
f 270/263/212 212/205/212 272/265/212
f 271/264/213 272/265/213 273/266/213
f 272/265/214 213/206/214 274/267/214
f 273/266/215 274/267/215 275/268/215
f 274/267/216 214/207/216 276/269/216
f 275/268/217 276/269/217 277/270/217
f 276/269/218 215/208/218 278/271/218
f 277/270/219 278/271/219 279/272/219
f 278/271/220 216/209/220 280/273/220
f 279/272/221 280/273/221 281/274/221
f 280/273/222 217/210/222 221/213/222
f 281/274/223 221/213/223 283/216/223
f 282/275/224 283/216/224 284/276/224
f 344/277/225 281/274/225 282/275/226
f 284/276/227 220/214/227 286/278/227
f 285/279/228 286/278/228 287/280/228
f 347/281/229 284/276/229 285/279/229
f 286/278/230 223/215/230 288/282/230
f 287/280/231 288/282/231 289/283/231
f 288/282/232 225/218/232 290/284/233
f 289/283/234 290/284/234 291/285/234
f 290/284/235 227/220/235 292/286/235
f 291/285/236 292/286/236 293/287/236
f 292/286/237 229/222/237 294/288/237
f 293/287/238 294/288/238 295/289/238
f 294/288/239 231/224/239 296/290/239
f 295/289/240 296/290/240 297/291/240
f 296/290/241 233/226/241 298/292/241
f 297/291/242 298/292/242 299/293/242
f 233/226/243 300/294/243 298/292/243
f 298/292/244 301/295/244 299/293/244
f 235/228/245 302/296/245 300/294/245
f 300/297/246 303/298/246 301/299/246
f 237/230/247 304/300/247 302/296/247
f 302/301/248 305/302/248 303/298/248
f 239/232/249 306/303/249 304/300/249
f 304/304/250 307/305/250 305/302/250
f 241/234/251 308/306/251 306/303/251
f 306/307/252 309/308/252 307/305/252
f 243/236/253 310/309/253 308/306/253
f 308/310/254 311/311/254 309/308/254
f 245/238/255 312/312/255 310/309/255
f 310/309/256 313/313/256 311/314/256
f 247/240/257 314/315/257 312/312/257
f 312/312/258 315/316/258 313/313/258
f 249/242/259 316/317/259 314/315/259
f 314/318/260 317/319/260 315/320/260
f 251/244/261 318/321/261 316/317/261
f 316/322/262 319/323/262 317/319/262
f 253/246/263 320/324/263 318/321/263
f 318/325/264 321/326/264 319/323/264
f 255/248/265 322/327/265 320/324/265
f 320/328/266 323/329/266 321/326/266
f 257/250/267 324/330/267 322/327/267
f 322/331/268 325/332/268 323/329/268
f 259/252/269 326/333/269 324/330/269
f 324/334/270 327/335/270 325/332/270
f 261/254/271 328/336/271 326/333/271
f 326/333/272 329/337/272 327/338/272
f 263/256/273 330/339/273 328/336/273
f 328/336/274 331/340/274 329/337/274
f 265/258/275 332/341/275 330/339/276
f 330/339/277 333/342/277 331/340/277
f 332/341/278 269/262/278 334/343/278
f 333/342/279 334/343/279 335/344/279
f 334/343/280 271/264/280 336/345/280
f 335/346/281 336/347/281 337/348/281
f 336/345/282 273/266/282 338/349/282
f 337/348/283 338/350/283 339/351/283
f 338/349/284 275/268/284 340/352/284
f 339/353/285 340/352/285 341/354/285
f 340/352/286 277/270/286 342/355/286
f 341/354/287 342/355/287 343/356/287
f 342/355/288 279/272/288 344/277/288
f 343/356/289 344/277/289 345/357/289
f 345/357/290 282/275/290 347/281/290
f 346/358/291 347/281/291 348/359/291
f 408/360/292 345/361/292 346/362/292
f 348/363/293 285/364/293 350/365/293
f 349/366/294 350/365/294 351/367/294
f 410/368/295 348/363/295 349/366/295
f 350/365/296 287/369/296 352/370/296
f 351/367/297 352/370/297 353/371/297
f 352/370/298 289/372/298 354/373/298
f 353/371/299 354/373/299 355/374/300
f 354/373/301 291/375/301 356/376/301
f 355/374/302 356/376/302 357/377/302
f 356/376/303 293/378/303 358/379/303
f 357/377/304 358/379/304 359/380/304
f 358/379/305 295/381/305 360/382/305
f 359/380/306 360/382/306 361/383/306
f 360/384/307 297/385/307 362/386/307
f 361/383/308 362/387/308 363/388/308
f 362/386/309 299/389/309 364/390/309
f 363/391/310 364/390/310 365/392/310
f 299/389/311 366/393/311 364/390/311
f 364/390/312 367/394/312 365/392/312
f 301/299/313 368/395/313 366/393/313
f 366/393/314 369/396/314 367/394/314
f 303/298/315 370/397/315 368/395/315
f 368/395/316 371/398/316 369/396/316
f 305/302/317 372/399/317 370/397/317
f 370/397/318 373/400/318 371/398/318
f 307/305/319 374/401/319 372/399/319
f 372/399/320 375/402/320 373/400/320
f 309/308/321 376/403/321 374/401/321
f 374/401/322 377/404/322 375/402/322
f 311/311/323 378/405/323 376/403/323
f 376/403/324 379/406/324 377/404/324
f 313/407/325 380/408/325 378/409/325
f 378/409/326 381/410/326 379/411/326
f 315/320/327 382/412/327 380/408/327
f 380/408/328 383/413/328 381/410/328
f 317/319/329 384/414/329 382/412/329
f 382/412/330 385/415/330 383/413/330
f 319/323/331 386/416/331 384/414/331
f 384/414/332 387/417/332 385/415/332
f 321/326/333 388/418/333 386/416/333
f 386/416/334 389/419/334 387/417/334
f 323/329/335 390/420/335 388/418/335
f 388/418/336 391/421/336 389/419/336
f 325/332/337 392/422/337 390/420/337
f 390/420/338 393/423/338 391/421/339
f 327/335/340 394/424/340 392/422/340
f 392/422/341 395/425/341 393/423/341
f 329/426/342 396/427/342 394/428/342
f 394/428/343 397/429/343 395/430/343
f 331/431/344 398/432/344 396/427/344
f 396/427/345 399/433/345 397/429/345
f 398/432/346 335/346/346 400/434/346
f 399/433/347 400/434/347 401/435/347
f 400/434/348 337/348/348 402/436/348
f 401/435/349 402/436/349 403/437/349
f 402/436/350 339/351/350 404/438/350
f 403/437/351 404/438/351 405/439/351
f 404/438/352 341/440/352 406/441/352
f 405/439/353 406/441/353 407/442/353
f 406/441/354 343/443/354 408/360/354
f 407/442/355 408/360/355 409/444/355
f 409/444/356 346/362/356 410/445/356
f 454/446/357 446/447/357 438/448/357
f 411/449/358 474/450/358 412/451/358
f 416/452/359 411/449/359 414/453/359
f 415/454/360 416/452/360 414/453/360
f 467/455/361 473/456/361 425/457/361
f 418/458/362 415/454/362 420/459/362
f 421/460/363 418/458/363 420/459/363
f 424/461/364 421/462/364 422/463/364
f 423/464/365 424/461/365 422/463/365
f 426/465/366 423/464/366 428/466/366
f 427/467/367 428/466/367 429/468/367
f 432/469/368 429/468/368 430/470/368
f 433/471/369 430/470/369 431/472/369
f 436/473/370 433/471/370 431/472/370
f 435/474/371 436/473/371 437/475/371
f 438/476/372 435/477/372 437/478/372
f 441/479/373 438/476/373 439/480/373
f 444/481/374 441/479/374 439/480/374
f 443/482/375 444/481/375 445/483/375
f 446/484/376 443/482/376 445/483/376
f 449/485/377 446/484/377 447/486/377
f 452/487/378 449/485/378 447/486/378
f 451/488/379 452/487/379 453/489/379
f 454/490/380 451/491/380 453/492/380
f 457/493/381 454/490/381 455/494/381
f 460/495/382 457/493/382 455/494/382
f 459/496/383 460/495/383 461/497/383
f 464/498/384 461/497/384 462/499/384
f 463/500/385 464/498/385 462/499/385
f 466/501/386 463/500/386 468/502/386
f 469/503/387 466/501/387 468/502/387
f 472/504/388 469/505/388 470/506/388
f 471/507/389 472/504/389 470/506/389
f 474/450/390 471/507/390 412/451/390
f 479/508/391 475/509/391 476/510/391
f 477/511/392 476/512/392 475/513/392
f 480/514/393 475/515/393 478/516/393
f 479/517/89 480/518/89 478/519/89
f 482/520/394 480/521/394 481/522/394
f 482/523/395 479/524/395 476/525/395
f 483/526/396 487/527/396 484/528/396
f 488/529/397 483/526/397 485/530/397
f 486/531/398 490/532/398 487/527/398
f 491/533/399 486/531/399 488/529/399
f 489/534/400 493/535/400 490/532/400
f 494/536/401 489/534/401 491/533/401
f 492/537/402 496/538/402 493/535/403
f 497/539/404 492/537/404 494/536/404
f 495/540/405 499/541/405 496/538/405
f 500/542/406 495/540/406 497/539/406
f 498/543/407 502/544/407 499/541/407
f 503/545/408 498/546/408 500/547/408
f 504/548/409 502/549/409 501/550/409
f 503/545/410 504/548/410 501/550/410
f 507/551/411 505/552/411 504/548/411
f 506/553/412 507/551/412 504/548/412
f 510/554/413 508/555/413 507/551/413
f 509/556/414 510/554/414 507/551/414
f 513/557/415 511/558/415 510/554/416
f 512/559/417 513/557/417 510/554/417
f 516/560/418 514/561/418 513/557/418
f 515/562/419 516/560/419 513/557/419
f 519/563/420 517/564/420 516/560/420
f 518/565/421 519/563/421 516/560/421
f 522/566/422 520/567/422 519/563/422
f 521/568/423 522/566/423 519/563/423
f 525/569/424 523/570/424 522/566/424
f 524/571/425 525/569/425 522/566/425
f 528/572/426 526/573/426 525/569/426
f 527/574/427 528/572/427 525/569/427
f 533/575/428 530/576/428 527/577/428
f 534/578/429 531/579/429 533/575/429
f 536/580/430 533/575/430 535/581/430
f 535/581/431 527/577/431 524/582/431
f 538/583/432 535/581/432 537/584/432
f 537/584/433 524/582/433 521/585/433
f 540/586/434 537/584/434 539/587/434
f 539/587/435 521/585/435 518/588/435
f 542/589/436 539/587/436 541/590/436
f 541/590/437 518/588/437 515/591/437
f 544/592/438 541/590/438 543/593/438
f 543/593/439 515/591/440 512/594/439
f 546/595/441 543/593/441 545/596/441
f 545/596/442 512/594/442 509/597/442
f 548/598/443 545/596/443 547/599/443
f 547/599/444 509/597/444 506/600/444
f 550/601/445 547/599/445 549/602/445
f 549/602/446 506/600/446 503/603/446
f 550/601/447 551/604/447 552/605/447
f 549/602/448 500/606/448 551/604/448
f 552/605/449 553/607/449 554/608/449
f 551/604/450 497/609/450 553/607/450
f 554/608/451 555/610/451 556/611/451
f 553/607/452 494/612/452 555/610/452
f 556/611/453 557/613/453 558/614/453
f 555/610/454 491/615/454 557/613/454
f 558/614/455 559/616/455 560/617/455
f 557/613/456 488/618/456 559/616/456
f 560/617/457 561/619/457 562/620/457
f 559/616/458 485/621/458 561/619/458
f 565/622/459 562/620/459 563/623/459
f 566/624/460 563/623/460 564/625/460
f 568/626/461 565/622/461 566/624/461
f 567/627/462 560/617/462 565/622/462
f 570/628/463 567/627/463 568/626/463
f 569/629/464 558/614/464 567/627/464
f 572/630/465 569/629/465 570/628/465
f 571/631/466 556/611/466 569/629/466
f 574/632/467 571/631/467 572/630/467
f 573/633/468 554/608/468 571/631/468
f 576/634/469 573/633/469 574/632/469
f 575/635/470 552/605/470 573/633/470
f 576/634/471 577/636/471 575/635/471
f 575/635/472 548/598/472 550/601/472
f 578/637/473 579/638/473 577/636/473
f 577/636/474 546/595/474 548/598/474
f 580/639/475 581/640/475 579/638/475
f 579/638/476 544/592/476 546/595/476
f 582/641/477 583/642/477 581/640/477
f 581/640/478 542/589/478 544/592/478
f 584/643/479 585/644/479 583/642/479
f 583/642/480 540/586/480 542/589/480
f 586/645/481 587/646/481 585/644/481
f 585/644/482 538/583/482 540/586/482
f 588/647/483 589/648/483 587/646/483
f 587/646/484 536/580/484 538/583/484
f 590/649/485 591/650/485 589/648/485
f 589/648/486 534/578/486 536/580/486
f 592/651/487 593/652/487 591/650/487
f 591/650/488 532/653/488 534/578/488
f 597/654/489 594/655/489 592/656/489
f 596/657/490 597/654/490 598/658/490
f 598/658/491 599/659/491 600/660/491
f 599/659/492 592/656/492 590/661/492
f 600/660/493 601/662/493 602/663/493
f 601/662/494 590/661/494 588/664/494
f 602/663/495 603/665/495 604/666/495
f 603/665/496 588/664/496 586/667/496
f 604/666/497 605/668/497 606/669/497
f 605/668/498 586/667/498 584/670/498
f 606/669/499 607/671/499 608/672/499
f 607/671/500 584/670/500 582/673/500
f 608/672/501 609/674/501 610/675/501
f 609/674/502 582/673/502 580/676/502
f 610/675/503 611/677/503 612/678/503
f 611/677/504 580/676/504 578/679/504
f 612/678/505 613/680/505 614/681/505
f 613/680/506 578/679/506 576/682/506
f 616/683/507 613/684/507 615/685/507
f 613/684/508 574/686/508 615/685/508
f 618/687/509 615/685/509 617/688/509
f 615/685/510 572/689/510 617/688/510
f 620/690/511 617/688/511 619/691/511
f 617/688/512 570/692/512 619/691/513
f 622/693/514 619/691/514 621/694/514
f 619/691/515 568/695/515 621/694/515
f 624/696/516 621/694/516 623/697/516
f 621/694/517 566/698/517 623/697/517
f 626/699/518 623/697/518 625/700/518
f 623/697/519 564/701/519 625/700/519
f 627/702/520 624/703/520 626/704/520
f 628/705/521 629/706/521 627/702/521
f 630/707/522 631/708/522 629/706/522
f 629/706/523 622/709/523 624/703/523
f 632/710/524 633/711/524 631/708/525
f 631/708/526 620/712/526 622/709/526
f 634/713/527 635/714/527 633/711/527
f 633/711/528 618/715/528 620/712/528
f 636/716/529 637/717/529 635/714/529
f 635/714/530 616/718/530 618/715/530
f 638/719/531 639/720/531 637/717/531
f 637/717/532 614/721/532 616/718/532
f 642/722/533 639/720/533 640/723/533
f 641/724/534 614/721/534 639/720/534
f 644/725/535 641/724/535 642/722/535
f 643/726/536 612/727/536 641/724/536
f 646/728/537 643/726/537 644/725/537
f 645/729/538 610/730/538 643/726/538
f 648/731/539 645/729/539 646/728/539
f 647/732/540 608/733/540 645/729/540
f 650/734/541 647/732/541 648/731/541
f 649/735/542 606/736/542 647/732/542
f 652/737/543 649/735/543 650/734/543
f 651/738/544 604/739/544 649/735/544
f 654/740/545 651/738/545 652/737/545
f 653/741/546 602/742/546 651/738/546
f 656/743/547 653/741/547 654/740/547
f 655/744/548 600/745/548 653/741/548
f 658/746/549 655/744/549 656/743/549
f 657/747/550 598/748/550 655/744/550
f 659/749/551 656/743/551 660/750/551
f 529/751/552 660/750/552 526/752/552
f 526/752/553 661/753/553 523/754/553
f 660/750/554 654/740/554 661/753/554
f 523/754/555 662/755/555 520/756/555
f 661/753/556 652/737/556 662/755/556
f 520/756/557 663/757/557 517/758/557
f 662/755/558 650/734/558 663/757/558
f 517/758/559 664/759/559 514/760/559
f 663/757/560 648/731/560 664/759/560
f 514/760/561 665/761/561 511/762/561
f 664/759/562 646/728/562 665/761/562
f 511/762/563 666/763/563 508/764/563
f 665/761/564 644/725/564 666/763/564
f 508/764/565 667/765/565 505/766/565
f 666/763/566 642/722/566 667/765/566
f 505/766/567 668/767/567 502/768/567
f 667/765/568 640/723/568 668/767/568
f 499/769/569 668/767/569 669/770/569
f 669/770/570 640/723/570 638/719/570
f 496/771/571 669/770/571 670/772/571
f 670/772/572 638/719/572 636/716/572
f 493/773/573 670/772/573 671/774/573
f 671/774/574 636/716/574 634/713/574
f 490/775/575 671/774/575 672/776/575
f 672/776/576 634/713/576 632/710/576
f 487/777/577 672/776/577 673/778/577
f 673/778/578 632/710/578 630/707/578
f 484/779/579 673/778/579 674/780/579
f 674/780/580 630/707/580 628/705/580
f 679/781/581 676/782/581 681/783/581
f 677/784/582 676/782/582 675/785/582
f 678/786/583 677/784/583 675/785/583
f 678/786/584 679/781/584 682/787/584
f 682/787/585 680/788/585 684/789/585
f 680/788/586 681/783/586 694/790/586
f 1249/791/587 682/792/587 683/793/587
f 683/793/588 684/794/588 685/795/588
f 685/795/589 686/796/589 687/797/589
f 684/789/590 689/798/590 686/799/590
f 687/797/591 688/800/591 729/801/591
f 686/799/592 690/802/592 688/803/592
f 690/802/593 691/804/593 692/805/593
f 689/798/594 694/790/594 691/804/594
f 692/806/595 693/807/595 741/808/595
f 691/809/596 695/810/596 693/807/596
f 694/811/597 697/812/597 695/810/597
f 693/807/598 696/813/598 744/814/598
f 695/810/599 698/815/599 696/813/599
f 681/816/600 699/817/600 697/812/600
f 697/812/601 701/818/601 698/815/601
f 1245/819/602 699/820/602 676/782/602
f 700/821/603 701/818/603 699/817/603
f 702/822/604 703/823/604 701/818/604
f 698/815/605 703/823/605 706/824/605
f 704/825/606 705/826/606 703/823/606
f 706/824/607 705/826/607 708/827/607
f 696/813/608 706/824/608 707/828/608
f 707/828/609 708/827/609 709/829/609
f 709/830/610 710/831/610 711/832/610
f 708/833/611 713/834/611 710/831/611
f 710/831/612 752/835/612 711/832/612
f 713/834/613 712/836/613 710/831/613
f 1250/837/614 713/834/614 705/838/614
f 713/834/615 716/839/615 715/840/615
f 715/840/616 718/841/616 717/842/616
f 715/840/617 720/843/617 712/836/617
f 717/844/618 1248/845/618 719/846/618
f 717/844/619 722/847/619 720/848/619
f 712/849/620 721/850/620 752/851/620
f 720/848/621 723/852/621 721/850/621
f 722/847/622 685/795/622 723/852/622
f 719/846/623 683/793/623 722/847/623
f 721/850/624 724/853/624 725/854/624
f 723/852/625 687/797/625 724/853/625
f 725/854/626 726/855/626 727/856/626
f 724/853/627 729/801/627 726/855/627
f 727/856/628 728/857/628 756/858/628
f 726/855/629 730/859/629 728/857/629
f 729/801/630 732/860/630 730/859/630
f 728/857/631 731/861/631 759/862/631
f 730/859/632 733/863/633 731/861/633
f 732/864/634 735/865/634 733/866/634
f 688/867/635 734/868/635 732/864/635
f 735/865/636 736/869/636 737/870/636
f 734/868/637 692/871/637 736/869/637
f 737/872/638 738/873/638 739/874/638
f 736/875/639 741/808/639 738/873/639
f 739/874/640 740/876/640 775/877/640
f 738/873/641 742/878/641 740/876/641
f 741/808/642 744/814/642 742/878/642
f 740/876/643 743/879/643 778/880/643
f 742/878/644 745/881/644 743/879/644
f 744/814/645 707/828/645 745/881/645
f 743/879/646 746/882/646 747/883/646
f 745/881/647 709/829/647 746/882/647
f 747/884/648 748/885/648 749/886/648
f 746/887/649 711/832/649 748/885/649
f 748/885/650 751/888/650 749/886/650
f 711/832/651 750/889/651 748/885/651
f 750/890/652 727/856/652 751/891/652
f 752/851/653 725/854/653 750/890/653
f 749/892/654 753/893/654 754/894/654
f 751/891/655 756/858/655 753/895/655
f 754/894/656 755/896/656 781/897/656
f 753/893/657 757/898/657 755/896/657
f 756/858/658 759/862/658 757/899/658
f 755/896/659 758/900/659 784/901/659
f 757/899/660 760/902/660 758/903/660
f 759/862/661 762/904/661 760/902/661
f 758/903/662 761/905/662 787/906/662
f 760/902/663 763/907/663 761/905/663
f 762/908/664 765/909/664 763/910/664
f 731/911/665 764/912/665 762/908/665
f 764/912/666 767/913/666 765/909/666
f 733/866/667 766/914/667 764/912/667
f 767/913/668 768/915/668 769/916/668
f 766/914/669 737/870/669 768/915/669
f 769/916/670 770/917/670 771/918/670
f 768/915/671 739/919/671 770/917/671
f 771/920/672 772/921/672 773/922/673
f 770/923/674 775/877/674 772/921/674
f 773/922/675 774/924/675 807/925/675
f 772/921/676 776/926/676 774/924/676
f 775/877/677 778/880/677 776/926/677
f 774/927/678 777/928/678 780/929/678
f 776/926/679 779/930/679 777/931/679
f 778/880/680 747/883/680 779/930/680
f 777/928/681 754/894/681 781/897/681
f 779/932/682 749/892/682 754/894/682
f 780/929/683 781/897/683 782/933/683
f 781/897/684 784/901/684 782/933/684
f 808/934/685 782/933/685 783/935/685
f 782/933/686 785/936/686 783/935/686
f 784/901/687 787/937/687 785/936/687
f 783/935/688 786/938/688 810/939/688
f 785/936/689 788/940/689 786/938/689
f 787/906/690 790/941/690 788/942/690
f 786/938/691 789/943/691 813/944/691
f 788/942/692 791/945/692 789/946/693
f 790/941/694 793/947/694 791/945/694
f 761/905/695 792/948/695 790/941/695
f 792/949/696 795/950/696 793/951/696
f 763/910/697 794/952/697 792/949/697
f 794/952/698 797/953/698 795/950/698
f 765/909/699 796/954/699 794/952/699
f 797/953/700 798/955/700 799/956/700
f 796/954/701 769/916/701 798/955/701
f 799/956/702 800/957/702 801/958/702
f 798/955/703 771/918/703 800/957/703
f 801/959/704 802/960/704 803/961/704
f 800/962/705 773/922/705 802/960/705
f 803/961/706 804/963/706 805/964/706
f 802/960/707 807/925/707 804/963/707
f 805/965/708 806/966/708 809/967/708
f 804/968/709 808/934/709 806/966/709
f 807/969/710 780/929/710 808/934/710
f 806/966/711 783/935/711 810/939/711
f 809/967/712 810/939/712 811/970/712
f 810/939/713 813/944/713 811/970/713
f 834/971/714 811/970/714 812/972/714
f 811/970/715 814/973/715 812/972/715
f 813/944/716 816/974/716 814/973/716
f 812/972/717 815/975/717 837/976/717
f 814/973/718 817/977/718 815/975/718
f 816/978/719 819/979/719 817/980/719
f 789/946/720 818/981/720 816/978/720
f 818/981/721 821/982/721 819/979/721
f 791/945/722 820/983/722 818/981/722
f 820/984/723 823/985/723 821/986/723
f 793/951/724 822/987/724 820/984/724
f 822/987/725 825/988/725 823/985/725
f 795/950/726 824/989/726 822/987/726
f 825/988/727 826/990/727 827/991/727
f 824/989/728 799/956/728 826/990/728
f 827/991/729 828/992/729 829/993/729
f 826/990/730 801/958/730 828/992/730
f 829/994/731 830/995/731 831/996/731
f 828/997/732 803/961/732 830/995/732
f 831/996/733 832/998/733 833/999/733
f 830/995/734 805/964/734 832/998/734
f 833/1000/735 834/971/735 835/1001/735
f 832/1002/736 809/967/736 834/971/736
f 835/1001/737 812/972/737 837/976/737
f 833/1000/738 836/1003/738 858/1004/738
f 835/1001/739 838/1005/739 836/1003/739
f 838/1005/740 815/975/740 840/1006/740
f 836/1003/741 839/1007/741 861/1008/741
f 839/1007/742 840/1006/742 841/1009/742
f 841/1009/743 842/1010/743 843/1011/743
f 840/1006/744 817/977/744 842/1010/744
f 843/1012/745 844/1013/745 845/1014/745
f 842/1015/746 819/979/746 844/1013/746
f 845/1014/747 846/1016/747 847/1017/747
f 844/1013/748 821/982/748 846/1016/748
f 847/1018/749 848/1019/749 849/1020/749
f 846/1021/750 823/985/750 848/1019/750
f 849/1020/751 850/1022/751 851/1023/751
f 848/1019/752 825/988/752 850/1022/752
f 850/1022/753 853/1024/753 851/1023/753
f 825/988/754 852/1025/754 850/1022/754
f 852/1025/755 855/1026/755 853/1024/755
f 827/991/756 854/1027/756 852/1025/756
f 854/1028/757 857/1029/757 855/1030/757
f 829/994/758 856/1031/758 854/1028/758
f 856/1031/759 859/1032/759 857/1029/759
f 831/996/760 858/1033/760 856/1031/760
f 858/1004/761 861/1008/761 859/1034/761
f 857/1029/762 860/1035/762 882/1036/762
f 859/1034/763 862/1037/763 860/1038/763
f 861/1008/764 864/1039/764 862/1037/764
f 860/1038/765 863/1040/765 885/1041/765
f 862/1037/766 865/1042/766 863/1040/766
f 865/1042/767 866/1043/767 867/1044/767
f 864/1039/768 841/1009/768 866/1043/768
f 867/1044/769 868/1045/769 869/1046/769
f 866/1043/770 843/1011/770 868/1045/770
f 869/1047/771 870/1048/771 871/1049/771
f 868/1050/772 845/1014/772 870/1048/772
f 871/1049/773 872/1051/773 873/1052/773
f 870/1048/774 847/1017/774 872/1051/774
f 873/1053/775 874/1054/775 875/1055/775
f 872/1056/776 849/1020/776 874/1054/776
f 875/1055/777 876/1057/777 877/1058/777
f 874/1054/778 851/1023/778 876/1057/778
f 876/1057/779 879/1059/779 877/1058/779
f 851/1023/780 878/1060/780 876/1057/780
f 878/1060/781 881/1061/781 879/1059/781
f 853/1024/782 880/1062/782 878/1060/782
f 880/1063/783 883/1064/783 881/1065/783
f 855/1030/784 882/1036/784 880/1063/784
f 882/1036/785 885/1066/785 883/1064/785
f 881/1065/786 884/1067/786 906/1068/786
f 883/1064/787 886/1069/787 884/1067/787
f 885/1066/788 888/1070/788 886/1069/788
f 884/1067/789 887/1071/789 909/1072/789
f 886/1069/790 889/1073/790 887/1071/791
f 888/1074/792 891/1075/792 889/1076/792
f 863/1040/793 890/1077/793 888/1078/793
f 891/1075/794 892/1079/794 893/1080/794
f 890/1077/795 867/1044/795 892/1081/795
f 893/1082/796 894/1083/796 895/1084/796
f 892/1085/797 869/1047/797 894/1083/797
f 895/1084/798 896/1086/798 897/1087/798
f 894/1083/799 871/1049/799 896/1086/799
f 897/1087/800 898/1088/800 899/1089/800
f 896/1086/801 873/1052/801 898/1088/801
f 899/1089/802 900/1090/802 901/1091/802
f 898/1092/803 875/1055/803 900/1093/803
f 901/1094/804 902/1095/804 903/1096/804
f 900/1093/805 877/1058/805 902/1095/805
f 902/1095/806 905/1097/806 903/1096/806
f 877/1058/807 904/1098/807 902/1095/807
f 904/1099/808 907/1100/808 905/1101/808
f 879/1059/809 906/1102/809 904/1098/809
f 906/1068/810 909/1072/810 907/1100/810
f 905/1101/811 908/1103/811 930/1104/811
f 907/1100/812 910/1105/812 908/1103/812
f 909/1072/813 912/1106/813 910/1105/813
f 908/1103/814 911/1107/814 933/1108/814
f 910/1105/815 913/1109/815 911/1107/815
f 912/1110/816 915/1111/816 913/1112/816
f 887/1071/817 914/1113/817 912/1106/817
f 914/1114/818 917/1115/818 915/1111/818
f 889/1076/819 916/1116/819 914/1114/819
f 917/1115/820 918/1117/820 919/1118/820
f 916/1116/821 893/1080/821 918/1117/821
f 919/1119/822 920/1120/822 921/1121/822
f 918/1122/823 895/1084/823 920/1120/823
f 921/1121/824 922/1123/824 923/1124/824
f 920/1120/825 897/1087/825 922/1123/825
f 923/1124/826 924/1125/826 925/1126/826
f 922/1123/827 899/1089/827 924/1125/827
f 925/1126/828 926/1127/828 927/1128/828
f 924/1125/829 901/1091/829 926/1127/829
f 927/1129/830 928/1130/830 929/1131/830
f 926/1132/831 903/1096/831 928/1133/831
f 928/1130/832 931/1134/832 929/1131/832
f 903/1096/833 930/1135/833 928/1133/833
f 930/1104/834 933/1108/834 931/1136/834
f 929/1131/835 932/1137/835 954/1138/835
f 931/1136/836 934/1139/836 932/1140/836
f 933/1108/837 936/1141/837 934/1139/837
f 932/1140/838 935/1142/838 957/1143/838
f 934/1139/839 937/1144/839 935/1142/839
f 936/1141/840 939/1145/840 937/1144/840
f 911/1107/841 938/1146/841 936/1141/841
f 938/1147/842 941/1148/842 939/1149/842
f 913/1112/843 940/1150/843 938/1147/843
f 940/1150/844 943/1151/844 941/1148/844
f 915/1111/845 942/1152/845 940/1150/845
f 943/1151/846 944/1153/846 945/1154/846
f 942/1152/847 919/1118/847 944/1153/847
f 945/1155/848 946/1156/848 947/1157/848
f 944/1158/849 921/1121/849 946/1156/849
f 947/1157/850 948/1159/850 949/1160/850
f 946/1156/851 923/1124/851 948/1159/851
f 949/1160/852 950/1161/852 951/1162/852
f 948/1159/853 925/1126/853 950/1161/853
f 951/1162/854 952/1163/854 953/1164/854
f 950/1161/855 927/1128/855 952/1163/855
f 953/1165/856 954/1138/856 955/1166/856
f 952/1167/857 929/1131/857 954/1138/857
f 954/1138/858 957/1168/858 955/1166/858
f 978/1169/859 955/1166/859 956/1170/859
f 955/1166/860 958/1171/860 956/1170/860
f 957/1143/861 960/1172/861 958/1173/861
f 956/1170/614 959/1174/614 981/1175/614
f 958/1173/606 961/1176/606 959/1177/606
f 960/1172/604 963/1178/604 961/1176/604
f 935/1142/862 962/1179/862 960/1172/862
f 962/1179/603 965/1180/603 963/1178/603
f 937/1144/863 964/1181/863 962/1179/863
f 964/1182/602 967/1183/602 965/1184/602
f 939/1149/864 966/1185/864 964/1182/864
f 966/1185/582 969/1186/582 967/1183/582
f 941/1148/865 968/1187/865 966/1185/865
f 969/1186/583 970/1188/583 971/1189/583
f 968/1187/866 945/1154/866 970/1188/866
f 971/1190/867 972/1191/867 973/1192/867
f 970/1193/868 947/1157/868 972/1191/868
f 973/1192/869 974/1194/869 975/1195/869
f 972/1191/870 949/1160/870 974/1194/870
f 975/1195/618 976/1196/618 977/1197/618
f 974/1194/871 951/1162/871 976/1196/871
f 977/1198/616 978/1169/616 979/1199/616
f 976/1200/872 953/1165/872 978/1169/872
f 979/1199/615 956/1170/615 981/1175/615
f 977/1198/617 980/1201/617 1002/1202/617
f 979/1199/613 982/1203/613 980/1201/613
f 982/1203/611 959/1174/611 984/1204/611
f 980/1201/612 983/1205/612 1005/1206/612
f 983/1205/610 984/1204/610 985/1207/610
f 985/1208/609 986/1209/609 987/1210/609
f 984/1211/607 961/1176/607 986/1209/607
f 987/1210/608 988/1212/608 989/1213/608
f 986/1209/605 963/1178/605 988/1212/605
f 989/1213/599 990/1214/599 991/1215/599
f 988/1212/601 965/1180/601 990/1214/601
f 991/1215/597 992/1216/597 993/1217/597
f 990/1214/600 967/1218/600 992/1216/600
f 993/1219/586 994/1220/586 995/1221/586
f 992/1222/581 969/1186/581 994/1220/581
f 994/1220/585 997/1223/585 995/1221/585
f 969/1186/584 996/1224/584 994/1220/584
f 996/1225/588 999/1226/588 997/1227/588
f 971/1190/587 998/1228/587 996/1225/587
f 998/1228/622 1001/1229/622 999/1226/622
f 973/1192/623 1000/1230/623 998/1228/623
f 1000/1230/621 1003/1231/621 1001/1229/621
f 975/1195/619 1002/1232/619 1000/1230/619
f 1002/1232/620 1005/1233/620 1003/1231/620
f 1001/1229/624 1004/1234/624 1026/1235/624
f 1003/1231/653 1006/1236/653 1004/1234/653
f 1005/1206/651 1008/1237/651 1006/1238/651
f 1004/1234/652 1007/1239/652 1029/1240/652
f 1006/1238/650 1009/1241/650 1007/1242/650
f 1009/1241/648 1010/1243/648 1011/1244/648
f 1008/1237/649 985/1207/649 1010/1243/649
f 1011/1245/646 1012/1246/646 1013/1247/646
f 1010/1248/647 987/1210/647 1012/1246/647
f 1013/1247/644 1014/1249/644 1015/1250/644
f 1012/1246/645 989/1213/645 1014/1249/645
f 1015/1250/642 1016/1251/642 1017/1252/642
f 1014/1249/598 991/1215/598 1016/1251/598
f 1017/1252/595 1018/1253/595 1019/1254/595
f 1016/1251/596 993/1217/596 1018/1253/596
f 1019/1255/593 1020/1256/593 1021/1257/593
f 1018/1258/594 995/1221/594 1020/1256/594
f 1020/1256/592 1023/1259/592 1021/1257/592
f 995/1221/590 1022/1260/590 1020/1256/590
f 1022/1261/591 1025/1262/591 1023/1263/591
f 997/1227/589 1024/1264/589 1022/1261/589
f 1024/1264/627 1027/1265/627 1025/1262/627
f 999/1226/625 1026/1235/625 1024/1264/625
f 1026/1235/626 1029/1240/626 1027/1265/626
f 1025/1262/629 1028/1266/629 1050/1267/629
f 1027/1265/628 1030/1268/628 1028/1266/628
f 1029/1240/655 1032/1269/655 1030/1268/655
f 1028/1266/658 1031/1270/658 1053/1271/658
f 1030/1272/657 1033/1273/657 1031/1274/657
f 1032/1275/656 1035/1276/656 1033/1273/656
f 1007/1277/654 1034/1278/654 1032/1275/654
f 1035/1276/873 1036/1279/873 1037/1280/874
f 1034/1278/682 1011/1281/682 1036/1279/875
f 1037/1282/876 1038/1283/876 1039/1284/876
f 1036/1285/680 1013/1247/680 1038/1283/680
f 1039/1284/677 1040/1286/677 1041/1287/677
f 1038/1283/643 1015/1250/643 1040/1286/643
f 1041/1287/640 1042/1288/640 1043/1289/640
f 1040/1286/641 1017/1252/641 1042/1288/641
f 1043/1289/638 1044/1290/638 1045/1291/877
f 1042/1288/639 1019/1254/639 1044/1290/639
f 1045/1292/636 1046/1293/636 1047/1294/636
f 1044/1295/637 1021/1296/637 1046/1293/637
f 1046/1293/878 1049/1297/878 1047/1294/878
f 1021/1296/879 1048/1298/879 1046/1293/879
f 1048/1299/633 1051/1300/633 1049/1301/633
f 1023/1263/630 1050/1267/630 1048/1299/630
f 1050/1267/631 1053/1271/631 1051/1300/631
f 1049/1297/665 1052/1302/665 1074/1303/665
f 1051/1300/661 1054/1304/661 1052/1305/661
f 1053/1271/660 1056/1306/660 1054/1304/660
f 1052/1305/663 1055/1307/663 1077/1308/663
f 1054/1304/662 1057/1309/662 1055/1307/662
f 1056/1310/687 1059/1311/687 1057/1312/687
f 1031/1274/659 1058/1313/659 1056/1310/659
f 1058/1313/686 1061/1314/686 1059/1311/686
f 1033/1273/684 1060/1315/684 1058/1313/684
f 1061/1314/685 1062/1316/685 1063/1317/685
f 1060/1315/683 1037/1280/683 1062/1316/683
f 1063/1317/710 1064/1318/710 1065/1319/710
f 1062/1316/678 1039/1320/678 1064/1318/678
f 1065/1321/675 1066/1322/675 1067/1323/675
f 1064/1324/676 1041/1287/676 1066/1322/676
f 1067/1323/672 1068/1325/672 1069/1326/672
f 1066/1322/674 1043/1289/674 1068/1325/674
f 1069/1327/670 1070/1328/670 1071/1329/670
f 1068/1330/671 1045/1292/671 1070/1328/671
f 1071/1329/668 1072/1331/668 1073/1332/668
f 1070/1328/669 1047/1294/669 1072/1331/669
f 1072/1331/666 1075/1333/666 1073/1332/666
f 1047/1294/667 1074/1303/667 1072/1331/667
f 1074/1303/664 1077/1334/664 1075/1333/664
f 1073/1332/699 1076/1335/699 1098/1336/699
f 1075/1333/880 1078/1337/880 1076/1335/697
f 1077/1308/695 1080/1338/695 1078/1339/695
f 1076/1335/696 1079/1340/696 1101/1341/696
f 1078/1339/694 1081/1342/694 1079/1343/694
f 1080/1338/692 1083/1344/692 1081/1342/692
f 1055/1307/690 1082/1345/690 1080/1338/690
f 1082/1346/691 1085/1347/691 1083/1348/691
f 1057/1312/689 1084/1349/689 1082/1346/689
f 1084/1349/713 1087/1350/713 1085/1347/713
f 1059/1311/688 1086/1351/688 1084/1349/688
f 1087/1350/712 1088/1352/712 1089/1353/712
f 1086/1351/711 1063/1317/711 1088/1352/711
f 1089/1353/708 1090/1354/708 1091/1355/708
f 1088/1352/709 1065/1319/709 1090/1354/709
f 1091/1356/706 1092/1357/706 1093/1358/706
f 1090/1359/707 1067/1323/707 1092/1357/707
f 1093/1358/881 1094/1360/881 1095/1361/881
f 1092/1357/705 1069/1326/705 1094/1360/705
f 1095/1362/702 1096/1363/702 1097/1364/702
f 1094/1365/703 1071/1329/703 1096/1363/703
f 1097/1364/700 1098/1336/700 1099/1366/700
f 1096/1363/701 1073/1332/701 1098/1336/701
f 1098/1336/698 1101/1341/698 1099/1366/698
f 1122/1367/728 1099/1366/728 1100/1368/728
f 1099/1366/726 1102/1369/726 1100/1368/726
f 1101/1341/724 1104/1370/724 1102/1369/724
f 1100/1368/725 1103/1371/725 1125/1372/725
f 1102/1369/723 1105/1373/723 1103/1371/723
f 1104/1374/721 1107/1375/721 1105/1376/721
f 1079/1343/722 1106/1377/722 1104/1374/722
f 1106/1377/719 1109/1378/719 1107/1375/719
f 1081/1342/720 1108/1379/720 1106/1377/720
f 1108/1380/718 1111/1381/718 1109/1382/718
f 1083/1348/716 1110/1383/716 1108/1380/716
f 1110/1383/717 1113/1384/717 1111/1381/717
f 1085/1347/715 1112/1385/715 1110/1383/715
f 1113/1384/737 1114/1386/737 1115/1387/737
f 1112/1385/714 1089/1353/714 1114/1386/714
f 1115/1387/735 1116/1388/735 1117/1389/735
f 1114/1386/736 1091/1355/736 1116/1388/736
f 1117/1390/733 1118/1391/733 1119/1392/733
f 1116/1393/734 1093/1358/734 1118/1391/734
f 1119/1392/731 1120/1394/731 1121/1395/731
f 1118/1391/732 1095/1361/732 1120/1394/732
f 1121/1396/729 1122/1367/729 1123/1397/729
f 1120/1398/730 1097/1364/730 1122/1367/730
f 1123/1397/727 1100/1368/727 1125/1372/727
f 1121/1396/756 1124/1399/756 1146/1400/756
f 1123/1397/754 1126/1401/754 1124/1399/882
f 1126/1401/752 1103/1371/752 1128/1402/752
f 1124/1399/753 1127/1403/753 1149/1404/753
f 1127/1403/751 1128/1402/751 1129/1405/751
f 1129/1405/749 1130/1406/749 1131/1407/749
f 1128/1402/750 1105/1373/750 1130/1406/750
f 1131/1408/747 1132/1409/747 1133/1410/747
f 1130/1411/748 1107/1375/748 1132/1409/748
f 1133/1410/745 1134/1412/745 1135/1413/745
f 1132/1409/746 1109/1378/746 1134/1412/746
f 1135/1414/743 1136/1415/743 1137/1416/743
f 1134/1417/744 1111/1381/744 1136/1415/744
f 1137/1416/742 1138/1418/742 1139/1419/742
f 1136/1415/740 1113/1384/740 1138/1418/740
f 1138/1418/741 1141/1420/741 1139/1419/741
f 1113/1384/739 1140/1421/739 1138/1418/739
f 1140/1421/761 1143/1422/761 1141/1420/761
f 1115/1387/738 1142/1423/738 1140/1421/738
f 1142/1424/759 1145/1425/759 1143/1426/759
f 1117/1390/760 1144/1427/760 1142/1424/760
f 1144/1427/757 1147/1428/757 1145/1425/757
f 1119/1392/758 1146/1429/758 1144/1427/758
f 1146/1400/755 1149/1404/755 1147/1430/755
f 1145/1425/784 1148/1431/784 1170/1432/883
f 1147/1430/782 1150/1433/782 1148/1434/782
f 1149/1404/780 1152/1435/780 1150/1433/780
f 1148/1434/884 1151/1436/884 1173/1437/884
f 1150/1433/779 1153/1438/779 1151/1436/779
f 1153/1438/777 1154/1439/777 1155/1440/777
f 1152/1435/778 1129/1405/778 1154/1439/778
f 1155/1440/775 1156/1441/775 1157/1442/775
f 1154/1439/776 1131/1407/776 1156/1441/776
f 1157/1443/773 1158/1444/773 1159/1445/773
f 1156/1446/885 1133/1410/885 1158/1444/774
f 1159/1445/771 1160/1447/771 1161/1448/886
f 1158/1444/772 1135/1413/772 1160/1447/772
f 1161/1449/769 1162/1450/769 1163/1451/769
f 1160/1452/770 1137/1416/770 1162/1450/770
f 1163/1451/767 1164/1453/767 1165/1454/887
f 1162/1450/768 1139/1419/768 1164/1453/768
f 1164/1453/766 1167/1455/766 1165/1454/766
f 1139/1419/764 1166/1456/764 1164/1453/764
f 1166/1456/765 1169/1457/765 1167/1455/765
f 1141/1420/763 1168/1458/763 1166/1456/763
f 1168/1459/785 1171/1460/785 1169/1461/785
f 1143/1426/762 1170/1432/762 1168/1459/762
f 1170/1432/783 1173/1462/783 1171/1460/783
f 1169/1461/787 1172/1463/787 1194/1464/787
f 1171/1460/786 1174/1465/786 1172/1463/786
f 1173/1437/809 1176/1466/809 1174/1467/809
f 1172/1463/810 1175/1468/810 1197/1469/810
f 1174/1465/808 1177/1470/808 1175/1468/808
f 1176/1466/806 1179/1471/806 1177/1472/806
f 1151/1436/807 1178/1473/807 1176/1466/807
f 1179/1471/804 1180/1474/804 1181/1475/804
f 1178/1473/805 1155/1440/805 1180/1474/805
f 1181/1476/802 1182/1477/802 1183/1478/888
f 1180/1474/803 1157/1442/803 1182/1479/803
f 1183/1478/800 1184/1480/800 1185/1481/800
f 1182/1477/801 1159/1445/801 1184/1480/801
f 1185/1481/798 1186/1482/798 1187/1483/798
f 1184/1480/799 1161/1448/799 1186/1482/799
f 1187/1483/796 1188/1484/796 1189/1485/796
f 1186/1482/797 1163/1486/797 1188/1484/797
f 1189/1487/794 1190/1488/794 1191/1489/794
f 1188/1490/795 1165/1454/795 1190/1491/795
f 1190/1488/792 1193/1492/792 1191/1489/792
f 1165/1454/793 1192/1493/793 1190/1491/793
f 1192/1494/790 1195/1495/790 1193/1496/791
f 1167/1497/788 1194/1464/788 1192/1494/788
f 1194/1464/789 1197/1469/789 1195/1495/789
f 1193/1496/817 1196/1498/817 1218/1499/817
f 1195/1495/813 1198/1500/813 1196/1498/813
f 1197/1469/812 1200/1501/812 1198/1500/812
f 1196/1498/815 1199/1502/815 1221/1503/815
f 1198/1500/814 1201/1504/814 1199/1502/814
f 1200/1501/834 1203/1505/834 1201/1504/834
f 1175/1468/811 1202/1506/811 1200/1501/811
f 1202/1507/832 1205/1508/832 1203/1509/832
f 1177/1472/889 1204/1510/889 1202/1511/889
f 1205/1508/830 1206/1512/830 1207/1513/830
f 1204/1510/831 1181/1475/831 1206/1514/831
f 1207/1515/828 1208/1516/828 1209/1517/828
f 1206/1518/829 1183/1478/829 1208/1516/829
f 1209/1517/826 1210/1519/826 1211/1520/826
f 1208/1516/827 1185/1481/827 1210/1519/827
f 1211/1520/824 1212/1521/824 1213/1522/824
f 1210/1519/825 1187/1483/825 1212/1521/825
f 1213/1522/822 1214/1523/822 1215/1524/822
f 1212/1521/890 1189/1485/890 1214/1523/890
f 1215/1525/891 1216/1526/891 1217/1527/891
f 1214/1528/821 1191/1489/821 1216/1526/821
f 1216/1526/818 1219/1529/818 1217/1527/818
f 1191/1489/819 1218/1530/819 1216/1526/819
f 1218/1530/816 1221/1531/816 1219/1529/816
f 1217/1527/845 1220/1532/845 1242/1533/845
f 1219/1529/843 1222/1534/843 1220/1532/843
f 1221/1503/841 1224/1535/841 1222/1536/841
f 1220/1532/842 1223/1537/842 1244/1538/842
f 1222/1536/840 1225/1539/840 1223/1540/840
f 1224/1535/839 1227/1541/839 1225/1539/839
f 1199/1502/837 1226/1542/837 1224/1535/837
f 1226/1542/838 1229/1543/838 1227/1541/838
f 1201/1504/836 1228/1544/836 1226/1542/836
f 1228/1545/858 1231/1546/858 1229/1547/858
f 1203/1509/835 1230/1548/835 1228/1545/835
f 1231/1546/856 1232/1549/856 1233/1550/856
f 1230/1548/857 1207/1513/857 1232/1549/857
f 1233/1551/854 1234/1552/854 1235/1553/854
f 1232/1554/855 1209/1517/855 1234/1552/855
f 1235/1553/852 1236/1555/852 1237/1556/852
f 1234/1552/853 1211/1520/853 1236/1555/853
f 1237/1556/850 1238/1557/850 1239/1558/850
f 1236/1555/851 1213/1522/851 1238/1557/851
f 1239/1558/848 1240/1559/848 1241/1560/848
f 1238/1557/849 1215/1524/849 1240/1559/849
f 1241/1561/846 1242/1533/846 1243/1562/846
f 1240/1563/847 1217/1527/847 1242/1533/847
f 1242/1533/844 1244/1538/844 1243/1562/844
f 1246/1564/866 1243/1562/866 677/784/866
f 1243/1562/865 1245/819/865 677/784/865
f 1244/1538/864 700/1565/864 1245/819/864
f 1247/1566/868 1241/1560/868 1246/1567/868
f 1249/791/867 1246/1567/867 678/1568/867
f 1248/845/870 1239/1558/870 1247/1566/870
f 719/846/869 1247/1566/869 1249/791/869
f 718/1569/871 1237/1556/871 1248/845/871
f 716/839/872 1235/1570/872 718/841/872
f 714/1571/859 1233/1550/859 716/839/859
f 1229/1547/860 714/1571/860 1250/837/860
f 1227/1541/861 1250/1572/861 704/825/861
f 1225/1539/862 704/825/862 702/822/862
f 1223/1540/863 702/822/863 700/821/863
f 1251/1573/892 1255/1574/892 1252/1575/892
f 1256/1576/893 1251/1573/893 1253/1577/894
f 1254/1578/895 1258/1579/895 1255/1574/895
f 1259/1580/896 1254/1578/897 1256/1576/897
f 1257/1581/898 1261/1582/899 1258/1579/898
f 1262/1583/900 1257/1581/901 1259/1580/901
f 1260/1584/902 1264/1585/902 1261/1582/902
f 1265/1586/903 1260/1584/903 1262/1583/904
f 1263/1587/905 1267/1588/905 1264/1585/905
f 1268/1589/906 1263/1587/906 1265/1586/907
f 1266/1590/908 1270/1591/909 1267/1588/908
f 1271/1592/910 1266/1590/910 1268/1589/910
f 1272/1593/911 1270/1591/911 1269/1594/911
f 1271/1592/912 1272/1593/912 1269/1594/912
f 1275/1595/913 1273/1596/913 1272/1597/913
f 1274/1598/914 1275/1595/914 1272/1597/914
f 1278/1599/915 1276/1600/915 1275/1595/916
f 1277/1601/917 1278/1599/917 1275/1595/918
f 1281/1602/919 1279/1603/919 1278/1599/919
f 1280/1604/920 1281/1602/920 1278/1599/920
f 1284/1605/921 1282/1606/921 1281/1602/921
f 1283/1607/922 1284/1605/922 1281/1602/922
f 1287/1608/923 1285/1609/923 1284/1605/923
f 1286/1610/924 1287/1608/924 1284/1605/924
f 1290/1611/925 1288/1612/925 1287/1608/925
f 1289/1613/926 1290/1611/926 1287/1608/927
f 1293/1614/928 1291/1615/928 1290/1611/928
f 1292/1616/929 1293/1614/929 1290/1611/929
f 1296/1617/930 1294/1618/931 1293/1614/931
f 1295/1619/932 1296/1617/932 1293/1614/932
f 1301/1620/933 1298/1621/933 1295/1622/933
f 1302/1623/934 1299/1624/935 1301/1620/936
f 1304/1625/937 1301/1620/936 1303/1626/938
f 1303/1626/939 1295/1622/939 1292/1627/939
f 1306/1628/940 1303/1626/938 1305/1629/941
f 1305/1629/942 1292/1627/942 1289/1630/942
f 1308/1631/943 1305/1629/941 1307/1632/943
f 1307/1632/944 1289/1630/944 1286/1633/944
f 1310/1634/945 1307/1632/945 1309/1635/945
f 1309/1635/946 1286/1633/946 1283/1636/946
f 1312/1637/947 1309/1635/947 1311/1638/948
f 1311/1638/949 1283/1636/949 1280/1639/949
f 1314/1640/950 1311/1638/950 1313/1641/950
f 1313/1641/951 1280/1639/951 1277/1642/951
f 1316/1643/952 1313/1641/952 1315/1644/952
f 1315/1644/953 1277/1642/953 1274/1645/953
f 1318/1646/954 1315/1644/954 1317/1647/954
f 1317/1647/955 1274/1645/955 1271/1648/955
f 1318/1646/956 1319/1649/956 1320/1650/956
f 1317/1647/957 1268/1651/957 1319/1649/957
f 1320/1650/958 1321/1652/958 1322/1653/958
f 1319/1649/959 1265/1654/959 1321/1652/959
f 1322/1653/960 1323/1655/960 1324/1656/960
f 1321/1652/961 1262/1657/961 1323/1655/961
f 1324/1656/962 1325/1658/962 1326/1659/962
f 1323/1655/963 1259/1660/964 1325/1658/964
f 1326/1659/965 1327/1661/965 1328/1662/965
f 1325/1658/966 1256/1663/966 1327/1661/966
f 1328/1662/967 1329/1664/967 1330/1665/967
f 1327/1661/968 1253/1666/968 1329/1664/968
f 1333/1667/969 1330/1665/969 1331/1668/969
f 1334/1669/970 1331/1668/970 1332/1670/970
f 1336/1671/971 1333/1667/971 1334/1669/971
f 1335/1672/972 1328/1662/972 1333/1667/972
f 1338/1673/973 1335/1672/973 1336/1671/973
f 1337/1674/974 1326/1659/974 1335/1672/974
f 1340/1675/975 1337/1674/975 1338/1673/975
f 1339/1676/976 1324/1656/976 1337/1674/976
f 1342/1677/977 1339/1676/977 1340/1675/978
f 1341/1678/979 1322/1653/979 1339/1676/979
f 1344/1679/980 1341/1678/980 1342/1677/980
f 1343/1680/981 1320/1650/981 1341/1678/981
f 1344/1679/982 1345/1681/982 1343/1680/982
f 1343/1680/983 1316/1643/983 1318/1646/983
f 1346/1682/984 1347/1683/984 1345/1681/984
f 1345/1681/985 1314/1640/985 1316/1643/985
f 1348/1684/986 1349/1685/986 1347/1683/986
f 1347/1683/987 1312/1637/987 1314/1640/987
f 1350/1686/988 1351/1687/988 1349/1685/989
f 1349/1685/990 1310/1634/990 1312/1637/990
f 1352/1688/991 1353/1689/991 1351/1687/991
f 1351/1687/992 1308/1631/992 1310/1634/992
f 1354/1690/993 1355/1691/993 1353/1689/993
f 1353/1689/994 1306/1628/995 1308/1631/994
f 1356/1692/996 1357/1693/996 1355/1691/996
f 1355/1691/997 1304/1625/998 1306/1628/995
f 1358/1694/999 1359/1695/999 1357/1693/999
f 1357/1693/1000 1302/1623/1001 1304/1625/998
f 1360/1696/1002 1361/1697/1002 1359/1695/1002
f 1359/1695/1003 1300/1698/1004 1302/1623/1001
f 1365/1699/1005 1362/1700/1005 1360/1701/1005
f 1364/1702/1006 1365/1699/1006 1366/1703/1006
f 1366/1703/1007 1367/1704/1007 1368/1705/1007
f 1367/1704/1008 1360/1701/1008 1358/1706/1008
f 1368/1705/1009 1369/1707/1010 1370/1708/1010
f 1369/1707/1011 1358/1706/1012 1356/1709/1011
f 1370/1708/1013 1371/1710/1013 1372/1711/1013
f 1371/1710/1014 1356/1709/1014 1354/1712/1014
f 1372/1711/1015 1373/1713/1015 1374/1714/1015
f 1373/1713/1016 1354/1712/1016 1352/1715/1016
f 1374/1714/1017 1375/1716/1017 1376/1717/1017
f 1375/1716/1018 1352/1715/1018 1350/1718/1018
f 1376/1717/1019 1377/1719/1020 1378/1720/1020
f 1377/1719/1021 1350/1718/1021 1348/1721/1021
f 1378/1720/1022 1379/1722/1022 1380/1723/1022
f 1379/1722/1023 1348/1721/1023 1346/1724/1023
f 1380/1723/1024 1381/1725/1024 1382/1726/1024
f 1381/1725/1025 1346/1724/1025 1344/1727/1025
f 1384/1728/1026 1381/1729/1026 1383/1730/1026
f 1381/1729/1027 1342/1731/1027 1383/1730/1027
f 1386/1732/1028 1383/1730/1028 1385/1733/1028
f 1383/1730/1029 1340/1734/1029 1385/1733/1029
f 1388/1735/1030 1385/1733/1030 1387/1736/1031
f 1385/1733/1032 1338/1737/1032 1387/1736/1032
f 1390/1738/1033 1387/1736/1033 1389/1739/1033
f 1387/1736/1034 1336/1740/1034 1389/1739/1035
f 1392/1741/1036 1389/1739/1036 1391/1742/1036
f 1389/1739/1037 1334/1743/1037 1391/1742/1038
f 1394/1744/1039 1391/1742/1039 1393/1745/1039
f 1391/1742/1040 1332/1746/1040 1393/1745/1040
f 1395/1747/1041 1392/1748/1041 1394/1749/1041
f 1396/1750/1042 1397/1751/1042 1395/1747/1042
f 1398/1752/1043 1399/1753/1043 1397/1751/1043
f 1397/1751/1044 1390/1754/1044 1392/1748/1044
f 1400/1755/1045 1401/1756/1045 1399/1753/1046
f 1399/1753/1047 1388/1757/1047 1390/1754/1048
f 1402/1758/1049 1403/1759/1049 1401/1756/1049
f 1401/1756/1050 1386/1760/1050 1388/1757/1050
f 1404/1761/1051 1405/1762/1051 1403/1759/1051
f 1403/1759/1052 1384/1763/1052 1386/1760/1052
f 1406/1764/1053 1407/1765/1053 1405/1762/1053
f 1405/1762/1054 1382/1766/1054 1384/1763/1054
f 1410/1767/1055 1407/1765/1055 1408/1768/1055
f 1409/1769/1056 1382/1766/1056 1407/1765/1056
f 1412/1770/1057 1409/1769/1057 1410/1767/1057
f 1411/1771/1058 1380/1772/1058 1409/1769/1058
f 1414/1773/1059 1411/1771/1059 1412/1770/1059
f 1413/1774/1060 1378/1775/1060 1411/1771/1060
f 1416/1776/1061 1413/1774/1061 1414/1773/1061
f 1415/1777/1062 1376/1778/1062 1413/1774/1062
f 1418/1779/1063 1415/1777/1063 1416/1776/1063
f 1417/1780/1064 1374/1781/1064 1415/1777/1064
f 1420/1782/1065 1417/1780/1066 1418/1779/1066
f 1419/1783/1067 1372/1784/1067 1417/1780/1067
f 1422/1785/1068 1419/1783/1069 1420/1782/1065
f 1421/1786/1070 1370/1787/1070 1419/1783/1070
f 1424/1788/1071 1421/1786/1072 1422/1785/1068
f 1423/1789/1073 1368/1790/1073 1421/1786/1073
f 1426/1791/1074 1423/1789/1075 1424/1788/1071
f 1425/1792/1076 1366/1793/1076 1423/1789/1076
f 1427/1794/1077 1424/1788/1078 1428/1795/1079
f 1297/1796/1080 1428/1795/1080 1294/1797/1080
f 1294/1797/1081 1429/1798/1082 1291/1799/1082
f 1428/1795/1079 1422/1785/1083 1429/1798/1084
f 1291/1799/1085 1430/1800/1085 1288/1801/1085
f 1429/1798/1084 1420/1782/1086 1430/1800/1087
f 1288/1801/1088 1431/1802/1088 1285/1803/1088
f 1430/1800/1087 1418/1779/1089 1431/1802/1089
f 1285/1803/1090 1432/1804/1090 1282/1805/1090
f 1431/1802/1091 1416/1776/1091 1432/1804/1091
f 1282/1805/1092 1433/1806/1092 1279/1807/1092
f 1432/1804/1093 1414/1773/1093 1433/1806/1093
f 1279/1807/1094 1434/1808/1094 1276/1809/1094
f 1433/1806/1095 1412/1770/1095 1434/1808/1095
f 1276/1809/1096 1435/1810/1096 1273/1811/1096
f 1434/1808/1097 1410/1767/1097 1435/1810/1097
f 1273/1811/1098 1436/1812/1098 1270/1813/1098
f 1435/1810/1099 1408/1768/1099 1436/1812/1099
f 1267/1814/1100 1436/1812/1100 1437/1815/1100
f 1437/1815/1101 1408/1768/1101 1406/1764/1101
f 1264/1816/1102 1437/1815/1102 1438/1817/1103
f 1438/1817/1104 1406/1764/1104 1404/1761/1104
f 1261/1818/1105 1438/1817/1106 1439/1819/1105
f 1439/1819/1107 1404/1761/1107 1402/1758/1107
f 1258/1820/1108 1439/1819/1108 1440/1821/1108
f 1440/1821/1109 1402/1758/1109 1400/1755/1109
f 1255/1822/1110 1440/1821/1110 1441/1823/1110
f 1441/1823/1111 1400/1755/1111 1398/1752/1111
f 1252/1824/1112 1441/1823/1113 1442/1825/1112
f 1442/1825/1114 1398/1752/1114 1396/1750/1115
f 1444/1826/95 1446/1827/95 1443/1828/95
f 1445/1829/1116 1444/1830/1116 1443/1831/1116
f 1448/1832/1117 1443/1833/1117 1446/1834/1117
f 1447/1835/1118 1448/1836/1118 1446/1837/1118
f 1450/1838/1119 1448/1839/1119 1449/1840/1119
f 1450/1841/1120 1447/1842/1120 1444/1843/1120
f 4/1844/1 1/1845/1121 2/1846/1
f 2/1846/1 61/1847/1 4/1844/1
f 61/1847/1 60/3/1 5/2/1
f 4/1844/1 61/1847/1 5/2/1
f 60/3/1 59/1848/1 11/1849/1
f 59/1848/1 58/1850/1 12/1851/1
f 58/1850/1 53/1852/1 12/1851/1
f 53/1852/1 52/1853/1 13/1854/1
f 12/1851/1 53/1852/1 13/1854/1
f 52/1853/1 51/1855/1 19/1856/1
f 51/1855/1 50/1857/1 20/1858/1
f 50/1857/1 45/1859/1 20/1858/1
f 45/1859/1 44/1860/1 21/1861/1
f 20/1858/1 45/1859/1 21/1861/1
f 44/1860/1 43/1862/1 27/1863/1
f 43/1862/1 42/1864/1 28/1865/1
f 42/1864/1 37/1866/1 28/1865/1
f 37/1866/1 36/1867/1 29/1868/1
f 28/1865/1 37/1866/1 29/1868/1
f 36/1867/1 35/1869/1121 34/1870/1
f 34/1870/1 29/1868/1 36/1867/1
f 28/1865/1 27/1863/1 43/1862/1
f 27/1863/1 26/1871/1 44/1860/1
f 26/1871/1 21/1861/1 44/1860/1
f 20/1858/1 19/1856/1 51/1855/1
f 19/1856/1 18/1872/1 52/1853/1
f 18/1872/1 13/1854/1 52/1853/1
f 12/1851/1 11/1849/1 59/1848/1
f 11/1849/1 10/1/1 60/3/1
f 1/4/2 3/1873/2 64/5/2
f 6/7/3 3/1873/3 1/4/3
f 5/9/4 7/14/4 6/7/4
f 63/1874/5 64/1875/5 7/1876/5
f 64/1875/5 3/1877/5 6/1878/5
f 7/1876/5 64/1875/5 6/1878/5
f 7/1876/5 8/1879/5 63/1874/5
f 8/1879/5 9/12/5 62/11/5
f 63/1874/5 8/1879/5 62/11/5
f 9/12/5 14/1880/5 57/10/5
f 14/1880/5 15/1881/5 56/1882/5
f 57/10/5 14/1880/5 56/1882/5
f 15/1881/5 16/1883/5 54/1884/5
f 16/1883/5 17/1885/5 49/1886/5
f 17/1885/5 22/1887/5 48/1888/5
f 22/1887/5 23/1889/5 47/1890/5
f 23/1889/5 24/1891/5 47/1890/5
f 24/1891/5 25/1892/5 46/1893/5
f 47/1890/5 24/1891/5 46/1893/5
f 25/1892/5 30/1894/5 41/1895/5
f 30/1894/5 31/1896/5 40/1897/5
f 41/1895/5 30/1894/5 40/1897/5
f 31/1896/5 32/1898/5 38/1899/5
f 32/1898/5 33/1900/5 38/1899/5
f 38/1899/5 39/1901/5 31/1896/5
f 39/1901/5 40/1897/5 31/1896/5
f 41/1895/5 46/1893/5 25/1892/5
f 47/1890/5 48/1888/5 22/1887/5
f 48/1888/5 49/1886/5 17/1885/5
f 49/1886/5 54/1884/5 16/1883/5
f 54/1884/5 55/1902/5 15/1881/5
f 55/1902/5 56/1882/5 15/1881/5
f 10/13/6 8/16/6 7/14/6
f 11/15/7 9/1903/7 8/16/7
f 14/17/8 9/1904/8 11/18/8
f 13/20/9 15/1905/9 14/17/9
f 16/21/10 15/1905/10 13/20/10
f 17/23/11 16/21/11 18/22/11
f 22/25/12 17/23/12 19/24/12
f 21/27/13 23/1906/13 22/25/13
f 24/28/14 23/1906/14 21/27/14
f 25/30/15 24/28/15 26/29/15
f 28/32/16 30/1907/16 25/33/16
f 31/35/17 30/1907/17 28/32/17
f 34/37/18 32/1908/18 31/35/18
f 33/38/19 32/1908/19 34/37/19
f 38/40/20 33/38/20 35/39/20
f 39/42/21 38/40/21 36/41/21
f 40/44/22 39/42/22 37/43/22
f 41/46/23 40/44/23 42/45/23
f 44/48/24 46/52/24 41/49/24
f 45/51/25 47/54/25 46/52/25
f 50/53/26 48/1909/26 47/54/26
f 49/55/27 48/1909/27 50/53/27
f 54/57/28 49/55/28 51/56/28
f 53/59/29 55/61/29 54/57/29
f 58/60/30 56/1910/30 55/61/30
f 57/62/31 56/1910/31 58/60/31
f 62/64/32 57/1911/32 59/65/32
f 63/67/33 62/64/33 60/66/33
f 64/5/34 63/67/34 61/68/34
f 66/69/35 68/72/35 67/70/35
f 68/72/36 70/74/36 69/73/36
f 70/74/37 72/76/37 71/75/37
f 72/76/38 74/1912/38 73/77/38
f 74/78/39 76/81/39 75/79/39
f 76/81/40 78/83/40 77/82/40
f 78/83/41 80/1913/1122 79/84/42
f 79/84/44 80/1913/1123 82/85/45
f 82/85/47 84/1914/1124 83/87/48
f 83/87/50 84/1914/1125 86/88/51
f 86/88/53 88/91/53 87/90/53
f 88/91/54 90/1915/54 89/92/54
f 90/93/55 92/96/55 91/94/55
f 92/96/56 94/98/56 93/97/56
f 94/98/57 96/100/57 95/99/57
f 96/100/58 98/1916/58 97/101/58
f 97/101/59 98/1916/59 100/102/59
f 99/103/60 100/102/60 102/104/60
f 101/105/61 102/104/61 104/106/61
f 103/107/62 104/106/62 106/108/62
f 105/110/63 106/1917/63 108/111/63
f 107/112/64 108/111/64 110/113/64
f 109/114/65 110/113/1126 112/115/66
f 111/116/68 112/115/1127 114/117/69
f 113/118/71 114/117/71 116/119/71
f 116/119/72 118/1918/1128 117/121/73
f 117/121/75 118/1918/1129 120/122/76
f 119/123/78 120/122/78 122/124/78
f 121/126/79 122/1919/79 124/127/79
f 123/128/80 124/127/80 126/129/80
f 70/1920/1130 68/1921/1131 80/1922/1132
f 68/1921/1131 66/1923/1133 118/1924/1134
f 66/1923/1133 128/1925/1135 118/1924/1134
f 128/1925/1135 126/1926/1136 118/1924/1134
f 126/1926/1136 124/1927/1137 118/1924/1134
f 124/1927/1137 122/1928/1138 118/1924/1134
f 122/1928/1138 120/1929/1139 118/1924/1134
f 118/1924/1134 116/1930/1140 114/1931/1141
f 112/131/81 110/1932/82 108/1933/82
f 118/1924/1134 114/1931/1141 112/131/81
f 68/1921/1131 118/1924/1134 84/133/83
f 74/1934/1142 72/1935/1143 80/1922/1132
f 72/1935/1143 70/1920/1130 80/1922/1132
f 78/1936/1144 76/1937/1145 80/1922/1132
f 76/1937/1145 74/1934/1142 80/1922/1132
f 84/133/83 82/1938/1146 80/1922/1132
f 80/1922/1132 68/1921/1131 84/133/83
f 118/1924/1134 112/131/81 84/133/83
f 112/131/81 108/1933/82 106/1939/82
f 106/1939/82 104/1940/82 112/131/81
f 104/1940/82 102/1941/82 112/131/81
f 102/1941/82 100/1942/82 112/131/81
f 100/1942/82 98/132/82 112/131/81
f 98/132/82 96/1943/82 84/133/83
f 96/1943/82 94/1944/82 84/133/83
f 94/1944/82 92/1945/82 84/133/83
f 92/1945/82 90/1946/82 84/133/83
f 90/1946/82 88/1947/82 84/133/83
f 88/1947/82 86/1948/82 84/133/83
f 125/130/84 126/129/84 128/134/84
f 127/135/85 128/134/85 66/69/85
f 127/137/86 65/1949/86 67/1950/86
f 67/1950/86 69/1951/86 71/1952/86
f 71/1952/86 73/1953/86 75/1954/86
f 75/1954/86 77/1955/86 79/138/86
f 79/138/86 81/1956/86 83/1957/86
f 83/1957/86 85/1958/86 87/1959/86
f 87/1959/86 89/1960/86 91/1961/86
f 91/1961/86 93/1962/1147 95/1963/86
f 95/1963/86 97/1964/86 103/1965/86
f 97/1964/86 99/1966/86 103/1965/86
f 99/1966/86 101/1967/1147 103/1965/86
f 103/1965/86 105/1968/86 107/1969/86
f 107/1969/86 109/1970/86 111/1971/86
f 111/1971/86 113/1972/86 119/136/86
f 113/1972/86 115/1973/86 119/136/86
f 115/1973/86 117/1974/86 119/136/86
f 119/136/86 121/1975/86 127/137/86
f 121/1975/86 123/1976/86 127/137/86
f 123/1976/86 125/1977/86 127/137/86
f 127/137/86 67/1950/86 71/1952/86
f 71/1952/86 75/1954/86 127/137/86
f 75/1954/86 79/138/86 127/137/86
f 79/138/86 83/1957/86 111/1971/86
f 83/1957/86 87/1959/86 111/1971/86
f 87/1959/86 91/1961/86 95/1963/86
f 103/1965/86 107/1969/86 95/1963/86
f 107/1969/86 111/1971/86 95/1963/86
f 87/1959/86 95/1963/86 111/1971/86
f 111/1971/86 119/136/86 79/138/86
f 129/141/89 130/1978/89 136/1979/89
f 136/1979/89 133/139/87 129/141/89
f 149/142/90 150/1980/1148 132/143/91
f 150/1980/1148 152/164/1149 132/143/91
f 135/1981/1150 146/1982/1151 131/140/88
f 146/1982/1151 149/142/90 131/140/88
f 131/140/88 133/139/87 135/1981/1150
f 134/144/92 133/148/1152 136/145/93
f 144/147/95 135/1983/95 133/148/95
f 134/151/98 137/1984/1153 139/149/96
f 137/1984/1153 138/1985/1154 139/149/96
f 139/149/96 140/153/97 142/150/97
f 142/150/1155 140/153/100 143/152/99
f 140/153/100 141/173/392 145/154/101
f 142/150/102 143/152/1156 144/155/103
f 143/156/105 146/159/1157 135/157/106
f 146/159/108 143/156/108 147/160/108
f 150/1980/1158 151/1986/1159 152/164/111
f 151/1986/1159 157/162/109 152/164/111
f 157/162/109 156/1987/1160 153/163/110
f 152/164/112 153/163/112 155/165/112
f 157/169/115 151/1988/1161 164/1989/1162
f 162/167/113 159/1990/114 158/168/114
f 157/169/115 164/1989/1162 162/167/113
f 158/170/116 159/1991/1163 161/171/117
f 162/175/121 164/1992/1164 141/173/119
f 164/1992/1164 165/1993/1165 141/173/119
f 166/1994/1165 145/154/1165 141/173/119
f 165/1993/1165 166/1994/1165 141/173/119
f 167/174/120 163/1995/1166 162/175/121
f 167/174/122 141/173/122 169/176/122
f 219/211/155 218/178/155 187/180/155
f 221/213/156 217/210/156 218/178/156
f 220/214/157 219/211/157 222/212/157
f 283/216/158 221/213/158 219/211/158
f 222/212/159 187/180/159 188/181/159
f 223/215/161 222/212/161 224/217/161
f 224/217/162 188/181/162 189/182/162
f 225/218/163 224/217/1167 226/219/163
f 226/219/164 189/182/164 190/183/164
f 227/220/165 226/219/165 228/221/165
f 190/183/166 191/184/166 230/223/166
f 229/222/167 228/221/167 230/223/167
f 191/184/168 192/185/168 232/225/168
f 230/223/169 232/225/169 233/226/169
f 192/185/170 193/186/1168 234/227/170
f 232/225/171 234/227/171 235/228/171
f 193/186/172 194/187/172 236/229/172
f 234/227/173 236/229/173 237/230/174
f 194/187/175 195/188/175 238/231/175
f 236/229/176 238/231/176 239/232/176
f 195/188/177 196/189/177 240/233/177
f 238/231/178 240/233/178 241/234/178
f 196/189/179 197/190/179 242/235/179
f 240/233/180 242/235/180 243/236/180
f 197/190/181 198/191/181 244/237/181
f 242/235/182 244/237/182 245/238/182
f 198/191/183 199/192/183 246/239/183
f 244/237/184 246/239/184 247/240/184
f 199/192/185 200/193/185 248/241/185
f 246/239/186 248/241/186 249/242/186
f 200/193/187 201/194/187 250/243/187
f 248/241/188 250/243/188 251/244/188
f 201/194/189 202/195/189 252/245/189
f 250/243/190 252/245/190 253/246/190
f 202/195/191 203/196/191 254/247/192
f 252/245/193 254/247/193 255/248/193
f 203/196/194 204/197/194 256/249/195
f 254/247/196 256/249/196 257/250/196
f 204/197/197 205/198/197 258/251/198
f 256/249/199 258/251/199 259/252/199
f 205/198/200 206/199/200 260/253/200
f 258/251/201 260/253/201 261/254/201
f 206/199/202 207/200/202 262/255/202
f 260/253/203 262/255/203 263/256/203
f 207/200/204 208/201/1169 264/257/204
f 262/255/205 264/257/205 265/258/205
f 208/201/206 209/202/206 266/259/206
f 264/257/207 266/259/207 267/260/207
f 209/202/208 210/203/208 268/261/208
f 266/259/209 268/261/209 269/262/209
f 268/261/210 210/203/210 211/204/210
f 269/262/211 268/261/211 270/263/211
f 270/263/212 211/204/212 212/205/212
f 271/264/213 270/263/213 272/265/213
f 272/265/214 212/205/214 213/206/214
f 273/266/215 272/265/215 274/267/215
f 274/267/216 213/206/216 214/207/216
f 275/268/217 274/267/217 276/269/217
f 276/269/218 214/207/218 215/208/218
f 277/270/219 276/269/219 278/271/219
f 278/271/220 215/208/220 216/209/220
f 279/272/221 278/271/221 280/273/221
f 280/273/222 216/209/222 217/210/222
f 281/274/223 280/273/223 221/213/223
f 282/275/224 281/274/224 283/216/224
f 344/277/225 279/272/225 281/274/225
f 284/276/227 283/216/227 220/214/227
f 285/279/228 284/276/228 286/278/228
f 347/281/229 282/275/229 284/276/229
f 286/278/230 220/214/230 223/215/230
f 287/280/231 286/278/231 288/282/231
f 288/282/232 223/215/232 225/218/232
f 289/283/234 288/282/234 290/284/234
f 290/284/235 225/218/235 227/220/235
f 291/285/236 290/284/236 292/286/236
f 292/286/237 227/220/237 229/222/237
f 293/287/238 292/286/238 294/288/238
f 294/288/239 229/222/239 231/224/239
f 295/289/240 294/288/240 296/290/240
f 296/290/241 231/224/241 233/226/241
f 297/291/242 296/290/242 298/292/242
f 233/226/243 235/228/243 300/294/243
f 298/292/244 300/294/244 301/295/244
f 235/228/245 237/230/245 302/296/245
f 300/297/246 302/301/246 303/298/246
f 237/230/247 239/232/247 304/300/247
f 302/301/248 304/304/248 305/302/248
f 239/232/249 241/234/249 306/303/249
f 304/304/250 306/307/250 307/305/250
f 241/234/251 243/236/251 308/306/251
f 306/307/252 308/310/252 309/308/252
f 243/236/253 245/238/253 310/309/253
f 308/310/254 310/1996/254 311/311/254
f 245/238/255 247/240/255 312/312/255
f 310/309/256 312/312/256 313/313/256
f 247/240/257 249/242/257 314/315/257
f 312/312/258 314/315/258 315/316/258
f 249/242/259 251/244/1170 316/317/259
f 314/318/260 316/322/260 317/319/260
f 251/244/261 253/246/261 318/321/261
f 316/322/262 318/325/262 319/323/262
f 253/246/263 255/248/263 320/324/263
f 318/325/264 320/328/264 321/326/264
f 255/248/265 257/250/1171 322/327/265
f 320/328/266 322/331/266 323/329/266
f 257/250/267 259/252/267 324/330/267
f 322/331/268 324/334/268 325/332/268
f 259/252/269 261/254/269 326/333/269
f 324/334/270 326/1997/270 327/335/270
f 261/254/271 263/256/271 328/336/271
f 326/333/272 328/336/272 329/337/272
f 263/256/273 265/258/273 330/339/273
f 328/336/274 330/339/274 331/340/274
f 265/258/275 267/260/275 332/341/275
f 330/339/277 332/341/277 333/342/277
f 332/341/278 267/260/278 269/262/278
f 333/342/279 332/341/279 334/343/279
f 334/343/280 269/262/280 271/264/280
f 335/346/281 334/1998/1172 336/347/281
f 336/345/282 271/264/282 273/266/282
f 337/348/283 336/347/283 338/350/283
f 338/349/284 273/266/284 275/268/284
f 339/353/285 338/349/285 340/352/285
f 340/352/286 275/268/286 277/270/286
f 341/354/287 340/352/287 342/355/287
f 342/355/288 277/270/288 279/272/288
f 343/356/289 342/355/289 344/277/289
f 345/357/290 344/277/1173 282/275/290
f 346/358/291 345/357/291 347/281/291
f 408/360/292 343/443/292 345/361/292
f 348/363/293 347/1999/293 285/364/293
f 349/366/294 348/363/294 350/365/294
f 410/368/295 346/2000/295 348/363/295
f 350/365/296 285/364/296 287/369/296
f 351/367/297 350/365/297 352/370/297
f 352/370/298 287/369/298 289/372/298
f 353/371/299 352/370/299 354/373/299
f 354/373/301 289/372/301 291/375/301
f 355/374/302 354/373/302 356/376/302
f 356/376/303 291/375/303 293/378/303
f 357/377/304 356/376/304 358/379/304
f 358/379/305 293/378/305 295/381/305
f 359/380/306 358/379/306 360/382/306
f 360/384/307 295/2001/307 297/385/307
f 361/383/308 360/382/308 362/387/308
f 362/386/309 297/385/309 299/389/309
f 363/391/310 362/386/310 364/390/310
f 299/389/311 301/299/311 366/393/311
f 364/390/312 366/393/312 367/394/312
f 301/299/313 303/298/313 368/395/313
f 366/393/314 368/395/314 369/396/314
f 303/298/315 305/302/315 370/397/315
f 368/395/316 370/397/316 371/398/316
f 305/302/317 307/305/317 372/399/317
f 370/397/318 372/399/318 373/400/318
f 307/305/319 309/308/319 374/401/319
f 372/399/320 374/401/320 375/402/320
f 309/308/321 311/311/321 376/403/321
f 374/401/322 376/403/322 377/404/322
f 311/311/323 313/2002/323 378/405/323
f 376/403/324 378/405/324 379/406/324
f 313/407/325 315/320/325 380/408/325
f 378/409/326 380/408/326 381/410/326
f 315/320/327 317/319/327 382/412/327
f 380/408/328 382/412/328 383/413/328
f 317/319/329 319/323/329 384/414/329
f 382/412/330 384/414/330 385/415/330
f 319/323/331 321/326/331 386/416/331
f 384/414/332 386/416/332 387/417/332
f 321/326/333 323/329/333 388/418/333
f 386/416/334 388/418/334 389/419/334
f 323/329/335 325/332/335 390/420/335
f 388/418/336 390/420/336 391/421/336
f 325/332/337 327/335/337 392/422/337
f 390/420/338 392/422/338 393/423/338
f 327/335/340 329/2003/340 394/424/340
f 392/422/341 394/424/341 395/425/341
f 329/426/342 331/431/342 396/427/342
f 394/428/343 396/427/343 397/429/343
f 331/431/344 333/2004/344 398/432/344
f 396/427/345 398/432/345 399/433/345
f 398/432/346 333/2004/346 335/346/346
f 399/433/347 398/432/347 400/434/347
f 400/434/348 335/346/348 337/348/348
f 401/435/349 400/434/349 402/436/349
f 402/436/350 337/348/350 339/351/350
f 403/437/351 402/436/351 404/438/351
f 404/438/352 339/351/352 341/440/352
f 405/439/353 404/438/353 406/441/353
f 406/441/354 341/440/354 343/443/354
f 407/442/355 406/441/355 408/360/355
f 409/444/356 408/360/356 346/362/356
f 414/2005/357 411/2006/1174 412/2007/357
f 412/2007/357 471/2008/357 414/2005/357
f 471/2008/357 470/2009/357 414/2005/357
f 470/2009/357 469/2010/357 468/2011/357
f 468/2011/357 463/2012/357 462/2013/357
f 462/2013/357 461/2014/357 460/2015/357
f 460/2015/357 455/2016/1175 454/446/357
f 454/446/357 453/2017/357 446/447/357
f 453/2017/357 452/2018/357 446/447/357
f 452/2018/357 447/2019/357 446/447/357
f 446/447/357 445/2020/1174 444/2021/357
f 444/2021/357 439/2022/357 446/447/357
f 439/2022/357 438/448/357 446/447/357
f 438/448/357 437/2023/357 436/2024/357
f 436/2024/357 431/2025/1176 430/2026/357
f 430/2026/357 429/2027/357 428/2028/357
f 428/2028/357 423/2029/357 422/2030/357
f 422/2030/357 421/2031/357 420/2032/357
f 420/2032/357 415/2033/357 414/2005/357
f 470/2009/357 468/2011/357 422/2030/357
f 468/2011/357 462/2013/357 422/2030/357
f 462/2013/357 460/2015/357 430/2026/357
f 460/2015/357 454/446/357 430/2026/357
f 438/448/357 436/2024/357 454/446/357
f 436/2024/357 430/2026/357 454/446/357
f 430/2026/357 428/2028/357 462/2013/357
f 428/2028/357 422/2030/357 462/2013/357
f 422/2030/357 420/2032/357 414/2005/357
f 414/2005/357 470/2009/357 422/2030/357
f 411/449/358 413/2034/358 474/450/358
f 416/452/359 413/2034/359 411/449/359
f 415/454/360 417/2035/360 416/452/360
f 473/456/361 474/2036/361 413/2037/361
f 413/2037/361 416/2038/361 417/2039/361
f 417/2039/361 418/2040/1177 419/2041/361
f 419/2041/361 424/2042/1178 425/457/361
f 425/457/361 426/2043/1179 427/2044/361
f 427/2044/361 432/2045/361 433/2046/361
f 433/2046/361 434/2047/361 457/2048/361
f 434/2047/361 435/2049/1180 441/2050/361
f 435/2049/1180 440/2051/1181 441/2050/361
f 441/2050/361 442/2052/361 449/2053/361
f 442/2052/361 443/2054/361 449/2053/361
f 443/2054/361 448/2055/361 449/2053/361
f 449/2053/361 450/2056/1181 451/2057/361
f 451/2057/361 456/2058/1179 457/2048/361
f 457/2048/361 458/2059/361 459/2060/361
f 459/2060/361 464/2061/1182 465/2062/361
f 465/2062/361 466/2063/1183 467/455/361
f 467/455/361 472/2064/1181 473/456/361
f 473/456/361 413/2037/361 417/2039/361
f 417/2039/361 419/2041/361 473/456/361
f 419/2041/361 425/457/361 473/456/361
f 425/457/361 427/2044/361 457/2048/361
f 427/2044/361 433/2046/361 457/2048/361
f 434/2047/361 441/2050/361 457/2048/361
f 449/2053/361 451/2057/361 441/2050/361
f 451/2057/361 457/2048/361 441/2050/361
f 457/2048/361 459/2060/361 425/457/361
f 459/2060/361 465/2062/361 425/457/361
f 465/2062/361 467/455/361 425/457/361
f 418/458/362 417/2035/362 415/454/362
f 421/460/363 419/2065/363 418/458/363
f 424/461/364 419/2066/364 421/462/364
f 423/464/365 425/2067/365 424/461/365
f 426/465/366 425/2067/366 423/464/366
f 427/467/367 426/465/367 428/466/367
f 432/469/368 427/467/368 429/468/368
f 433/471/369 432/469/369 430/470/369
f 436/473/370 434/2068/370 433/471/370
f 435/474/371 434/2068/371 436/473/371
f 438/476/372 440/2069/372 435/477/372
f 441/479/373 440/2069/373 438/476/373
f 444/481/374 442/2070/374 441/479/374
f 443/482/375 442/2070/375 444/481/375
f 446/484/376 448/2071/376 443/482/376
f 449/485/377 448/2071/377 446/484/377
f 452/487/378 450/2072/378 449/485/378
f 451/488/379 450/2072/379 452/487/379
f 454/490/380 456/2073/380 451/491/380
f 457/493/381 456/2073/381 454/490/381
f 460/495/382 458/2074/382 457/493/382
f 459/496/383 458/2074/383 460/495/383
f 464/498/384 459/496/384 461/497/384
f 463/500/385 465/2075/385 464/498/385
f 466/501/386 465/2075/386 463/500/386
f 469/503/387 467/2076/387 466/501/387
f 472/504/388 467/2077/388 469/505/388
f 471/507/389 473/2078/389 472/504/389
f 474/450/390 473/2078/390 471/507/390
f 479/508/391 478/2079/391 475/509/391
f 477/511/392 482/2080/392 476/512/392
f 480/514/393 477/2081/393 475/515/393
f 479/517/89 481/2082/89 480/518/89
f 482/520/394 477/2083/394 480/521/394
f 482/523/395 481/2084/395 479/524/395
f 483/526/396 486/531/396 487/527/396
f 488/529/397 486/531/397 483/526/397
f 486/531/398 489/534/398 490/532/398
f 491/533/399 489/534/399 486/531/399
f 489/534/400 492/537/400 493/535/400
f 494/536/401 492/537/401 489/534/401
f 492/537/402 495/540/402 496/538/402
f 497/539/404 495/540/404 492/537/404
f 495/540/405 498/543/405 499/541/405
f 500/542/406 498/543/406 495/540/406
f 498/543/407 501/2085/407 502/544/407
f 503/545/408 501/550/408 498/546/408
f 504/548/409 505/552/409 502/549/409
f 503/545/410 506/553/410 504/548/410
f 507/551/411 508/555/411 505/552/411
f 506/553/412 509/556/412 507/551/412
f 510/554/413 511/558/413 508/555/413
f 509/556/414 512/559/414 510/554/414
f 513/557/415 514/561/415 511/558/415
f 512/559/417 515/562/417 513/557/417
f 516/560/418 517/564/418 514/561/418
f 515/562/419 518/565/419 516/560/419
f 519/563/420 520/567/420 517/564/420
f 518/565/421 521/568/421 519/563/421
f 522/566/422 523/570/422 520/567/422
f 521/568/423 524/571/423 522/566/423
f 525/569/424 526/573/424 523/570/424
f 524/571/425 527/574/425 525/569/425
f 528/572/426 529/2086/426 526/573/426
f 527/574/427 530/2087/427 528/572/427
f 533/575/428 531/579/428 530/576/428
f 534/578/429 532/653/429 531/579/429
f 536/580/430 534/578/430 533/575/430
f 535/581/431 533/575/431 527/577/431
f 538/583/432 536/580/432 535/581/432
f 537/584/433 535/581/433 524/582/433
f 540/586/434 538/583/434 537/584/434
f 539/587/435 537/584/435 521/585/435
f 542/589/436 540/586/436 539/587/436
f 541/590/437 539/587/437 518/588/437
f 544/592/438 542/589/438 541/590/438
f 543/593/439 541/590/440 515/591/440
f 546/595/441 544/592/441 543/593/441
f 545/596/442 543/593/442 512/594/442
f 548/598/443 546/595/443 545/596/443
f 547/599/444 545/596/444 509/597/444
f 550/601/445 548/598/445 547/599/445
f 549/602/446 547/599/446 506/600/446
f 550/601/447 549/602/447 551/604/447
f 549/602/448 503/603/448 500/606/448
f 552/605/449 551/604/449 553/607/449
f 551/604/450 500/606/450 497/609/450
f 554/608/451 553/607/451 555/610/451
f 553/607/452 497/609/452 494/612/452
f 556/611/453 555/610/453 557/613/453
f 555/610/454 494/612/454 491/615/454
f 558/614/455 557/613/455 559/616/455
f 557/613/456 491/615/456 488/618/456
f 560/617/457 559/616/457 561/619/457
f 559/616/458 488/618/458 485/621/458
f 565/622/459 560/617/459 562/620/459
f 566/624/460 565/622/460 563/623/460
f 568/626/461 567/627/461 565/622/461
f 567/627/462 558/614/462 560/617/462
f 570/628/463 569/629/463 567/627/463
f 569/629/464 556/611/464 558/614/464
f 572/630/465 571/631/465 569/629/465
f 571/631/466 554/608/466 556/611/466
f 574/632/467 573/633/467 571/631/467
f 573/633/468 552/605/468 554/608/468
f 576/634/469 575/635/469 573/633/469
f 575/635/470 550/601/470 552/605/470
f 576/634/471 578/637/471 577/636/471
f 575/635/472 577/636/472 548/598/472
f 578/637/473 580/639/473 579/638/473
f 577/636/474 579/638/474 546/595/474
f 580/639/475 582/641/475 581/640/475
f 579/638/476 581/640/476 544/592/476
f 582/641/477 584/643/477 583/642/477
f 581/640/478 583/642/478 542/589/478
f 584/643/479 586/645/479 585/644/479
f 583/642/480 585/644/480 540/586/480
f 586/645/481 588/647/481 587/646/481
f 585/644/482 587/646/482 538/583/482
f 588/647/483 590/649/483 589/648/483
f 587/646/484 589/648/484 536/580/484
f 590/649/485 592/651/485 591/650/485
f 589/648/486 591/650/486 534/578/486
f 592/651/487 594/2088/487 593/652/487
f 591/650/488 593/652/488 532/653/488
f 597/654/489 595/2089/489 594/655/489
f 596/657/490 595/2089/490 597/654/490
f 598/658/491 597/654/491 599/659/491
f 599/659/492 597/654/492 592/656/492
f 600/660/493 599/659/493 601/662/493
f 601/662/494 599/659/494 590/661/494
f 602/663/495 601/662/495 603/665/495
f 603/665/496 601/662/496 588/664/496
f 604/666/497 603/665/497 605/668/497
f 605/668/498 603/665/498 586/667/498
f 606/669/499 605/668/499 607/671/499
f 607/671/500 605/668/500 584/670/500
f 608/672/501 607/671/501 609/674/501
f 609/674/502 607/671/502 582/673/502
f 610/675/503 609/674/503 611/677/503
f 611/677/504 609/674/504 580/676/504
f 612/678/505 611/677/505 613/680/505
f 613/680/506 611/677/506 578/679/506
f 616/683/507 614/2090/507 613/684/507
f 613/684/508 576/2091/508 574/686/508
f 618/687/509 616/683/509 615/685/509
f 615/685/510 574/686/510 572/689/510
f 620/690/511 618/687/511 617/688/511
f 617/688/512 572/689/512 570/692/512
f 622/693/514 620/690/514 619/691/514
f 619/691/515 570/692/515 568/695/515
f 624/696/516 622/693/516 621/694/516
f 621/694/517 568/695/517 566/698/517
f 626/699/518 624/696/518 623/697/518
f 623/697/519 566/698/519 564/701/519
f 627/702/520 629/706/520 624/703/520
f 628/705/521 630/707/521 629/706/521
f 630/707/522 632/710/522 631/708/522
f 629/706/523 631/708/523 622/709/523
f 632/710/524 634/713/524 633/711/524
f 631/708/526 633/711/526 620/712/526
f 634/713/527 636/716/527 635/714/527
f 633/711/528 635/714/528 618/715/528
f 636/716/529 638/719/529 637/717/529
f 635/714/530 637/717/530 616/718/530
f 638/719/531 640/723/531 639/720/531
f 637/717/532 639/720/532 614/721/532
f 642/722/533 641/724/533 639/720/533
f 641/724/534 612/727/534 614/721/534
f 644/725/535 643/726/535 641/724/535
f 643/726/536 610/730/536 612/727/536
f 646/728/537 645/729/537 643/726/537
f 645/729/538 608/733/538 610/730/538
f 648/731/539 647/732/539 645/729/539
f 647/732/540 606/736/540 608/733/540
f 650/734/541 649/735/541 647/732/541
f 649/735/542 604/739/542 606/736/542
f 652/737/543 651/738/543 649/735/543
f 651/738/544 602/742/544 604/739/544
f 654/740/545 653/741/1184 651/738/545
f 653/741/546 600/745/546 602/742/546
f 656/743/547 655/744/547 653/741/547
f 655/744/548 598/748/548 600/745/548
f 658/746/549 657/747/549 655/744/549
f 657/747/550 596/2092/550 598/748/550
f 659/749/551 658/746/551 656/743/551
f 529/751/552 659/749/552 660/750/552
f 526/752/553 660/750/553 661/753/553
f 660/750/554 656/743/554 654/740/554
f 523/754/555 661/753/555 662/755/555
f 661/753/556 654/740/556 652/737/556
f 520/756/557 662/755/557 663/757/557
f 662/755/558 652/737/558 650/734/558
f 517/758/559 663/757/559 664/759/559
f 663/757/560 650/734/560 648/731/560
f 514/760/561 664/759/561 665/761/561
f 664/759/562 648/731/562 646/728/562
f 511/762/563 665/761/563 666/763/563
f 665/761/564 646/728/564 644/725/564
f 508/764/565 666/763/565 667/765/565
f 666/763/566 644/725/566 642/722/566
f 505/766/567 667/765/567 668/767/567
f 667/765/568 642/722/568 640/723/568
f 499/769/569 502/768/569 668/767/569
f 669/770/570 668/767/570 640/723/570
f 496/771/571 499/769/571 669/770/571
f 670/772/572 669/770/572 638/719/572
f 493/773/573 496/771/573 670/772/573
f 671/774/574 670/772/574 636/716/574
f 490/775/575 493/773/575 671/774/575
f 672/776/576 671/774/576 634/713/576
f 487/777/577 490/775/577 672/776/577
f 673/778/578 672/776/578 632/710/578
f 484/779/579 487/777/579 673/778/579
f 674/780/580 673/778/580 630/707/580
f 679/781/581 675/785/581 676/782/581
f 677/784/582 1245/819/582 676/782/582
f 678/786/583 1246/1564/583 677/784/583
f 678/786/584 675/785/584 679/781/584
f 682/787/585 679/781/585 680/788/585
f 680/788/586 679/781/586 681/783/586
f 1249/791/587 678/1568/587 682/792/587
f 683/793/588 682/792/588 684/794/588
f 685/795/589 684/794/589 686/796/589
f 684/789/590 680/788/590 689/798/590
f 687/797/591 686/796/591 688/800/591
f 686/799/592 689/798/592 690/802/592
f 690/802/593 689/798/593 691/804/593
f 689/798/594 680/788/594 694/790/594
f 692/806/595 691/809/595 693/807/595
f 691/809/596 694/811/596 695/810/596
f 694/811/597 681/816/597 697/812/597
f 693/807/598 695/810/598 696/813/598
f 695/810/599 697/812/599 698/815/599
f 681/816/600 676/2093/600 699/817/600
f 697/812/601 699/817/601 701/818/601
f 1245/819/602 700/1565/602 699/820/602
f 700/821/603 702/822/603 701/818/603
f 702/822/604 704/825/604 703/823/604
f 698/815/605 701/818/605 703/823/605
f 704/825/606 1250/1572/606 705/826/606
f 706/824/607 703/823/607 705/826/607
f 696/813/608 698/815/608 706/824/608
f 707/828/609 706/824/609 708/827/609
f 709/830/610 708/833/610 710/831/610
f 708/833/611 705/838/611 713/834/611
f 710/831/612 712/836/612 752/835/612
f 713/834/613 715/840/613 712/836/613
f 1250/837/614 714/1571/614 713/834/614
f 713/834/615 714/1571/615 716/839/615
f 715/840/616 716/839/616 718/841/616
f 715/840/617 717/842/617 720/843/617
f 717/844/618 718/1569/618 1248/845/618
f 717/844/619 719/846/619 722/847/619
f 712/849/620 720/848/620 721/850/620
f 720/848/621 722/847/621 723/852/621
f 722/847/622 683/793/622 685/795/622
f 719/846/623 1249/791/623 683/793/623
f 721/850/624 723/852/624 724/853/624
f 723/852/625 685/795/625 687/797/625
f 725/854/626 724/853/626 726/855/626
f 724/853/627 687/797/627 729/801/627
f 727/856/628 726/855/628 728/857/628
f 726/855/629 729/801/629 730/859/629
f 729/801/630 688/800/630 732/860/630
f 728/857/631 730/859/631 731/861/631
f 730/859/632 732/860/632 733/863/633
f 732/864/634 734/868/634 735/865/634
f 688/867/635 690/2094/879 734/868/635
f 735/865/636 734/868/636 736/869/636
f 734/868/637 690/2094/637 692/871/637
f 737/872/638 736/875/638 738/873/638
f 736/875/639 692/806/639 741/808/639
f 739/874/640 738/873/640 740/876/640
f 738/873/641 741/808/641 742/878/641
f 741/808/642 693/807/642 744/814/642
f 740/876/643 742/878/643 743/879/643
f 742/878/644 744/814/644 745/881/644
f 744/814/645 696/813/645 707/828/645
f 743/879/646 745/881/646 746/882/646
f 745/881/647 707/828/647 709/829/647
f 747/884/648 746/887/648 748/885/648
f 746/887/649 709/830/649 711/832/649
f 748/885/650 750/889/650 751/888/650
f 711/832/651 752/835/651 750/889/651
f 750/890/652 725/854/652 727/856/652
f 752/851/653 721/850/653 725/854/653
f 749/892/654 751/2095/654 753/893/654
f 751/891/655 727/856/655 756/858/655
f 754/894/656 753/893/656 755/896/656
f 753/893/657 756/2096/657 757/898/657
f 756/858/658 728/857/658 759/862/658
f 755/896/659 757/898/659 758/900/659
f 757/899/660 759/862/660 760/902/660
f 759/862/661 731/861/661 762/904/661
f 758/903/662 760/902/662 761/905/662
f 760/902/663 762/904/663 763/907/663
f 762/908/664 764/912/664 765/909/664
f 731/911/665 733/866/665 764/912/665
f 764/912/666 766/914/666 767/913/666
f 733/866/667 735/865/667 766/914/667
f 767/913/668 766/914/668 768/915/668
f 766/914/669 735/865/669 737/870/669
f 769/916/670 768/915/670 770/917/670
f 768/915/671 737/870/671 739/919/671
f 771/920/672 770/923/672 772/921/672
f 770/923/674 739/874/674 775/877/674
f 773/922/675 772/921/675 774/924/675
f 772/921/676 775/877/676 776/926/676
f 775/877/677 740/876/677 778/880/677
f 774/927/678 776/2097/678 777/928/678
f 776/926/679 778/880/679 779/930/679
f 778/880/680 743/879/680 747/883/680
f 777/928/681 779/932/681 754/894/681
f 779/932/682 747/2098/682 749/892/682
f 780/929/683 777/928/683 781/897/683
f 781/897/684 755/896/684 784/901/684
f 808/934/685 780/929/685 782/933/685
f 782/933/686 784/901/686 785/936/686
f 784/901/687 758/900/687 787/937/687
f 783/935/688 785/936/688 786/938/688
f 785/936/689 787/937/689 788/940/689
f 787/906/690 761/905/690 790/941/690
f 786/938/691 788/940/691 789/943/691
f 788/942/692 790/941/692 791/945/692
f 790/941/694 792/948/1185 793/947/694
f 761/905/695 763/907/1186 792/948/695
f 792/949/696 794/952/696 795/950/696
f 763/910/697 765/909/880 794/952/697
f 794/952/698 796/954/698 797/953/698
f 765/909/699 767/913/699 796/954/699
f 797/953/700 796/954/700 798/955/700
f 796/954/701 767/913/701 769/916/701
f 799/956/702 798/955/702 800/957/702
f 798/955/703 769/916/703 771/918/703
f 801/959/704 800/962/704 802/960/704
f 800/962/705 771/920/705 773/922/705
f 803/961/706 802/960/706 804/963/706
f 802/960/707 773/922/707 807/925/707
f 805/965/708 804/968/708 806/966/708
f 804/968/709 807/969/709 808/934/709
f 807/969/710 774/927/710 780/929/710
f 806/966/711 808/934/711 783/935/711
f 809/967/712 806/966/712 810/939/712
f 810/939/713 786/938/713 813/944/713
f 834/971/714 809/967/714 811/970/714
f 811/970/715 813/944/715 814/973/715
f 813/944/716 789/943/716 816/974/716
f 812/972/717 814/973/717 815/975/717
f 814/973/718 816/974/718 817/977/718
f 816/978/719 818/981/719 819/979/719
f 789/946/720 791/945/720 818/981/720
f 818/981/721 820/983/721 821/982/721
f 791/945/722 793/947/722 820/983/722
f 820/984/723 822/987/723 823/985/723
f 793/951/724 795/950/724 822/987/724
f 822/987/725 824/989/725 825/988/725
f 795/950/726 797/953/726 824/989/726
f 825/988/727 824/989/727 826/990/727
f 824/989/728 797/953/728 799/956/728
f 827/991/729 826/990/729 828/992/729
f 826/990/730 799/956/730 801/958/730
f 829/994/731 828/997/731 830/995/731
f 828/997/732 801/959/732 803/961/732
f 831/996/733 830/995/733 832/998/733
f 830/995/734 803/961/734 805/964/734
f 833/1000/735 832/1002/735 834/971/735
f 832/1002/736 805/965/736 809/967/736
f 835/1001/737 834/971/737 812/972/737
f 833/1000/738 835/1001/738 836/1003/738
f 835/1001/739 837/976/739 838/1005/739
f 838/1005/740 837/976/740 815/975/740
f 836/1003/741 838/1005/741 839/1007/741
f 839/1007/742 838/1005/742 840/1006/742
f 841/1009/743 840/1006/743 842/1010/743
f 840/1006/744 815/975/744 817/977/744
f 843/1012/745 842/1015/745 844/1013/745
f 842/1015/746 817/980/746 819/979/746
f 845/1014/747 844/1013/747 846/1016/747
f 844/1013/748 819/979/748 821/982/748
f 847/1018/749 846/1021/749 848/1019/749
f 846/1021/750 821/986/750 823/985/750
f 849/1020/751 848/1019/751 850/1022/751
f 848/1019/752 823/985/752 825/988/752
f 850/1022/753 852/1025/753 853/1024/753
f 825/988/754 827/991/754 852/1025/754
f 852/1025/755 854/1027/755 855/1026/755
f 827/991/756 829/993/756 854/1027/756
f 854/1028/757 856/1031/757 857/1029/757
f 829/994/758 831/996/758 856/1031/758
f 856/1031/759 858/1033/759 859/1032/759
f 831/996/760 833/999/760 858/1033/760
f 858/1004/761 836/1003/761 861/1008/761
f 857/1029/762 859/1032/1187 860/1035/762
f 859/1034/763 861/1008/763 862/1037/763
f 861/1008/764 839/1007/764 864/1039/764
f 860/1038/765 862/1037/765 863/1040/765
f 862/1037/766 864/1039/766 865/1042/766
f 865/1042/767 864/1039/767 866/1043/767
f 864/1039/768 839/1007/768 841/1009/768
f 867/1044/769 866/1043/769 868/1045/769
f 866/1043/770 841/1009/770 843/1011/770
f 869/1047/771 868/1050/771 870/1048/771
f 868/1050/772 843/1012/772 845/1014/772
f 871/1049/773 870/1048/773 872/1051/773
f 870/1048/774 845/1014/774 847/1017/774
f 873/1053/775 872/1056/775 874/1054/775
f 872/1056/776 847/1018/776 849/1020/776
f 875/1055/777 874/1054/777 876/1057/777
f 874/1054/778 849/1020/778 851/1023/778
f 876/1057/779 878/1060/779 879/1059/779
f 851/1023/780 853/1024/780 878/1060/780
f 878/1060/781 880/1062/781 881/1061/781
f 853/1024/782 855/1026/782 880/1062/782
f 880/1063/783 882/1036/783 883/1064/783
f 855/1030/784 857/1029/784 882/1036/784
f 882/1036/785 860/1035/785 885/1066/785
f 881/1065/786 883/1064/786 884/1067/786
f 883/1064/787 885/1066/787 886/1069/787
f 885/1066/788 863/2099/788 888/1070/788
f 884/1067/789 886/1069/789 887/1071/789
f 886/1069/790 888/1070/790 889/1073/790
f 888/1074/792 890/2100/792 891/1075/792
f 863/1040/793 865/1042/793 890/1077/793
f 891/1075/794 890/2100/794 892/1079/794
f 890/1077/795 865/1042/795 867/1044/795
f 893/1082/796 892/1085/796 894/1083/796
f 892/1085/797 867/2101/797 869/1047/797
f 895/1084/798 894/1083/798 896/1086/798
f 894/1083/799 869/1047/799 871/1049/799
f 897/1087/800 896/1086/800 898/1088/800
f 896/1086/801 871/1049/801 873/1052/801
f 899/1089/802 898/1088/802 900/1090/802
f 898/1092/803 873/1053/803 875/1055/803
f 901/1094/804 900/1093/804 902/1095/804
f 900/1093/805 875/1055/805 877/1058/805
f 902/1095/806 904/1098/806 905/1097/806
f 877/1058/807 879/1059/807 904/1098/807
f 904/1099/808 906/1068/808 907/1100/808
f 879/1059/809 881/1061/809 906/1102/809
f 906/1068/810 884/1067/810 909/1072/810
f 905/1101/811 907/1100/811 908/1103/811
f 907/1100/812 909/1072/812 910/1105/812
f 909/1072/813 887/1071/813 912/1106/813
f 908/1103/814 910/1105/814 911/1107/814
f 910/1105/815 912/1106/815 913/1109/815
f 912/1110/816 914/1114/816 915/1111/816
f 887/1071/817 889/1073/817 914/1113/817
f 914/1114/818 916/1116/818 917/1115/818
f 889/1076/819 891/1075/819 916/1116/819
f 917/1115/820 916/1116/820 918/1117/820
f 916/1116/821 891/1075/821 893/1080/821
f 919/1119/822 918/1122/822 920/1120/822
f 918/1122/823 893/1082/890 895/1084/823
f 921/1121/824 920/1120/824 922/1123/824
f 920/1120/825 895/1084/825 897/1087/825
f 923/1124/826 922/1123/826 924/1125/826
f 922/1123/827 897/1087/827 899/1089/827
f 925/1126/828 924/1125/828 926/1127/828
f 924/1125/829 899/1089/829 901/1091/829
f 927/1129/830 926/2102/830 928/1130/830
f 926/1132/831 901/1094/831 903/1096/831
f 928/1130/832 930/2103/1188 931/1134/832
f 903/1096/833 905/1097/889 930/1135/833
f 930/1104/834 908/1103/834 933/1108/834
f 929/1131/835 931/1134/835 932/1137/835
f 931/1136/836 933/1108/836 934/1139/836
f 933/1108/837 911/1107/837 936/1141/837
f 932/1140/838 934/1139/838 935/1142/838
f 934/1139/839 936/1141/839 937/1144/839
f 936/1141/840 938/1146/840 939/1145/840
f 911/1107/841 913/1109/841 938/1146/841
f 938/1147/842 940/1150/842 941/1148/842
f 913/1112/843 915/1111/843 940/1150/843
f 940/1150/844 942/1152/844 943/1151/844
f 915/1111/845 917/1115/845 942/1152/845
f 943/1151/846 942/1152/846 944/1153/846
f 942/1152/847 917/1115/847 919/1118/847
f 945/1155/848 944/1158/848 946/1156/848
f 944/1158/849 919/1119/849 921/1121/849
f 947/1157/850 946/1156/850 948/1159/850
f 946/1156/851 921/1121/851 923/1124/851
f 949/1160/852 948/1159/852 950/1161/852
f 948/1159/853 923/1124/853 925/1126/853
f 951/1162/854 950/1161/854 952/1163/854
f 950/1161/855 925/1126/855 927/1128/855
f 953/1165/856 952/1167/856 954/1138/856
f 952/1167/857 927/1129/857 929/1131/857
f 954/1138/858 932/1137/858 957/1168/858
f 978/1169/859 953/1165/859 955/1166/859
f 955/1166/860 957/1168/860 958/1171/860
f 957/1143/861 935/1142/861 960/1172/861
f 956/1170/614 958/1171/614 959/1174/614
f 958/1173/606 960/1172/606 961/1176/606
f 960/1172/604 962/1179/604 963/1178/604
f 935/1142/862 937/1144/862 962/1179/862
f 962/1179/603 964/1181/603 965/1180/603
f 937/1144/863 939/1145/863 964/1181/863
f 964/1182/602 966/1185/602 967/1183/602
f 939/1149/864 941/1148/864 966/1185/864
f 966/1185/582 968/1187/582 969/1186/582
f 941/1148/865 943/1151/865 968/1187/865
f 969/1186/583 968/1187/583 970/1188/583
f 968/1187/866 943/1151/866 945/1154/866
f 971/1190/867 970/1193/867 972/1191/867
f 970/1193/868 945/1155/868 947/1157/868
f 973/1192/869 972/1191/869 974/1194/869
f 972/1191/870 947/1157/870 949/1160/870
f 975/1195/618 974/1194/618 976/1196/618
f 974/1194/871 949/1160/871 951/1162/871
f 977/1198/616 976/1200/616 978/1169/616
f 976/1200/872 951/2104/872 953/1165/872
f 979/1199/615 978/1169/615 956/1170/615
f 977/1198/617 979/1199/617 980/1201/617
f 979/1199/613 981/1175/613 982/1203/613
f 982/1203/611 981/1175/611 959/1174/611
f 980/1201/612 982/1203/612 983/1205/612
f 983/1205/610 982/1203/610 984/1204/610
f 985/1208/609 984/1211/609 986/1209/609
f 984/1211/607 959/1177/607 961/1176/607
f 987/1210/608 986/1209/608 988/1212/608
f 986/1209/605 961/1176/605 963/1178/605
f 989/1213/599 988/1212/599 990/1214/599
f 988/1212/601 963/1178/601 965/1180/601
f 991/1215/597 990/1214/597 992/1216/597
f 990/1214/600 965/1180/600 967/1218/600
f 993/1219/586 992/1222/586 994/1220/586
f 992/1222/581 967/1183/581 969/1186/581
f 994/1220/585 996/1224/585 997/1223/585
f 969/1186/584 971/1189/584 996/1224/584
f 996/1225/588 998/1228/588 999/1226/588
f 971/1190/587 973/1192/587 998/1228/587
f 998/1228/622 1000/1230/622 1001/1229/622
f 973/1192/623 975/1195/623 1000/1230/623
f 1000/1230/621 1002/1232/621 1003/1231/621
f 975/1195/619 977/1197/619 1002/1232/619
f 1002/1232/620 980/2105/620 1005/1233/620
f 1001/1229/624 1003/1231/624 1004/1234/624
f 1003/1231/653 1005/1233/653 1006/1236/653
f 1005/1206/651 983/1205/651 1008/1237/651
f 1004/1234/652 1006/1236/652 1007/1239/652
f 1006/1238/650 1008/1237/650 1009/1241/650
f 1009/1241/648 1008/1237/648 1010/1243/648
f 1008/1237/649 983/1205/649 985/1207/649
f 1011/1245/646 1010/1248/646 1012/1246/646
f 1010/1248/647 985/1208/647 987/1210/647
f 1013/1247/644 1012/1246/644 1014/1249/644
f 1012/1246/645 987/1210/645 989/1213/645
f 1015/1250/642 1014/1249/642 1016/1251/642
f 1014/1249/598 989/1213/598 991/1215/598
f 1017/1252/595 1016/1251/595 1018/1253/595
f 1016/1251/596 991/1215/596 993/1217/596
f 1019/1255/593 1018/1258/593 1020/1256/593
f 1018/1258/594 993/1219/594 995/1221/594
f 1020/1256/592 1022/1260/592 1023/1259/592
f 995/1221/590 997/1223/1189 1022/1260/590
f 1022/1261/591 1024/1264/591 1025/1262/591
f 997/1227/589 999/1226/589 1024/1264/589
f 1024/1264/627 1026/1235/627 1027/1265/627
f 999/1226/625 1001/1229/625 1026/1235/625
f 1026/1235/626 1004/1234/626 1029/1240/626
f 1025/1262/629 1027/1265/629 1028/1266/629
f 1027/1265/628 1029/1240/628 1030/1268/628
f 1029/1240/655 1007/1239/655 1032/1269/655
f 1028/1266/658 1030/1268/658 1031/1270/658
f 1030/1272/657 1032/1275/657 1033/1273/657
f 1032/1275/656 1034/1278/656 1035/1276/656
f 1007/1277/654 1009/2106/654 1034/1278/654
f 1035/1276/873 1034/1278/873 1036/1279/873
f 1034/1278/682 1009/2106/682 1011/1281/682
f 1037/1282/876 1036/1285/876 1038/1283/876
f 1036/1285/680 1011/1245/680 1013/1247/680
f 1039/1284/677 1038/1283/677 1040/1286/677
f 1038/1283/643 1013/1247/643 1015/1250/643
f 1041/1287/640 1040/1286/640 1042/1288/640
f 1040/1286/641 1015/1250/641 1017/1252/641
f 1043/1289/638 1042/1288/638 1044/1290/638
f 1042/1288/639 1017/1252/639 1019/1254/639
f 1045/1292/636 1044/1295/636 1046/1293/636
f 1044/1295/637 1019/2107/637 1021/1296/637
f 1046/1293/878 1048/1298/878 1049/1297/878
f 1021/1296/879 1023/2108/879 1048/1298/879
f 1048/1299/633 1050/1267/633 1051/1300/633
f 1023/1263/630 1025/1262/630 1050/1267/630
f 1050/1267/631 1028/1266/631 1053/1271/631
f 1049/1297/665 1051/2109/665 1052/1302/665
f 1051/1300/661 1053/1271/661 1054/1304/661
f 1053/1271/660 1031/1270/660 1056/1306/660
f 1052/1305/663 1054/1304/663 1055/1307/663
f 1054/1304/662 1056/1306/662 1057/1309/662
f 1056/1310/687 1058/1313/687 1059/1311/687
f 1031/1274/659 1033/1273/659 1058/1313/659
f 1058/1313/686 1060/1315/686 1061/1314/686
f 1033/1273/684 1035/1276/684 1060/1315/684
f 1061/1314/685 1060/1315/685 1062/1316/685
f 1060/1315/683 1035/1276/683 1037/1280/683
f 1063/1317/710 1062/1316/710 1064/1318/710
f 1062/1316/678 1037/1280/678 1039/1320/678
f 1065/1321/675 1064/1324/675 1066/1322/675
f 1064/1324/676 1039/1284/676 1041/1287/676
f 1067/1323/672 1066/1322/672 1068/1325/672
f 1066/1322/674 1041/1287/674 1043/1289/674
f 1069/1327/670 1068/1330/670 1070/1328/670
f 1068/1330/671 1043/2110/671 1045/1292/671
f 1071/1329/668 1070/1328/668 1072/1331/668
f 1070/1328/669 1045/1292/669 1047/1294/669
f 1072/1331/666 1074/1303/666 1075/1333/666
f 1047/1294/667 1049/1297/667 1074/1303/667
f 1074/1303/664 1052/1302/664 1077/1334/664
f 1073/1332/699 1075/1333/699 1076/1335/699
f 1075/1333/880 1077/1334/880 1078/1337/880
f 1077/1308/695 1055/1307/695 1080/1338/695
f 1076/1335/696 1078/1337/696 1079/1340/696
f 1078/1339/694 1080/1338/694 1081/1342/694
f 1080/1338/692 1082/1345/692 1083/1344/692
f 1055/1307/690 1057/1309/690 1082/1345/690
f 1082/1346/691 1084/1349/691 1085/1347/691
f 1057/1312/689 1059/1311/689 1084/1349/689
f 1084/1349/713 1086/1351/713 1087/1350/713
f 1059/1311/688 1061/1314/688 1086/1351/688
f 1087/1350/712 1086/1351/712 1088/1352/712
f 1086/1351/711 1061/1314/711 1063/1317/711
f 1089/1353/708 1088/1352/708 1090/1354/708
f 1088/1352/709 1063/1317/1190 1065/1319/709
f 1091/1356/706 1090/1359/706 1092/1357/706
f 1090/1359/707 1065/1321/1191 1067/1323/707
f 1093/1358/881 1092/1357/704 1094/1360/881
f 1092/1357/705 1067/1323/705 1069/1326/705
f 1095/1362/702 1094/1365/702 1096/1363/702
f 1094/1365/703 1069/1327/703 1071/1329/703
f 1097/1364/700 1096/1363/700 1098/1336/700
f 1096/1363/701 1071/1329/701 1073/1332/701
f 1098/1336/698 1076/1335/698 1101/1341/698
f 1122/1367/728 1097/1364/728 1099/1366/728
f 1099/1366/726 1101/1341/726 1102/1369/726
f 1101/1341/724 1079/1340/724 1104/1370/724
f 1100/1368/725 1102/1369/1192 1103/1371/725
f 1102/1369/723 1104/1370/723 1105/1373/723
f 1104/1374/721 1106/1377/721 1107/1375/721
f 1079/1343/722 1081/1342/722 1106/1377/722
f 1106/1377/719 1108/1379/719 1109/1378/719
f 1081/1342/720 1083/1344/720 1108/1379/720
f 1108/1380/718 1110/1383/718 1111/1381/718
f 1083/1348/716 1085/1347/716 1110/1383/716
f 1110/1383/717 1112/1385/717 1113/1384/717
f 1085/1347/715 1087/1350/715 1112/1385/715
f 1113/1384/737 1112/1385/737 1114/1386/737
f 1112/1385/714 1087/1350/714 1089/1353/714
f 1115/1387/735 1114/1386/735 1116/1388/735
f 1114/1386/736 1089/1353/736 1091/1355/736
f 1117/1390/733 1116/1393/733 1118/1391/733
f 1116/1393/734 1091/1356/734 1093/1358/734
f 1119/1392/731 1118/1391/731 1120/1394/731
f 1118/1391/732 1093/1358/732 1095/1361/732
f 1121/1396/729 1120/1398/729 1122/1367/729
f 1120/1398/730 1095/1362/730 1097/1364/730
f 1123/1397/727 1122/1367/727 1100/1368/727
f 1121/1396/756 1123/1397/756 1124/1399/756
f 1123/1397/754 1125/1372/754 1126/1401/754
f 1126/1401/752 1125/1372/752 1103/1371/752
f 1124/1399/753 1126/1401/753 1127/1403/753
f 1127/1403/751 1126/1401/751 1128/1402/751
f 1129/1405/749 1128/1402/749 1130/1406/749
f 1128/1402/750 1103/1371/750 1105/1373/750
f 1131/1408/747 1130/1411/747 1132/1409/747
f 1130/1411/748 1105/1376/748 1107/1375/748
f 1133/1410/745 1132/1409/745 1134/1412/745
f 1132/1409/746 1107/1375/746 1109/1378/746
f 1135/1414/743 1134/1417/743 1136/1415/743
f 1134/1417/744 1109/1382/744 1111/1381/744
f 1137/1416/742 1136/1415/742 1138/1418/742
f 1136/1415/740 1111/1381/740 1113/1384/740
f 1138/1418/741 1140/1421/741 1141/1420/741
f 1113/1384/739 1115/1387/739 1140/1421/739
f 1140/1421/761 1142/1423/761 1143/1422/761
f 1115/1387/738 1117/1389/738 1142/1423/738
f 1142/1424/759 1144/1427/759 1145/1425/759
f 1117/1390/760 1119/1392/760 1144/1427/760
f 1144/1427/757 1146/1429/757 1147/1428/757
f 1119/1392/758 1121/1395/758 1146/1429/758
f 1146/1400/755 1124/1399/755 1149/1404/755
f 1145/1425/784 1147/1428/784 1148/1431/784
f 1147/1430/782 1149/1404/782 1150/1433/782
f 1149/1404/780 1127/1403/780 1152/1435/780
f 1148/1434/884 1150/1433/781 1151/1436/884
f 1150/1433/779 1152/1435/779 1153/1438/779
f 1153/1438/777 1152/1435/777 1154/1439/777
f 1152/1435/778 1127/1403/778 1129/1405/778
f 1155/1440/775 1154/1439/775 1156/1441/775
f 1154/1439/776 1129/1405/776 1131/1407/776
f 1157/1443/773 1156/1446/773 1158/1444/773
f 1156/1446/885 1131/1408/885 1133/1410/885
f 1159/1445/771 1158/1444/771 1160/1447/771
f 1158/1444/772 1133/1410/772 1135/1413/772
f 1161/1449/769 1160/1452/769 1162/1450/769
f 1160/1452/770 1135/1414/770 1137/1416/770
f 1163/1451/767 1162/1450/767 1164/1453/767
f 1162/1450/768 1137/1416/768 1139/1419/768
f 1164/1453/766 1166/1456/766 1167/1455/766
f 1139/1419/764 1141/1420/764 1166/1456/764
f 1166/1456/765 1168/1458/765 1169/1457/765
f 1141/1420/763 1143/1422/763 1168/1458/763
f 1168/1459/785 1170/1432/785 1171/1460/785
f 1143/1426/762 1145/1425/762 1170/1432/762
f 1170/1432/783 1148/1431/783 1173/1462/783
f 1169/1461/787 1171/1460/787 1172/1463/787
f 1171/1460/786 1173/1462/786 1174/1465/786
f 1173/1437/809 1151/1436/809 1176/1466/809
f 1172/1463/810 1174/1465/810 1175/1468/810
f 1174/1465/808 1176/2111/808 1177/1470/808
f 1176/1466/806 1178/1473/806 1179/1471/806
f 1151/1436/807 1153/1438/807 1178/1473/807
f 1179/1471/804 1178/1473/804 1180/1474/804
f 1178/1473/805 1153/1438/805 1155/1440/805
f 1181/1476/802 1180/2112/802 1182/1477/802
f 1180/1474/803 1155/1440/803 1157/1442/803
f 1183/1478/800 1182/1477/800 1184/1480/800
f 1182/1477/801 1157/1443/801 1159/1445/801
f 1185/1481/798 1184/1480/798 1186/1482/798
f 1184/1480/799 1159/1445/799 1161/1448/799
f 1187/1483/796 1186/1482/796 1188/1484/796
f 1186/1482/797 1161/1448/797 1163/1486/797
f 1189/1487/794 1188/2113/794 1190/1488/794
f 1188/1490/795 1163/1451/795 1165/1454/795
f 1190/1488/792 1192/2114/792 1193/1492/792
f 1165/1454/793 1167/1455/793 1192/1493/793
f 1192/1494/790 1194/1464/790 1195/1495/790
f 1167/1497/788 1169/1461/788 1194/1464/788
f 1194/1464/789 1172/1463/789 1197/1469/789
f 1193/1496/817 1195/1495/817 1196/1498/817
f 1195/1495/813 1197/1469/813 1198/1500/813
f 1197/1469/812 1175/1468/812 1200/1501/812
f 1196/1498/815 1198/1500/815 1199/1502/815
f 1198/1500/814 1200/1501/814 1201/1504/814
f 1200/1501/834 1202/1506/834 1203/1505/834
f 1175/1468/811 1177/1470/811 1202/1506/811
f 1202/1507/832 1204/2115/832 1205/1508/832
f 1177/1472/889 1179/1471/889 1204/1510/889
f 1205/1508/830 1204/2115/830 1206/1512/830
f 1204/1510/831 1179/1471/831 1181/1475/831
f 1207/1515/828 1206/1518/828 1208/1516/828
f 1206/1518/829 1181/1476/829 1183/1478/829
f 1209/1517/826 1208/1516/826 1210/1519/826
f 1208/1516/827 1183/1478/827 1185/1481/827
f 1211/1520/824 1210/1519/824 1212/1521/824
f 1210/1519/825 1185/1481/825 1187/1483/825
f 1213/1522/822 1212/1521/822 1214/1523/822
f 1212/1521/890 1187/1483/823 1189/1485/890
f 1215/1525/891 1214/1528/891 1216/1526/891
f 1214/1528/821 1189/1487/821 1191/1489/821
f 1216/1526/818 1218/1530/818 1219/1529/818
f 1191/1489/819 1193/1492/819 1218/1530/819
f 1218/1530/816 1196/2116/816 1221/1531/816
f 1217/1527/845 1219/1529/845 1220/1532/845
f 1219/1529/843 1221/1531/843 1222/1534/843
f 1221/1503/841 1199/1502/841 1224/1535/841
f 1220/1532/842 1222/1534/842 1223/1537/842
f 1222/1536/840 1224/1535/840 1225/1539/840
f 1224/1535/839 1226/1542/839 1227/1541/839
f 1199/1502/837 1201/1504/837 1226/1542/837
f 1226/1542/838 1228/1544/838 1229/1543/838
f 1201/1504/836 1203/1505/836 1228/1544/836
f 1228/1545/858 1230/1548/858 1231/1546/858
f 1203/1509/835 1205/1508/835 1230/1548/835
f 1231/1546/856 1230/1548/856 1232/1549/856
f 1230/1548/857 1205/1508/857 1207/1513/857
f 1233/1551/854 1232/1554/854 1234/1552/854
f 1232/1554/855 1207/1515/855 1209/1517/855
f 1235/1553/852 1234/1552/852 1236/1555/852
f 1234/1552/853 1209/1517/853 1211/1520/853
f 1237/1556/850 1236/1555/850 1238/1557/850
f 1236/1555/851 1211/1520/851 1213/1522/851
f 1239/1558/848 1238/1557/848 1240/1559/848
f 1238/1557/849 1213/1522/849 1215/1524/849
f 1241/1561/846 1240/1563/846 1242/1533/846
f 1240/1563/847 1215/1525/847 1217/1527/847
f 1242/1533/844 1220/1532/844 1244/1538/844
f 1246/1564/866 1241/1561/866 1243/1562/866
f 1243/1562/865 1244/1538/865 1245/819/865
f 1244/1538/864 1223/1537/864 700/1565/864
f 1247/1566/868 1239/1558/868 1241/1560/868
f 1249/791/867 1247/1566/867 1246/1567/867
f 1248/845/870 1237/1556/870 1239/1558/870
f 719/846/869 1248/845/869 1247/1566/869
f 718/1569/871 1235/1553/871 1237/1556/871
f 716/839/872 1233/1550/872 1235/1570/872
f 714/1571/859 1231/1546/859 1233/1550/859
f 1229/1547/860 1231/1546/860 714/1571/860
f 1227/1541/861 1229/1543/861 1250/1572/861
f 1225/1539/862 1227/1541/862 704/825/862
f 1223/1540/863 1225/1539/863 702/822/863
f 1251/1573/892 1254/1578/892 1255/1574/892
f 1256/1576/893 1254/1578/893 1251/1573/893
f 1254/1578/895 1257/1581/1193 1258/1579/895
f 1259/1580/896 1257/1581/896 1254/1578/897
f 1257/1581/898 1260/1584/899 1261/1582/899
f 1262/1583/900 1260/1584/1194 1257/1581/901
f 1260/1584/902 1263/1587/902 1264/1585/902
f 1265/1586/903 1263/1587/903 1260/1584/903
f 1263/1587/905 1266/1590/905 1267/1588/905
f 1268/1589/906 1266/1590/906 1263/1587/906
f 1266/1590/908 1269/1594/909 1270/1591/909
f 1271/1592/910 1269/1594/910 1266/1590/910
f 1272/1593/911 1273/2117/911 1270/1591/911
f 1271/1592/912 1274/2118/912 1272/1593/912
f 1275/1595/913 1276/1600/913 1273/1596/913
f 1274/1598/914 1277/1601/914 1275/1595/914
f 1278/1599/915 1279/1603/915 1276/1600/915
f 1277/1601/917 1280/1604/917 1278/1599/917
f 1281/1602/919 1282/1606/1195 1279/1603/919
f 1280/1604/920 1283/1607/920 1281/1602/920
f 1284/1605/921 1285/1609/921 1282/1606/921
f 1283/1607/922 1286/1610/922 1284/1605/922
f 1287/1608/923 1288/1612/923 1285/1609/923
f 1286/1610/924 1289/1613/924 1287/1608/924
f 1290/1611/925 1291/1615/925 1288/1612/925
f 1289/1613/926 1292/1616/926 1290/1611/926
f 1293/1614/928 1294/1618/928 1291/1615/928
f 1292/1616/929 1295/1619/929 1293/1614/929
f 1296/1617/930 1297/2119/930 1294/1618/931
f 1295/1619/932 1298/2120/932 1296/1617/932
f 1301/1620/933 1299/1624/933 1298/1621/933
f 1302/1623/934 1300/1698/935 1299/1624/935
f 1304/1625/937 1302/1623/934 1301/1620/936
f 1303/1626/939 1301/1620/939 1295/1622/939
f 1306/1628/940 1304/1625/937 1303/1626/938
f 1305/1629/942 1303/1626/942 1292/1627/942
f 1308/1631/943 1306/1628/940 1305/1629/941
f 1307/1632/944 1305/1629/944 1289/1630/944
f 1310/1634/945 1308/1631/945 1307/1632/945
f 1309/1635/946 1307/1632/946 1286/1633/946
f 1312/1637/947 1310/1634/947 1309/1635/947
f 1311/1638/949 1309/1635/949 1283/1636/949
f 1314/1640/950 1312/1637/950 1311/1638/950
f 1313/1641/951 1311/1638/951 1280/1639/951
f 1316/1643/952 1314/1640/952 1313/1641/952
f 1315/1644/953 1313/1641/953 1277/1642/953
f 1318/1646/954 1316/1643/954 1315/1644/954
f 1317/1647/955 1315/1644/955 1274/1645/955
f 1318/1646/956 1317/1647/956 1319/1649/956
f 1317/1647/957 1271/1648/957 1268/1651/957
f 1320/1650/958 1319/1649/1196 1321/1652/958
f 1319/1649/959 1268/1651/959 1265/1654/959
f 1322/1653/960 1321/1652/960 1323/1655/960
f 1321/1652/961 1265/1654/961 1262/1657/961
f 1324/1656/962 1323/1655/962 1325/1658/962
f 1323/1655/963 1262/1657/963 1259/1660/964
f 1326/1659/965 1325/1658/965 1327/1661/965
f 1325/1658/966 1259/1660/966 1256/1663/966
f 1328/1662/967 1327/1661/967 1329/1664/967
f 1327/1661/968 1256/1663/968 1253/1666/968
f 1333/1667/969 1328/1662/969 1330/1665/969
f 1334/1669/970 1333/1667/970 1331/1668/970
f 1336/1671/971 1335/1672/971 1333/1667/971
f 1335/1672/972 1326/1659/972 1328/1662/972
f 1338/1673/973 1337/1674/973 1335/1672/973
f 1337/1674/974 1324/1656/974 1326/1659/974
f 1340/1675/975 1339/1676/1197 1337/1674/975
f 1339/1676/976 1322/1653/976 1324/1656/976
f 1342/1677/977 1341/1678/977 1339/1676/977
f 1341/1678/979 1320/1650/979 1322/1653/979
f 1344/1679/980 1343/1680/980 1341/1678/980
f 1343/1680/981 1318/1646/981 1320/1650/981
f 1344/1679/982 1346/1682/982 1345/1681/982
f 1343/1680/983 1345/1681/983 1316/1643/983
f 1346/1682/984 1348/1684/1198 1347/1683/984
f 1345/1681/985 1347/1683/1199 1314/1640/985
f 1348/1684/986 1350/1686/1200 1349/1685/986
f 1347/1683/987 1349/1685/987 1312/1637/987
f 1350/1686/988 1352/1688/988 1351/1687/988
f 1349/1685/990 1351/1687/990 1310/1634/990
f 1352/1688/991 1354/1690/991 1353/1689/991
f 1351/1687/992 1353/1689/992 1308/1631/992
f 1354/1690/993 1356/1692/993 1355/1691/993
f 1353/1689/994 1355/1691/997 1306/1628/995
f 1356/1692/996 1358/1694/996 1357/1693/996
f 1355/1691/997 1357/1693/1000 1304/1625/998
f 1358/1694/999 1360/1696/999 1359/1695/999
f 1357/1693/1000 1359/1695/1003 1302/1623/1001
f 1360/1696/1002 1362/2121/1002 1361/1697/1002
f 1359/1695/1003 1361/1697/1004 1300/1698/1004
f 1365/1699/1005 1363/2122/1201 1362/1700/1005
f 1364/1702/1006 1363/2122/1006 1365/1699/1006
f 1366/1703/1007 1365/1699/1007 1367/1704/1007
f 1367/1704/1008 1365/1699/1008 1360/1701/1008
f 1368/1705/1009 1367/1704/1009 1369/1707/1010
f 1369/1707/1011 1367/1704/1202 1358/1706/1012
f 1370/1708/1013 1369/1707/1013 1371/1710/1013
f 1371/1710/1014 1369/1707/1014 1356/1709/1014
f 1372/1711/1015 1371/1710/1015 1373/1713/1015
f 1373/1713/1016 1371/1710/1016 1354/1712/1016
f 1374/1714/1017 1373/1713/1017 1375/1716/1017
f 1375/1716/1018 1373/1713/1018 1352/1715/1018
f 1376/1717/1019 1375/1716/1019 1377/1719/1020
f 1377/1719/1021 1375/1716/1203 1350/1718/1021
f 1378/1720/1022 1377/1719/1022 1379/1722/1022
f 1379/1722/1023 1377/1719/1023 1348/1721/1023
f 1380/1723/1024 1379/1722/1024 1381/1725/1024
f 1381/1725/1025 1379/1722/1025 1346/1724/1025
f 1384/1728/1026 1382/2123/1026 1381/1729/1026
f 1381/1729/1027 1344/2124/1027 1342/1731/1027
f 1386/1732/1028 1384/1728/1204 1383/1730/1028
f 1383/1730/1029 1342/1731/1029 1340/1734/1029
f 1388/1735/1030 1386/1732/1030 1385/1733/1030
f 1385/1733/1032 1340/1734/1032 1338/1737/1032
f 1390/1738/1033 1388/1735/1033 1387/1736/1033
f 1387/1736/1034 1338/1737/1034 1336/1740/1034
f 1392/1741/1036 1390/1738/1036 1389/1739/1036
f 1389/1739/1037 1336/1740/1037 1334/1743/1037
f 1394/1744/1039 1392/1741/1039 1391/1742/1039
f 1391/1742/1040 1334/1743/1040 1332/1746/1040
f 1395/1747/1041 1397/1751/1041 1392/1748/1041
f 1396/1750/1042 1398/1752/1042 1397/1751/1042
f 1398/1752/1043 1400/1755/1043 1399/1753/1043
f 1397/1751/1044 1399/1753/1044 1390/1754/1044
f 1400/1755/1045 1402/1758/1045 1401/1756/1045
f 1399/1753/1047 1401/1756/1047 1388/1757/1047
f 1402/1758/1049 1404/1761/1049 1403/1759/1049
f 1401/1756/1050 1403/1759/1050 1386/1760/1050
f 1404/1761/1051 1406/1764/1051 1405/1762/1051
f 1403/1759/1052 1405/1762/1052 1384/1763/1052
f 1406/1764/1053 1408/1768/1205 1407/1765/1053
f 1405/1762/1054 1407/1765/1054 1382/1766/1054
f 1410/1767/1055 1409/1769/1055 1407/1765/1055
f 1409/1769/1056 1380/1772/1056 1382/1766/1056
f 1412/1770/1057 1411/1771/1057 1409/1769/1057
f 1411/1771/1058 1378/1775/1206 1380/1772/1058
f 1414/1773/1059 1413/1774/1059 1411/1771/1059
f 1413/1774/1060 1376/1778/1060 1378/1775/1060
f 1416/1776/1061 1415/1777/1061 1413/1774/1061
f 1415/1777/1062 1374/1781/1062 1376/1778/1062
f 1418/1779/1063 1417/1780/1063 1415/1777/1063
f 1417/1780/1064 1372/1784/1064 1374/1781/1064
f 1420/1782/1065 1419/1783/1069 1417/1780/1066
f 1419/1783/1067 1370/1787/1207 1372/1784/1067
f 1422/1785/1068 1421/1786/1072 1419/1783/1069
f 1421/1786/1070 1368/1790/1070 1370/1787/1070
f 1424/1788/1071 1423/1789/1075 1421/1786/1072
f 1423/1789/1073 1366/1793/1073 1368/1790/1073
f 1426/1791/1074 1425/1792/1074 1423/1789/1075
f 1425/1792/1076 1364/2125/1076 1366/1793/1076
f 1427/1794/1077 1426/1791/1077 1424/1788/1078
f 1297/1796/1080 1427/1794/1080 1428/1795/1080
f 1294/1797/1081 1428/1795/1081 1429/1798/1082
f 1428/1795/1079 1424/1788/1078 1422/1785/1083
f 1291/1799/1085 1429/1798/1085 1430/1800/1085
f 1429/1798/1084 1422/1785/1083 1420/1782/1086
f 1288/1801/1088 1430/1800/1088 1431/1802/1088
f 1430/1800/1087 1420/1782/1086 1418/1779/1089
f 1285/1803/1090 1431/1802/1090 1432/1804/1090
f 1431/1802/1091 1418/1779/1091 1416/1776/1091
f 1282/1805/1092 1432/1804/1092 1433/1806/1092
f 1432/1804/1093 1416/1776/1093 1414/1773/1093
f 1279/1807/1094 1433/1806/1094 1434/1808/1094
f 1433/1806/1095 1414/1773/1095 1412/1770/1095
f 1276/1809/1096 1434/1808/1096 1435/1810/1096
f 1434/1808/1097 1412/1770/1097 1410/1767/1097
f 1273/1811/1098 1435/1810/1098 1436/1812/1098
f 1435/1810/1099 1410/1767/1099 1408/1768/1099
f 1267/1814/1100 1270/1813/1208 1436/1812/1100
f 1437/1815/1101 1436/1812/1101 1408/1768/1101
f 1264/1816/1102 1267/1814/1102 1437/1815/1102
f 1438/1817/1104 1437/1815/1104 1406/1764/1104
f 1261/1818/1105 1264/1816/1106 1438/1817/1106
f 1439/1819/1107 1438/1817/1107 1404/1761/1107
f 1258/1820/1108 1261/1818/1108 1439/1819/1108
f 1440/1821/1109 1439/1819/1109 1402/1758/1109
f 1255/1822/1110 1258/1820/1110 1440/1821/1110
f 1441/1823/1111 1440/1821/1111 1400/1755/1111
f 1252/1824/1112 1255/1822/1113 1441/1823/1113
f 1442/1825/1114 1441/1823/1114 1398/1752/1114
f 1444/1826/95 1447/2126/95 1446/1827/95
f 1445/1829/1116 1450/2127/1116 1444/1830/1116
f 1448/1832/1117 1445/2128/1117 1443/1833/1117
f 1447/1835/1118 1449/2129/1118 1448/1836/1118
f 1450/1838/1119 1445/2130/1119 1448/1839/1119
f 1450/1841/1120 1449/2131/1120 1447/1842/1120
l 171 170
l 172 171
l 173 174
l 174 175
l 177 176
l 179 178
l 180 181
l 181 182
l 184 183
l 185 184
