# Blender 5.1.0
# www.blender.org
mtllib ganSAA.mtl
o 円柱.016
v 0.042974 4.175906 -1.780030
v 0.137042 4.184508 -1.780142
v 0.036998 4.125686 -10.630400
v -0.050939 4.186060 -1.780024
v -0.141089 4.214580 -1.780125
v -0.056915 4.135840 -10.630394
v -0.147065 4.164360 -10.630495
v -0.229986 4.210148 -10.630699
v -0.302493 4.271447 -10.630998
v -0.224010 4.260369 -1.780329
v -0.296517 4.321668 -1.780628
v -0.355822 4.396121 -1.781010
v -0.399647 4.480866 -1.781462
v -0.361798 4.345900 -10.631379
v -0.405623 4.430646 -10.631832
v -0.432283 4.522428 -10.632334
v -0.440754 4.617719 -10.632869
v -0.426307 4.572649 -1.781964
v -0.434778 4.667940 -1.782499
v -0.424735 4.763078 -1.783046
v -0.396563 4.854407 -1.783583
v -0.430711 4.712858 -10.633415
v -0.402539 4.804187 -10.633953
v -0.357321 4.888197 -10.634460
v -0.296795 4.961661 -10.634918
v -0.351345 4.938418 -1.784090
v -0.290819 5.011881 -1.784548
v -0.217310 5.071974 -1.784939
v -0.133644 5.116387 -1.785247
v -0.223286 5.021753 -10.635309
v -0.139620 5.066167 -10.635617
v -0.049012 5.093194 -10.635832
v 0.045056 5.101795 -10.635944
v -0.043036 5.143414 -1.785462
v 0.051032 5.152016 -1.785574
v 0.144946 5.141861 -1.785580
v 0.235095 5.113342 -1.785479
v 0.138970 5.091641 -10.635950
v 0.229119 5.063121 -10.635849
v 0.312040 5.017333 -10.635645
v 0.384547 4.956034 -10.635346
v 0.318016 5.067553 -1.785275
v 0.390523 5.006254 -1.784976
v 0.449828 4.931801 -1.784594
v 0.493653 4.847055 -1.784143
v 0.443852 4.881581 -10.634964
v 0.487677 4.796835 -10.634512
v 0.514337 4.705053 -10.634010
v 0.522808 4.609762 -10.633474
v 0.520313 4.755273 -1.783640
v 0.528784 4.659982 -1.783105
v 0.518741 4.564844 -1.782558
v 0.490569 4.473515 -1.782021
v 0.512765 4.514623 -10.632928
v 0.484593 4.423294 -10.632391
v 0.439375 4.339283 -10.631884
v 0.378849 4.265820 -10.631426
v 0.445351 4.389504 -1.781514
v 0.384825 4.316041 -1.781056
v 0.311316 4.255948 -1.780666
v 0.227651 4.211535 -1.780357
v 0.305340 4.205727 -10.631035
v 0.221675 4.161314 -10.630727
v 0.131066 4.134287 -10.630512
v 0.043074 2.895365 1.610338
v 0.043074 2.880546 -1.097948
v 0.248335 2.915582 1.610155
v 0.248335 2.900761 -1.098132
v 0.445707 2.975452 1.609612
v 0.445707 2.960632 -1.098674
v 0.627607 3.072677 1.608730
v 0.627607 3.057857 -1.099556
v 0.787043 3.203520 1.607544
v 0.787043 3.188699 -1.100742
v 0.917889 3.362952 1.606099
v 0.917889 3.348132 -1.102187
v 1.015116 3.544847 1.604450
v 1.015116 3.530027 -1.103836
v 1.074988 3.742214 1.602661
v 0.978862 3.725171 -1.138952
v 1.095205 3.947470 1.600800
v 1.095205 3.932650 -1.107486
v 1.074988 4.152725 1.598940
v 0.904557 4.137905 -1.109347
v 1.015116 4.350093 1.597150
v 1.015116 4.335273 -1.111135
v 0.917889 4.531988 1.595502
v 0.917889 4.517168 -1.112785
v 0.787043 4.691421 1.594056
v 0.787043 4.676600 -1.114230
v 0.627607 4.822263 1.592870
v 0.627607 4.807443 -1.115416
v 0.445707 4.919488 1.591989
v 0.445707 4.904668 -1.116297
v 0.248335 4.979359 1.591446
v 0.248335 4.964538 -1.116840
v 0.043074 4.999574 1.591263
v 0.043074 4.984755 -1.117023
v -0.162186 4.979359 1.591446
v -0.162186 4.964538 -1.116840
v -0.359558 4.919488 1.591989
v -0.359558 4.904668 -1.116297
v -0.541458 4.822263 1.592870
v -0.541458 4.807443 -1.115416
v -0.700894 4.691421 1.594056
v -0.700894 4.676600 -1.114230
v -0.831740 4.531988 1.595502
v -0.831740 4.517168 -1.112785
v -0.928967 4.350093 1.597150
v -0.928967 4.335273 -1.111135
v -0.988840 4.152725 1.598940
v -0.837644 4.137905 -1.109347
v -1.009056 3.947470 1.600800
v -1.009056 3.932650 -1.107486
v -0.988840 3.742214 1.602661
v -0.988840 3.727394 -1.105625
v -0.928967 3.544847 1.604450
v -0.793396 3.574006 -1.110836
v -0.831740 3.362952 1.606099
v -0.831740 3.348132 -1.102187
v -0.700894 3.203520 1.607544
v -0.700894 3.188699 -1.100742
v -0.541458 3.072677 1.608730
v -0.541458 3.057857 -1.099556
v -0.359558 2.975452 1.609612
v -0.359558 2.960632 -1.098674
v -0.162186 2.915582 1.610155
v -0.162186 2.900761 -1.098132
v 0.493391 3.051688 0.817133
v 0.493391 3.227800 2.896177
v 0.493391 3.367227 -1.060852
v 0.501363 3.677760 -1.067061
v 0.493391 2.773609 -0.942437
v -0.430468 2.773609 -0.942437
v 0.468499 2.773609 -1.467481
v 0.493391 2.094934 2.675265
v -0.430468 2.094934 2.726753
v -0.405379 3.247130 2.945719
v -0.405379 3.151767 0.819078
v -0.430468 3.367227 -0.942437
v -0.430468 4.554464 -0.942437
v -0.430468 3.070418 -0.942437
v -0.407058 3.291756 -1.883983
v -0.376620 2.773609 -1.473898
v -0.430468 4.554464 -1.884874
v 0.504000 3.291756 -1.883589
v -0.405871 5.128016 -1.895085
v 0.505187 5.128016 -1.894691
v 0.492564 3.574193 -1.887711
v 0.508415 4.550642 -1.888509
v 0.494685 5.147828 -1.886214
v 0.493391 4.554464 -1.060852
v 0.504443 4.570957 2.598440
v 0.499548 3.047652 -1.074224
v 0.510599 3.064145 2.585068
v 0.498942 5.164576 2.534461
v 0.487891 5.148083 0.927382
v 0.525685 5.166570 2.584723
v -0.469806 5.166571 2.601043
v 0.526213 3.136299 2.609075
v -0.469279 3.143379 2.623779
v -0.430468 5.148083 0.942437
v -0.473457 5.160195 2.592917
v -0.428043 5.148083 -1.884874
v -0.428852 4.950210 -1.884874
v -0.429660 4.752337 -1.884874
v -0.473457 4.566577 2.592917
v -0.461031 3.153779 2.615284
v -0.418043 3.141667 -0.920069
v 0.401087 5.148083 -10.424806
v 0.493391 4.554464 -10.424806
v -0.331312 5.148083 -10.424806
v -0.436171 4.554464 -10.430929
v -0.364037 3.960846 -10.424806
v 0.415708 3.960846 -10.424806
v 0.401087 5.148083 -10.424806
v 0.401087 5.148083 -10.424806
v 0.401087 5.148083 -10.424806
v 0.493391 4.554464 -10.424806
v 0.493391 4.554464 -10.424806
v 0.493391 4.554464 -10.424806
v -0.436171 4.554464 -10.430929
v -0.436171 4.554464 -10.430929
v -0.364037 3.960846 -10.424806
v -0.364037 3.960846 -10.424806
v 0.415708 3.960846 -10.424806
v 0.415708 3.960846 -10.424806
v 0.415708 3.960846 -10.424806
v 0.447239 4.851274 -10.424806
v 0.447239 4.851274 -10.424806
v 0.447239 4.851274 -10.424806
v 0.447239 4.851274 -10.424806
v 0.109123 3.979973 2.541491
v 0.108061 4.197317 2.515932
v 0.150474 4.193291 2.515374
v 0.191288 4.181063 2.514894
v 0.228935 4.161101 2.514511
v 0.261967 4.134175 2.514239
v 0.289116 4.101317 2.514090
v 0.309337 4.063791 2.514068
v 0.321854 4.023039 2.514174
v 0.326186 3.980626 2.514405
v 0.322166 3.938184 2.514752
v 0.309949 3.897343 2.515201
v 0.290004 3.859672 2.515735
v 0.263099 3.826619 2.516333
v 0.230265 3.799454 2.516973
v 0.192766 3.779222 2.517629
v 0.152043 3.766699 2.518278
v 0.109661 3.762368 2.518892
v 0.067247 3.766393 2.519451
v 0.026433 3.778622 2.519930
v -0.011214 3.798583 2.520313
v -0.044246 3.825510 2.520585
v -0.071394 3.858368 2.520735
v -0.091615 3.895894 2.520756
v -0.104133 3.936646 2.520650
v -0.108464 3.979058 2.520419
v -0.104445 4.021501 2.520072
v -0.092228 4.062342 2.519623
v -0.072283 4.100013 2.519090
v -0.045377 4.133066 2.518491
v -0.012544 4.160230 2.517852
v 0.024955 4.180462 2.517195
v 0.065678 4.192985 2.516547
v 0.023377 4.397550 2.444405
v -0.016155 4.585806 2.327837
v -0.056505 4.372986 2.445676
v 0.106513 4.406047 2.443198
v 0.104541 4.598143 2.326085
v 0.189710 4.398150 2.442103
v 0.225324 4.586679 2.324496
v 0.269770 4.374164 2.441163
v 0.341553 4.551855 2.323130
v 0.343617 4.335008 2.440411
v 0.448762 4.495010 2.322039
v 0.408412 4.282189 2.439878
v 0.542829 4.418328 2.321266
v 0.461665 4.217736 2.439585
v 0.620141 4.324757 2.320839
v 0.501331 4.144126 2.439542
v 0.677727 4.217892 2.320777
v 0.525884 4.064188 2.439751
v 0.713373 4.101840 2.321081
v 0.534381 3.980994 2.440204
v 0.725709 3.981060 2.321739
v 0.526496 3.897740 2.440884
v 0.714261 3.860195 2.322725
v 0.502532 3.817627 2.441764
v 0.679470 3.743888 2.324004
v 0.463409 3.743732 2.442811
v 0.622672 3.636611 2.325523
v 0.410631 3.678897 2.443985
v 0.546051 3.542484 2.327227
v 0.346226 3.625612 2.445240
v 0.452550 3.465126 2.329049
v 0.272670 3.585924 2.446528
v 0.345762 3.407509 2.330919
v 0.192788 3.561360 2.447800
v 0.229792 3.371847 2.332765
v 0.109652 3.552863 2.449006
v 0.109097 3.359512 2.334517
v 0.026455 3.560760 2.450100
v -0.011687 3.370976 2.336106
v -0.053605 3.584747 2.451042
v -0.127916 3.405800 2.337472
v -0.127452 3.623903 2.451793
v -0.235124 3.462645 2.338563
v -0.192247 3.676722 2.452326
v -0.329192 3.539326 2.339336
v -0.245500 3.741175 2.452619
v -0.406504 3.632897 2.339762
v -0.285166 3.814785 2.452662
v -0.464089 3.739762 2.339825
v -0.309719 3.894723 2.452453
v -0.499735 3.855814 2.339521
v -0.318216 3.977917 2.452000
v -0.512071 3.976594 2.338863
v -0.310331 4.061171 2.451320
v -0.500624 4.097459 2.337876
v -0.286367 4.141284 2.450440
v -0.465832 4.213766 2.336598
v -0.247244 4.215178 2.449393
v -0.409035 4.321043 2.335078
v -0.194466 4.280014 2.448219
v -0.332413 4.415170 2.333375
v -0.130061 4.333299 2.446964
v -0.238912 4.492528 2.331553
v -0.334914 4.631799 2.176052
v -0.132124 4.550145 2.329683
v -0.198999 4.705132 2.173672
v -0.254558 4.831989 1.983640
v -0.051398 4.750520 2.171322
v -0.080997 4.885360 1.980877
v 0.102219 4.766221 2.169093
v 0.099636 4.903822 1.978255
v 0.255946 4.751629 2.167070
v 0.280401 4.886665 1.975877
v 0.403878 4.707307 2.165331
v 0.454350 4.834548 1.973832
v 0.540329 4.634958 2.163943
v 0.614799 4.749473 1.972199
v 0.660054 4.537361 2.162959
v 0.755581 4.634711 1.971042
v 0.758454 4.418267 2.162416
v 0.871287 4.494672 1.970405
v 0.831746 4.282254 2.162337
v 0.957470 4.334737 1.970311
v 0.877115 4.134547 2.162724
v 1.010818 4.161053 1.970765
v 0.892816 3.980824 2.163561
v 1.029280 3.980293 1.971750
v 0.878246 3.826991 2.164817
v 1.012148 3.799405 1.973227
v 0.833965 3.678961 2.166444
v 0.960079 3.625341 1.975140
v 0.761675 3.542423 2.168378
v 0.875075 3.464788 1.977415
v 0.664154 3.422622 2.170547
v 0.760403 3.323917 1.979964
v 0.545150 3.324163 2.172865
v 0.620468 3.208143 1.982691
v 0.409236 3.250831 2.175245
v 0.460650 3.121913 1.985489
v 0.261634 3.205443 2.177595
v 0.287089 3.068542 1.988252
v 0.108017 3.189742 2.179824
v 0.106455 3.050080 1.990874
v -0.045711 3.204334 2.181847
v -0.074310 3.067238 1.993252
v -0.193642 3.248656 2.183586
v -0.248259 3.119355 1.995297
v -0.330093 3.321005 2.184974
v -0.408708 3.204429 1.996930
v -0.449818 3.418602 2.185958
v -0.549490 3.319191 1.998087
v -0.548218 3.537696 2.186501
v -0.665196 3.459230 1.998724
v -0.621510 3.673709 2.186580
v -0.751378 3.619165 1.998818
v -0.666879 3.821416 2.186194
v -0.804726 3.792850 1.998364
v -0.682580 3.975139 2.185357
v -0.823189 3.973609 1.997379
v -0.668010 4.128972 2.184100
v -0.806056 4.154497 1.995902
v -0.623729 4.277001 2.182474
v -0.753988 4.328562 1.993989
v -0.551439 4.413540 2.180539
v -0.668984 4.489114 1.991714
v -0.453918 4.533341 2.178371
v -0.554311 4.629984 1.989165
v -0.629735 4.701387 1.773027
v -0.414377 4.745759 1.986438
v -0.474248 4.830029 1.769998
v -0.512226 4.881371 1.535048
v -0.296667 4.925843 1.766888
v -0.323707 4.983086 1.531747
v -0.103816 4.985146 1.763818
v -0.118978 5.046042 1.528488
v 0.096893 5.005659 1.760906
v 0.094094 5.067820 1.525396
v 0.297748 4.986595 1.758262
v 0.307321 5.047581 1.522590
v 0.491030 4.928686 1.755990
v 0.512508 4.986104 1.520178
v 0.669311 4.834156 1.754176
v 0.701770 4.885752 1.518252
v 0.825740 4.706640 1.752890
v 0.867834 4.750381 1.516887
v 0.954306 4.551036 1.752182
v 1.004319 4.585194 1.516135
v 1.050067 4.373326 1.752078
v 1.105978 4.396537 1.516025
v 1.109344 4.180338 1.752583
v 1.168906 4.191663 1.516561
v 1.129858 3.979489 1.753677
v 1.190684 3.978442 1.517722
v 1.110822 3.778497 1.755318
v 1.170475 3.765071 1.519465
v 1.052966 3.585087 1.757444
v 1.109056 3.559747 1.521721
v 0.958515 3.406690 1.759971
v 1.008787 3.370363 1.524404
v 0.831098 3.250164 1.762804
v 0.873522 3.204195 1.527412
v 0.675611 3.121521 1.765834
v 0.708458 3.067629 1.530628
v 0.498030 3.025708 1.768943
v 0.519939 2.965914 1.533929
v 0.305179 2.966405 1.772013
v 0.315209 2.902958 1.537188
v 0.104470 2.945892 1.774926
v 0.102137 2.881181 1.540280
v -0.096386 2.964956 1.777569
v -0.111089 2.901420 1.543086
v -0.289668 3.022866 1.779841
v -0.316276 2.962897 1.545498
v -0.467949 3.117395 1.781655
v -0.505539 3.063248 1.547424
v -0.624378 3.244912 1.782941
v -0.671603 3.198619 1.548789
v -0.752943 3.400515 1.783649
v -0.808087 3.363807 1.549541
v -0.848704 3.578225 1.783753
v -0.909746 3.552463 1.549651
v -0.907981 3.771213 1.783248
v -0.972674 3.757338 1.549115
v -0.928495 3.972062 1.782154
v -0.994452 3.970558 1.547954
v -0.909459 4.173054 1.780513
v -0.974243 4.183929 1.546211
v -0.851603 4.366464 1.778388
v -0.912824 4.389253 1.543955
v -0.757152 4.544860 1.775860
v -0.812555 4.578638 1.541272
v -0.677290 4.744806 1.538264
v 0.255149 3.544333 -1.920225
v 0.351933 3.553866 -1.920210
v 0.255149 3.556983 -10.359310
v 0.158365 3.553866 -1.920210
v 0.065300 3.582099 -1.920168
v 0.158365 3.566515 -10.359296
v 0.065300 3.594749 -10.359254
v -0.020469 3.640597 -10.359184
v -0.095646 3.702298 -10.359093
v -0.020469 3.627947 -1.920099
v -0.095646 3.689648 -1.920007
v -0.157342 3.764832 -1.919894
v -0.203187 3.850607 -1.919766
v -0.157342 3.777481 -10.358979
v -0.203187 3.863256 -10.358851
v -0.231418 3.956328 -10.358711
v -0.240950 4.053120 -10.358566
v -0.231418 3.943679 -1.919626
v -0.240950 4.040471 -1.919481
v -0.231418 4.137262 -1.919336
v -0.203187 4.230334 -1.919196
v -0.231418 4.149912 -10.358421
v -0.203187 4.242984 -10.358281
v -0.157342 4.328759 -10.358152
v -0.095646 4.403942 -10.358040
v -0.157342 4.316110 -1.919068
v -0.095646 4.391293 -1.918955
v -0.020469 4.452994 -1.918863
v 0.065300 4.498842 -1.918794
v -0.020469 4.465643 -10.357948
v 0.065300 4.511491 -10.357879
v 0.158365 4.539724 -10.357837
v 0.255149 4.549258 -10.357822
v 0.158365 4.527075 -1.918752
v 0.255149 4.536608 -1.918737
v 0.351933 4.527075 -1.918752
v 0.444997 4.498842 -1.918794
v 0.351933 4.539724 -10.357837
v 0.444997 4.511491 -10.357879
v 0.530766 4.465643 -10.357948
v 0.605943 4.403942 -10.358040
v 0.530766 4.452994 -1.918863
v 0.605943 4.391293 -1.918955
v 0.667639 4.316110 -1.919068
v 0.713484 4.230334 -1.919196
v 0.667639 4.328759 -10.358152
v 0.713484 4.242984 -10.358281
v 0.741715 4.149912 -10.358421
v 0.751247 4.053120 -10.358566
v 0.741715 4.137262 -1.919336
v 0.751247 4.040471 -1.919481
v 0.741715 3.943679 -1.919626
v 0.713484 3.850607 -1.919766
v 0.741715 3.956328 -10.358711
v 0.713484 3.863256 -10.358851
v 0.667639 3.777481 -10.358979
v 0.605943 3.702298 -10.359093
v 0.667639 3.764832 -1.919894
v 0.605943 3.689648 -1.920007
v 0.530766 3.627947 -1.920099
v 0.444997 3.582099 -1.920168
v 0.530766 3.640597 -10.359184
v 0.444997 3.594749 -10.359254
v 0.351933 3.566515 -10.359296
v -0.117854 4.914652 3.666903
v -0.117854 4.607116 2.491901
v -0.117854 5.331158 3.557889
v 0.117854 4.914652 3.666903
v 0.117854 4.607116 2.491901
v 0.117854 5.331158 3.557889
v 0.117854 5.023623 2.382888
v -0.117854 5.023623 2.382888
v -0.019880 3.904474 0.957882
v 0.185368 3.799294 0.971720
v -0.225346 3.800926 0.978922
v -0.010650 3.995167 1.463662
v 0.194351 3.887556 1.463947
v -0.216363 3.889188 1.471150
v -0.001648 4.017664 1.971926
v 0.203112 3.909451 1.958593
v -0.207602 3.911083 1.965795
v 0.006973 3.971582 2.473974
v 0.211502 3.864603 2.447188
v -0.199212 3.866235 2.454391
v 0.015065 3.857707 2.961218
v 0.219377 3.753779 2.921377
v -0.191337 3.755411 2.928579
v 0.022490 3.677989 3.425322
v 0.226603 3.578877 3.373045
v -0.184111 3.580509 3.380247
v 0.029120 3.435503 3.858341
v 0.233055 3.342889 3.794461
v -0.177659 3.344521 3.801663
v 0.034842 3.134397 4.252870
v 0.238624 3.049851 4.178419
v -0.172090 3.051483 4.185621
v 0.039559 2.779826 4.602155
v 0.243214 2.704781 4.518345
v -0.167500 2.706412 4.525548
v 0.043189 2.377852 4.900223
v 0.246747 2.313578 4.808427
v -0.163967 2.315210 4.815629
v 0.045670 1.935358 5.141972
v 0.249161 1.882940 5.043697
v -0.161553 1.884572 5.050900
v 0.046960 1.459911 5.323266
v 0.250417 1.420232 5.220134
v -0.160297 1.421864 5.227337
v 0.047037 0.959647 5.441004
v 0.250492 0.933373 5.334717
v -0.160222 0.935005 5.341919
v 0.045899 0.443128 5.493169
v 0.249385 0.430695 5.385485
v -0.161329 0.432326 5.392687
v 0.043567 -0.080809 5.478871
v 0.247115 -0.079204 5.371570
v -0.163599 -0.077572 5.378772
v 0.040079 -0.603202 5.398354
v 0.243721 -0.587600 5.293210
v -0.166993 -0.585967 5.300412
v -0.322012 -0.540515 5.025628
v -0.383439 -0.479022 4.647630
v -0.318873 -0.070361 5.098094
v -0.380649 -0.061107 4.712044
v -0.316774 0.401183 5.110961
v -0.378783 0.358042 4.723482
v -0.315750 0.866049 5.064013
v -0.377873 0.771257 4.681749
v -0.315819 1.316287 4.958048
v -0.377935 1.171468 4.587560
v -0.316980 1.744189 4.794884
v -0.378967 1.551826 4.442524
v -0.319213 2.142435 4.577311
v -0.380952 1.905822 4.249125
v -0.322480 2.504210 4.309049
v -0.383856 2.227401 4.010670
v -0.326725 2.823325 3.994692
v -0.387629 2.511058 3.731242
v -0.331875 3.094320 3.639616
v -0.392206 2.751942 3.415619
v -0.337842 3.312557 3.249899
v -0.397510 2.945930 3.069204
v -0.344524 3.474304 2.832206
v -0.403450 3.089705 2.697921
v -0.351807 3.576790 2.393686
v -0.409924 3.180805 2.308125
v -0.359566 3.618265 1.941843
v -0.416821 3.217671 1.906487
v -0.367668 3.598017 1.484405
v -0.424023 3.199673 1.499876
v -0.375975 3.516394 1.029203
v -0.431407 3.127119 1.095252
v -0.376788 2.737407 1.159371
v -0.226753 2.451681 1.204379
v -0.370327 2.800892 1.513417
v -0.220968 2.508526 1.521400
v -0.364025 2.816640 1.869202
v -0.215325 2.522627 1.839977
v -0.357990 2.784382 2.220635
v -0.209922 2.493743 2.154658
v -0.352326 2.704670 2.561707
v -0.204850 2.422367 2.460061
v -0.347129 2.578867 2.886579
v -0.200196 2.309721 2.750958
v -0.342487 2.409127 3.189692
v -0.196040 2.157732 3.022372
v -0.338482 2.198353 3.465862
v -0.192454 1.969000 3.269661
v -0.335180 1.950153 3.710362
v -0.189497 1.746757 3.488591
v -0.332640 1.668772 3.919010
v -0.187222 1.494802 3.675418
v -0.330903 1.359025 4.088234
v -0.185667 1.217448 3.826945
v -0.330000 1.026212 4.215140
v -0.184858 0.919441 3.940580
v -0.329946 0.676028 4.297556
v -0.184810 0.605877 4.014377
v -0.330742 0.314465 4.334072
v -0.185523 0.282126 4.047075
v -0.332375 -0.052291 4.324064
v -0.186985 -0.046275 4.038113
v -0.334816 -0.417967 4.267701
v -0.189171 -0.373708 3.987644
v 0.014470 -0.358106 3.882500
v 0.221543 -0.375341 3.980442
v 0.016563 -0.044670 3.930811
v 0.223729 -0.047907 4.030910
v 0.017962 0.269692 3.939389
v 0.225191 0.280494 4.039872
v 0.018645 0.579603 3.908090
v 0.225904 0.604245 4.007175
v 0.018599 0.879762 3.837448
v 0.225856 0.917808 3.933378
v 0.017825 1.165030 3.728671
v 0.225047 1.215816 3.819743
v 0.016336 1.430526 3.583622
v 0.223492 1.493170 3.668216
v 0.014158 1.671711 3.404781
v 0.221217 1.745125 3.481389
v 0.011328 1.884454 3.195210
v 0.218260 1.967368 3.262458
v 0.007895 2.065117 2.958492
v 0.214674 2.156100 3.015170
v 0.003917 2.210608 2.698681
v 0.210518 2.308088 2.743756
v -0.000538 2.318439 2.420219
v 0.205864 2.420735 2.452858
v -0.005393 2.386764 2.127872
v 0.200792 2.492111 2.147455
v -0.010566 2.414414 1.826644
v 0.195389 2.520996 1.832775
v -0.015967 2.400916 1.521685
v 0.189746 2.506894 1.514197
v -0.021505 2.346500 1.218217
v 0.183961 2.450049 1.197177
v 0.334590 2.734581 1.146896
v 0.390021 3.123855 1.080847
v 0.341051 2.798065 1.500942
v 0.397405 3.196409 1.485471
v 0.347353 2.813813 1.856727
v 0.404607 3.214407 1.892083
v 0.353387 2.781555 2.208160
v 0.411504 3.177541 2.293721
v 0.359052 2.701843 2.549232
v 0.417978 3.086441 2.683517
v 0.364249 2.576040 2.874104
v 0.423917 2.942667 3.054800
v 0.368890 2.406300 3.177217
v 0.429222 2.748678 3.401214
v 0.372896 2.195527 3.453387
v 0.433799 2.507794 3.716837
v 0.376197 1.947326 3.697887
v 0.437572 2.224136 3.996265
v 0.378738 1.665945 3.906535
v 0.440476 1.902558 4.234720
v 0.380475 1.356199 4.075759
v 0.442461 1.548562 4.428119
v 0.381378 1.023386 4.202665
v 0.443493 1.168205 4.573154
v 0.381432 0.673201 4.285081
v 0.443555 0.767993 4.667345
v 0.380635 0.311638 4.321598
v 0.442645 0.354779 4.709077
v 0.379003 -0.055118 4.311589
v 0.440779 -0.064371 4.697639
v 0.376561 -0.420794 4.255227
v 0.437989 -0.482286 4.633225
v 0.389366 -0.543341 5.013153
v 0.392504 -0.073188 5.085619
v 0.394604 0.398356 5.098487
v 0.395628 0.863223 5.051538
v 0.395558 1.313461 4.945574
v 0.394397 1.741363 4.782409
v 0.392164 2.139608 4.564836
v 0.388897 2.501384 4.296574
v 0.384653 2.820498 3.982217
v 0.379503 3.091494 3.627141
v 0.373535 3.309730 3.237424
v 0.366853 3.471477 2.819731
v 0.359571 3.573964 2.381211
v 0.351812 3.615438 1.929368
v 0.343709 3.595191 1.471930
v 0.335402 3.513567 1.016728
v 0.023982 3.462236 1.493157
v -0.101638 3.431147 1.493157
v 0.023777 3.451544 1.336193
v 0.148316 3.426351 1.493157
v 0.023777 3.451544 1.650120
v 0.023165 3.419652 1.804398
v -0.101837 3.420742 1.645914
v 0.148117 3.415945 1.645914
v 0.237866 3.323483 1.634424
v 0.147521 3.384907 1.796058
v 0.237315 3.294779 1.773274
v 0.146540 3.333766 1.941020
v 0.236407 3.247485 1.907332
v 0.145190 3.263399 2.078318
v 0.022157 3.367103 1.953351
v 0.020769 3.294799 2.094429
v -0.103414 3.338563 1.941020
v -0.104764 3.268196 2.078318
v -0.196526 3.255793 1.907332
v -0.102433 3.389703 1.796058
v -0.195618 3.303087 1.773274
v -0.231422 3.183011 1.742150
v -0.195067 3.331790 1.634424
v -0.230933 3.208525 1.618728
v -0.194883 3.341413 1.493157
v -0.195067 3.331790 1.351890
v -0.230768 3.217079 1.493157
v -0.230933 3.208525 1.367586
v -0.199679 3.091459 1.493157
v -0.199823 3.083975 1.383282
v -0.109945 2.998214 1.493157
v -0.199823 3.083975 1.603031
v -0.200251 3.061650 1.711025
v -0.110074 2.991512 1.591541
v -0.110457 2.971522 1.688241
v 0.014266 2.955913 1.587335
v 0.013899 2.936777 1.679901
v 0.139880 2.986716 1.591541
v 0.014389 2.962328 1.493157
v 0.014266 2.955913 1.398979
v 0.140009 2.993418 1.493157
v 0.139880 2.986716 1.394773
v 0.233254 3.083151 1.493157
v 0.233110 3.075667 1.383282
v 0.269140 3.207486 1.493157
v 0.233110 3.075667 1.603031
v 0.232682 3.053342 1.711025
v 0.268976 3.198932 1.618728
v 0.268486 3.173418 1.742150
v 0.267679 3.131379 1.861312
v 0.231976 3.016558 1.815293
v 0.266569 3.073536 1.974175
v 0.231005 2.965945 1.914048
v 0.265175 3.000877 2.078807
v 0.235159 3.182412 2.034302
v 0.233590 3.100671 2.152013
v 0.231729 3.003661 2.258452
v 0.143493 3.175010 2.205604
v 0.141480 3.070109 2.320701
v 0.019026 3.203976 2.225219
v 0.016958 3.096187 2.343484
v -0.106461 3.179806 2.205604
v -0.108474 3.074906 2.320701
v -0.199343 3.108978 2.152013
v -0.201204 3.011968 2.258452
v -0.234733 3.010470 2.078807
v -0.197774 3.190719 2.034302
v -0.233339 3.083128 1.974175
v -0.201928 2.974253 1.914048
v -0.232229 3.140972 1.861312
v -0.200957 3.024866 1.815293
v -0.111089 2.938585 1.781604
v -0.111959 2.893265 1.870031
v 0.013294 2.905248 1.769273
v 0.012461 2.861866 1.853920
v 0.138865 2.933788 1.781604
v 0.137995 2.888469 1.870031
v 0.139497 2.966725 1.688241
v 0.136903 2.831541 1.952010
v 0.011416 2.807372 1.932394
v 0.135606 2.763979 2.026138
v 0.229785 2.902369 2.005600
v 0.228337 2.826917 2.088386
v 0.226686 2.740880 2.160987
v 0.263520 2.914646 2.173419
v 0.261633 2.816319 2.256391
v 0.259547 2.707578 2.326304
v 0.229606 2.893043 2.351795
v 0.227258 2.770709 2.430448
v 0.139185 2.950494 2.421637
v 0.136647 2.818209 2.506686
v 0.014599 2.973278 2.447200
v 0.011991 2.837351 2.534591
v -0.110769 2.955290 2.421637
v -0.113307 2.823006 2.506686
v -0.203327 2.901350 2.351795
v -0.205675 2.779016 2.430448
v -0.238275 2.825912 2.256391
v -0.240361 2.717170 2.326304
v -0.206247 2.749188 2.160987
v -0.236388 2.924239 2.173419
v -0.204596 2.835224 2.088386
v -0.114348 2.768776 2.026138
v -0.203148 2.910676 2.005600
v -0.113051 2.836337 1.952010
v -0.115826 2.691737 2.091146
v 0.010175 2.742699 2.003354
v 0.008760 2.668953 2.065582
v 0.007195 2.587397 2.118017
v 0.134128 2.686941 2.091146
v 0.132493 2.601743 2.145923
v 0.130729 2.509843 2.189530
v 0.224860 2.645732 2.222161
v 0.222891 2.543099 2.270861
v 0.220811 2.434737 2.306255
v 0.257296 2.590283 2.381962
v 0.254920 2.466441 2.422412
v 0.224726 2.638752 2.493062
v 0.222053 2.499430 2.538569
v 0.133909 2.675519 2.574394
v 0.131018 2.524865 2.623601
v 0.009178 2.690733 2.604163
v 0.006207 2.535930 2.654726
v -0.116045 2.680316 2.574394
v -0.118936 2.529661 2.623601
v -0.208207 2.647060 2.493062
v -0.210880 2.507737 2.538569
v -0.242612 2.599876 2.381962
v -0.244988 2.476034 2.422412
v -0.210042 2.551407 2.270861
v -0.212122 2.443045 2.306255
v -0.119225 2.514639 2.189530
v -0.208073 2.654039 2.222161
v -0.117461 2.606539 2.145923
v -0.121086 2.417610 2.221222
v 0.005507 2.499426 2.159760
v 0.003724 2.406544 2.190098
v 0.001878 2.310343 2.208511
v 0.128868 2.412813 2.221222
v 0.126939 2.312315 2.240457
v 0.124977 2.210068 2.246906
v 0.218658 2.322502 2.327736
v 0.216467 2.208313 2.334938
v 0.252458 2.338172 2.446962
v 0.249954 2.207670 2.455193
v 0.219284 2.355127 2.566188
v 0.216467 2.208313 2.575447
v 0.128023 2.368824 2.653467
v 0.124977 2.210068 2.663479
v 0.003130 2.375594 2.685413
v 0.000000 2.212466 2.695702
v -0.121931 2.373621 2.653467
v -0.124977 2.214864 2.663479
v -0.213649 2.363435 2.566188
v -0.216467 2.216620 2.575447
v -0.247450 2.347764 2.446962
v -0.249954 2.217263 2.455193
v -0.214275 2.330809 2.327736
v -0.216467 2.216620 2.334938
v -0.123015 2.317112 2.240457
v -0.124977 2.214864 2.246906
v -0.126939 2.112617 2.240457
v 0.000000 2.212466 2.214684
v -0.001878 2.114589 2.208511
v -0.003724 2.018387 2.190098
v 0.123015 2.107820 2.240457
v 0.121086 2.007322 2.221222
v 0.214275 2.094122 2.327736
v 0.212122 1.981887 2.306255
v 0.247450 2.077167 2.446962
v 0.244988 1.948898 2.422412
v 0.213649 2.061497 2.566188
v 0.210880 1.917194 2.538569
v 0.121931 2.051311 2.653467
v 0.118936 1.895270 2.623601
v -0.003130 2.049338 2.685413
v -0.006207 1.889002 2.654726
v -0.128023 2.056107 2.653467
v -0.131018 1.900067 2.623601
v -0.219284 2.069804 2.566188
v -0.222053 1.925502 2.538569
v -0.252458 2.086760 2.446962
v -0.254920 1.958491 2.422412
v -0.218658 2.102430 2.327736
v -0.220811 1.990195 2.306255
v -0.222891 1.881834 2.270861
v -0.128868 2.012118 2.221222
v -0.130729 1.915089 2.189530
v -0.132493 1.823190 2.145923
v -0.005507 1.925506 2.159760
v -0.007195 1.837535 2.118017
v 0.119225 1.910293 2.189530
v 0.117461 1.818393 2.145923
v 0.210042 1.873526 2.270861
v 0.208073 1.770893 2.222161
v 0.242612 1.825057 2.381962
v 0.240361 1.707762 2.326304
v 0.208207 1.777873 2.493062
v 0.205675 1.645916 2.430448
v 0.116045 1.744617 2.574394
v 0.113307 1.601927 2.506686
v -0.009178 1.734200 2.604163
v -0.011991 1.587581 2.534591
v -0.133909 1.749413 2.574394
v -0.136647 1.606723 2.506686
v -0.224726 1.786180 2.493062
v -0.227258 1.654224 2.430448
v -0.257296 1.834650 2.381962
v -0.259547 1.717355 2.326304
v -0.261633 1.608613 2.256391
v -0.224860 1.779201 2.222161
v -0.226686 1.684052 2.160986
v -0.228337 1.598015 2.088386
v -0.134128 1.737991 2.091146
v -0.135606 1.660953 2.026138
v -0.008760 1.755979 2.065582
v -0.010175 1.682234 2.003353
v 0.115826 1.733195 2.091146
v 0.114348 1.656156 2.026138
v 0.206247 1.675744 2.160986
v 0.204596 1.589708 2.088386
v 0.238274 1.599020 2.256391
v 0.236388 1.500693 2.173419
v 0.203327 1.523582 2.351795
v 0.201204 1.412963 2.258451
v 0.110769 1.469641 2.421636
v 0.108474 1.350026 2.320700
v -0.014599 1.451654 2.447199
v -0.016958 1.328745 2.343484
v -0.139185 1.474438 2.421636
v -0.141480 1.354822 2.320700
v -0.229606 1.531889 2.351795
v -0.231729 1.421271 2.258451
v -0.233590 1.324262 2.152013
v -0.263520 1.510286 2.173419
v -0.265175 1.424055 2.078807
v -0.266569 1.351397 1.974174
v -0.229785 1.522563 2.005601
v -0.231005 1.458987 1.914047
v -0.136903 1.593391 1.952010
v -0.137995 1.536464 1.870031
v -0.011416 1.617561 1.932395
v -0.012461 1.563066 1.853920
v 0.113051 1.588595 1.952010
v 0.111959 1.531667 1.870031
v 0.203148 1.514256 2.005601
v 0.201928 1.450680 1.914047
v 0.234733 1.414463 2.078807
v 0.233339 1.341804 1.974174
v 0.199343 1.315954 2.152013
v 0.197774 1.234213 2.034302
v 0.106461 1.245126 2.205604
v 0.104764 1.156736 2.078318
v -0.019026 1.220957 2.225220
v -0.020769 1.130133 2.094429
v -0.143493 1.249923 2.205604
v -0.145190 1.161533 2.078318
v -0.146540 1.091166 1.941019
v -0.235159 1.242521 2.034302
v -0.236407 1.177446 1.907331
v -0.237315 1.130153 1.773274
v -0.267679 1.293553 1.861312
v -0.268486 1.251514 1.742150
v -0.231976 1.408374 1.815292
v -0.232682 1.371590 1.711026
v -0.138865 1.491144 1.781604
v -0.139497 1.458207 1.688241
v -0.013294 1.519684 1.769273
v -0.013899 1.488155 1.679902
v 0.111089 1.486347 1.781604
v 0.110457 1.453410 1.688241
v 0.200957 1.400066 1.815292
v 0.200251 1.363283 1.711026
v 0.232229 1.283960 1.861312
v 0.231422 1.241921 1.742150
v 0.196526 1.169139 1.907331
v 0.195618 1.121845 1.773274
v 0.103414 1.086369 1.941019
v 0.102433 1.035229 1.796058
v -0.022157 1.057829 1.953350
v -0.023165 1.005281 1.804398
v -0.023777 0.973388 1.650120
v -0.147521 1.040026 1.796058
v -0.148117 1.008987 1.645915
v -0.148316 0.998582 1.493157
v -0.237866 1.101450 1.634424
v -0.238050 1.091827 1.493157
v -0.268976 1.226000 1.618728
v -0.269140 1.217447 1.493157
v -0.233110 1.349266 1.603031
v -0.233254 1.341781 1.493157
v -0.139880 1.438217 1.591541
v -0.140009 1.431515 1.493157
v -0.014266 1.469019 1.587335
v -0.014389 1.462604 1.493157
v 0.110074 1.433420 1.591541
v 0.109945 1.426719 1.493157
v 0.199823 1.340958 1.603031
v 0.199679 1.333473 1.493157
v 0.230933 1.216407 1.618728
v 0.230768 1.207854 1.493157
v 0.195067 1.093142 1.634424
v 0.194883 1.083519 1.493157
v 0.101837 1.004191 1.645915
v 0.101638 0.993785 1.493157
v 0.101837 1.004191 1.340399
v -0.023982 0.962696 1.493157
v -0.023777 0.973388 1.336193
v -0.023165 1.005281 1.181916
v -0.148117 1.008987 1.340399
v -0.147521 1.040026 1.190255
v -0.237866 1.101450 1.351889
v -0.237315 1.130153 1.213040
v -0.268976 1.226000 1.367586
v -0.268486 1.251514 1.244164
v -0.233110 1.349266 1.383282
v -0.232682 1.371590 1.275288
v -0.139880 1.438217 1.394773
v -0.139497 1.458207 1.298072
v -0.014266 1.469019 1.398978
v -0.013899 1.488155 1.306412
v 0.110074 1.433420 1.394773
v 0.110457 1.453410 1.298072
v 0.199823 1.340958 1.383282
v 0.200251 1.363283 1.275288
v 0.230933 1.216407 1.367586
v 0.231422 1.241921 1.244164
v 0.195067 1.093142 1.351889
v 0.195618 1.121845 1.213040
v 0.196526 1.169139 1.078982
v 0.102433 1.035229 1.190255
v 0.103414 1.086369 1.045294
v 0.104764 1.156737 0.907995
v -0.022157 1.057830 1.032963
v -0.020769 1.130134 0.891884
v -0.146540 1.091166 1.045294
v -0.145190 1.161533 0.907995
v -0.236407 1.177447 1.078982
v -0.235159 1.242521 0.952011
v -0.267679 1.293553 1.125002
v -0.266569 1.351397 1.012139
v -0.231976 1.408374 1.171021
v -0.231005 1.458987 1.072266
v -0.138865 1.491144 1.204710
v -0.137995 1.536464 1.116282
v -0.013294 1.519684 1.217040
v -0.012461 1.563067 1.132393
v 0.111089 1.486348 1.204710
v 0.111959 1.531667 1.116282
v 0.200957 1.400067 1.171021
v 0.201928 1.450680 1.072266
v 0.232229 1.283960 1.125002
v 0.233339 1.341804 1.012139
v 0.234733 1.414463 0.907506
v 0.197774 1.234213 0.952011
v 0.199343 1.315954 0.834300
v 0.201204 1.412963 0.727862
v 0.106461 1.245126 0.780710
v 0.108474 1.350026 0.665614
v -0.019026 1.220957 0.761094
v -0.016958 1.328745 0.642830
v -0.143493 1.249923 0.780710
v -0.141480 1.354822 0.665614
v -0.233590 1.324262 0.834300
v -0.231729 1.421271 0.727862
v -0.265175 1.424055 0.907506
v -0.263520 1.510286 0.812895
v -0.229785 1.522563 0.980713
v -0.228337 1.598015 0.897928
v -0.136903 1.593391 1.034303
v -0.135606 1.660953 0.960176
v -0.011416 1.617561 1.053919
v -0.010175 1.682234 0.982960
v 0.113051 1.588595 1.034303
v 0.114348 1.656156 0.960176
v 0.203148 1.514256 0.980713
v 0.204596 1.589708 0.897928
v 0.206247 1.675744 0.825327
v 0.236388 1.500693 0.812895
v 0.238275 1.599020 0.729923
v 0.240361 1.707762 0.660009
v 0.203327 1.523582 0.634518
v 0.205675 1.645916 0.555866
v 0.110769 1.469642 0.564677
v 0.113307 1.601927 0.479628
v -0.014599 1.451654 0.539114
v -0.011991 1.587581 0.451722
v -0.139185 1.474438 0.564677
v -0.136647 1.606723 0.479628
v -0.229606 1.531889 0.634518
v -0.227258 1.654224 0.555866
v -0.261633 1.608613 0.729923
v -0.259547 1.717355 0.660009
v -0.226686 1.684052 0.825327
v -0.224860 1.779201 0.764153
v -0.134128 1.737992 0.895168
v -0.132493 1.823190 0.840391
v -0.008760 1.755979 0.920731
v -0.007195 1.837535 0.868296
v 0.115826 1.733195 0.895168
v 0.117461 1.818393 0.840391
v 0.119225 1.910293 0.796784
v 0.208073 1.770893 0.764153
v 0.210042 1.873526 0.715452
v 0.212122 1.981888 0.680058
v 0.242612 1.825057 0.604352
v 0.244988 1.948899 0.563902
v 0.208207 1.777873 0.493251
v 0.210880 1.917195 0.447745
v 0.116045 1.744617 0.411920
v 0.118936 1.895271 0.362712
v -0.009178 1.734200 0.382150
v -0.006207 1.889002 0.331588
v -0.133909 1.749413 0.411920
v -0.131018 1.900067 0.362712
v -0.224726 1.786180 0.493251
v -0.222053 1.925502 0.447745
v -0.257296 1.834650 0.604352
v -0.254920 1.958491 0.563902
v -0.222891 1.881834 0.715452
v -0.220811 1.990195 0.680058
v -0.130729 1.915089 0.796784
v -0.128868 2.012119 0.765091
v -0.005507 1.925506 0.826553
v -0.003724 2.018388 0.796215
v -0.001878 2.114589 0.777803
v 0.121086 2.007322 0.765091
v 0.123015 2.107820 0.745856
v 0.124977 2.210068 0.739408
v 0.214275 2.094123 0.658577
v 0.216467 2.208313 0.651375
v 0.247450 2.077168 0.539351
v 0.249954 2.207670 0.531121
v 0.213649 2.061497 0.420126
v 0.216467 2.208313 0.410867
v 0.121931 2.051311 0.332847
v 0.124977 2.210068 0.322834
v -0.003130 2.049338 0.300900
v 0.000000 2.212466 0.290612
v -0.128023 2.056108 0.332847
v -0.124977 2.214864 0.322834
v -0.219284 2.069805 0.420126
v -0.216467 2.216620 0.410867
v -0.252458 2.086760 0.539351
v -0.249954 2.217263 0.531121
v -0.218658 2.102430 0.658577
v -0.216467 2.216620 0.651375
v -0.126939 2.112617 0.745856
v -0.124977 2.214864 0.739408
v -0.123015 2.317112 0.745856
v 0.000000 2.212466 0.771630
v 0.001878 2.310343 0.777803
v 0.003724 2.406545 0.796215
v 0.126939 2.312315 0.745856
v 0.128868 2.412814 0.765091
v 0.218658 2.322502 0.658577
v 0.220811 2.434737 0.680059
v 0.252458 2.338172 0.539351
v 0.254920 2.466441 0.563902
v 0.219284 2.355127 0.420126
v 0.222053 2.499430 0.447745
v 0.128023 2.368824 0.332846
v 0.131018 2.524865 0.362712
v 0.003130 2.375594 0.300900
v 0.006207 2.535930 0.331588
v -0.121931 2.373621 0.332846
v -0.118936 2.529662 0.362712
v -0.213649 2.363435 0.420126
v -0.210880 2.507738 0.447745
v -0.247450 2.347764 0.539351
v -0.244988 2.476034 0.563902
v -0.214275 2.330809 0.658577
v -0.212122 2.443045 0.680059
v -0.210042 2.551407 0.715452
v -0.121086 2.417610 0.765091
v -0.119225 2.514639 0.796784
v -0.117461 2.606539 0.840391
v 0.005507 2.499426 0.826553
v 0.007195 2.587397 0.868296
v 0.130729 2.509843 0.796784
v 0.132493 2.601743 0.840391
v 0.222891 2.543099 0.715452
v 0.224860 2.645732 0.764153
v 0.257296 2.590283 0.604352
v 0.259547 2.707578 0.660009
v 0.224726 2.638752 0.493251
v 0.227258 2.770709 0.555866
v 0.133909 2.675519 0.411920
v 0.136647 2.818209 0.479628
v 0.009178 2.690733 0.382150
v 0.011991 2.837351 0.451723
v -0.116045 2.680316 0.411920
v -0.113307 2.823006 0.479628
v -0.208207 2.647060 0.493251
v -0.205675 2.779016 0.555866
v -0.242612 2.599876 0.604352
v -0.240361 2.717170 0.660009
v -0.238275 2.825912 0.729923
v -0.208073 2.654039 0.764153
v -0.206247 2.749188 0.825327
v -0.204596 2.835225 0.897928
v -0.115826 2.691737 0.895168
v -0.114348 2.768776 0.960176
v 0.008760 2.668953 0.920731
v 0.010175 2.742699 0.982960
v 0.134128 2.686941 0.895168
v 0.135606 2.763980 0.960176
v 0.226686 2.740881 0.825327
v 0.228337 2.826917 0.897928
v 0.261633 2.816319 0.729923
v 0.263520 2.914646 0.812895
v 0.229606 2.893043 0.634518
v 0.231729 3.003661 0.727862
v 0.139185 2.950494 0.564678
v 0.141480 3.070110 0.665614
v 0.014599 2.973278 0.539114
v 0.016958 3.096187 0.642829
v -0.110769 2.955290 0.564678
v -0.108474 3.074906 0.665614
v -0.203327 2.901351 0.634518
v -0.201204 3.011969 0.727862
v -0.199343 3.108978 0.834300
v -0.236388 2.924239 0.812895
v -0.234733 3.010470 0.907507
v -0.233339 3.083128 1.012139
v -0.203148 2.910676 0.980713
v -0.201928 2.974253 1.072266
v -0.113051 2.836337 1.034304
v -0.111959 2.893265 1.116282
v 0.011416 2.807372 1.053919
v 0.012461 2.861866 1.132393
v 0.136903 2.831541 1.034304
v 0.137995 2.888469 1.116282
v 0.229785 2.902369 0.980713
v 0.231005 2.965945 1.072266
v 0.265175 3.000877 0.907507
v 0.266569 3.073536 1.012139
v 0.233590 3.100671 0.834300
v 0.235159 3.182412 0.952012
v 0.143493 3.175010 0.780710
v 0.145190 3.263399 0.907995
v 0.019026 3.203976 0.761094
v 0.020769 3.294799 0.891884
v -0.106461 3.179806 0.780710
v -0.104764 3.268196 0.907995
v -0.103414 3.338563 1.045294
v -0.197774 3.190719 0.952012
v -0.196526 3.255793 1.078982
v -0.195618 3.303087 1.213040
v -0.232229 3.140972 1.125002
v -0.231422 3.183011 1.244164
v -0.200957 3.024866 1.171021
v -0.200251 3.061650 1.275288
v -0.111089 2.938585 1.204710
v -0.110457 2.971522 1.298072
v 0.013294 2.905248 1.217041
v 0.013899 2.936777 1.306412
v 0.138865 2.933789 1.204710
v 0.139497 2.966725 1.298072
v 0.231976 3.016558 1.171021
v 0.232682 3.053342 1.275288
v 0.267679 3.131379 1.125002
v 0.268486 3.173418 1.244164
v 0.236407 3.247486 1.078982
v 0.237315 3.294779 1.213040
v 0.146540 3.333767 1.045294
v 0.147521 3.384907 1.190255
v 0.022157 3.367103 1.032963
v 0.023165 3.419651 1.181915
v -0.102433 3.389703 1.190255
v -0.101837 3.420742 1.340399
v 0.148117 3.415945 1.340399
v 0.237866 3.323483 1.351890
v 0.268976 3.198932 1.367586
v 0.238050 3.333105 1.493157
v -0.110074 2.991512 1.394773
v 0.104268 2.364707 1.819318
v 0.131855 2.364667 1.802267
v 0.077949 2.363985 1.800383
v 0.105271 2.277301 1.822278
v 0.132831 2.279603 1.805148
v 0.078924 2.278920 1.803265
v 0.106661 2.191146 1.813699
v 0.134183 2.195756 1.796798
v 0.080277 2.195074 1.794915
v 0.108414 2.107718 1.793726
v 0.135890 2.114563 1.777361
v 0.081984 2.113881 1.775477
v 0.110501 2.028442 1.762701
v 0.137921 2.037412 1.747167
v 0.084015 2.036729 1.745284
v 0.112886 1.954676 1.721156
v 0.140242 1.965623 1.706735
v 0.086336 1.964941 1.704852
v 0.115528 1.887683 1.669801
v 0.142813 1.900424 1.656757
v 0.088907 1.899742 1.654873
v 0.118382 1.828608 1.609515
v 0.145590 1.842932 1.598086
v 0.091684 1.842250 1.596202
v 0.121398 1.778462 1.541330
v 0.148526 1.794129 1.531727
v 0.094620 1.793447 1.529844
v 0.124527 1.738102 1.466411
v 0.151570 1.754852 1.458816
v 0.097664 1.754170 1.456932
v 0.127712 1.708221 1.386041
v 0.154671 1.725771 1.380599
v 0.100765 1.725089 1.378716
v 0.130902 1.689329 1.301595
v 0.157775 1.707385 1.298416
v 0.103869 1.706703 1.296533
v 0.134040 1.681749 1.214518
v 0.160829 1.700008 1.213673
v 0.106922 1.699326 1.211789
v 0.137073 1.685610 1.126300
v 0.163780 1.703766 1.127819
v 0.109874 1.703084 1.125935
v 0.139949 1.700848 1.038451
v 0.166580 1.718595 1.042323
v 0.112674 1.717913 1.040440
v 0.142620 1.727200 0.952472
v 0.169178 1.744242 0.958648
v 0.115272 1.743559 0.956765
v 0.094464 1.788936 0.970377
v 0.085771 1.851171 0.989659
v 0.092061 1.765218 1.047757
v 0.083635 1.830089 1.058442
v 0.089472 1.751505 1.126822
v 0.081334 1.817899 1.128722
v 0.086743 1.748029 1.206218
v 0.078907 1.814809 1.199296
v 0.083918 1.754852 1.284587
v 0.076397 1.820873 1.268958
v 0.081048 1.771855 1.360588
v 0.073845 1.835988 1.336514
v 0.078181 1.798748 1.432921
v 0.071297 1.859893 1.400810
v 0.075365 1.835071 1.500348
v 0.068794 1.892180 1.460745
v 0.072650 1.880203 1.561715
v 0.066381 1.932297 1.515294
v 0.070082 1.933370 1.615973
v 0.064098 1.979557 1.563523
v 0.067704 1.993665 1.662192
v 0.061984 2.033152 1.604607
v 0.065558 2.060053 1.699583
v 0.060077 2.092164 1.637843
v 0.063680 2.131402 1.727505
v 0.058407 2.155585 1.662662
v 0.062102 2.206487 1.745480
v 0.057004 2.222327 1.678641
v 0.060851 2.284027 1.753202
v 0.055892 2.291251 1.685504
v 0.059948 2.362692 1.750537
v 0.055090 2.361176 1.683136
v 0.064676 2.359843 1.616239
v 0.086138 2.359050 1.567771
v 0.065378 2.298659 1.618311
v 0.086766 2.304265 1.569627
v 0.066351 2.238350 1.612306
v 0.087637 2.250263 1.564249
v 0.067578 2.179950 1.598324
v 0.088736 2.197970 1.551731
v 0.069039 2.124458 1.576607
v 0.090045 2.148281 1.532285
v 0.070709 2.072822 1.547526
v 0.091539 2.102045 1.506244
v 0.072558 2.025926 1.511577
v 0.093195 2.060054 1.474055
v 0.074556 1.984573 1.469377
v 0.094984 2.023026 1.436268
v 0.076667 1.949471 1.421647
v 0.096875 1.991594 1.393530
v 0.078857 1.921220 1.369204
v 0.098835 1.966298 1.346571
v 0.081087 1.900303 1.312945
v 0.100832 1.947568 1.296196
v 0.083320 1.887078 1.253833
v 0.102831 1.935726 1.243266
v 0.085516 1.881772 1.192879
v 0.104798 1.930975 1.188686
v 0.087639 1.884475 1.131127
v 0.106699 1.933396 1.133392
v 0.089653 1.895141 1.069632
v 0.108502 1.942946 1.078328
v 0.091522 1.913588 1.009447
v 0.110176 1.959464 1.024437
v 0.136735 1.976505 1.030613
v 0.164082 1.960146 1.026320
v 0.135133 1.960694 1.082200
v 0.162408 1.943629 1.080211
v 0.133407 1.951551 1.134910
v 0.160606 1.934078 1.135275
v 0.131587 1.949234 1.187841
v 0.158704 1.931657 1.190569
v 0.129704 1.953783 1.240087
v 0.156738 1.936409 1.245149
v 0.127791 1.965118 1.290755
v 0.154738 1.948250 1.298079
v 0.125879 1.983047 1.338976
v 0.152742 1.966980 1.348454
v 0.124002 2.007262 1.383928
v 0.150781 1.992277 1.395413
v 0.122192 2.037350 1.424839
v 0.148890 2.023708 1.438152
v 0.120480 2.072795 1.461011
v 0.147101 2.060736 1.475939
v 0.118895 2.112991 1.491824
v 0.145445 2.102727 1.508128
v 0.117464 2.157250 1.516751
v 0.143951 2.148963 1.534168
v 0.116212 2.204816 1.535365
v 0.142642 2.198653 1.553614
v 0.115160 2.254873 1.547349
v 0.141543 2.250945 1.566133
v 0.114326 2.306566 1.552497
v 0.140672 2.304946 1.571510
v 0.113724 2.359010 1.550720
v 0.140044 2.359733 1.569655
v 0.158044 2.361025 1.619501
v 0.162902 2.362541 1.686902
v 0.158746 2.299840 1.621573
v 0.163704 2.292616 1.689271
v 0.159719 2.239532 1.615567
v 0.164816 2.223692 1.682407
v 0.160946 2.181132 1.601586
v 0.166219 2.156949 1.666429
v 0.162407 2.125639 1.579869
v 0.167889 2.093528 1.641609
v 0.164077 2.074003 1.550788
v 0.169797 2.034516 1.608373
v 0.165926 2.027108 1.514839
v 0.171910 1.980921 1.567289
v 0.167924 1.985755 1.472639
v 0.174193 1.933661 1.519060
v 0.170035 1.950653 1.424909
v 0.176606 1.893544 1.464512
v 0.172225 1.922401 1.372466
v 0.179109 1.861257 1.404577
v 0.174455 1.901484 1.316207
v 0.181658 1.837352 1.340281
v 0.176688 1.888260 1.257095
v 0.184209 1.822238 1.272724
v 0.178884 1.882954 1.196141
v 0.186720 1.816174 1.203063
v 0.181008 1.885657 1.134388
v 0.189146 1.819263 1.132488
v 0.183021 1.896323 1.072894
v 0.191447 1.831453 1.062209
v 0.184890 1.914770 1.012709
v 0.193583 1.852535 0.993426
v 0.187832 1.790117 0.973638
v 0.185429 1.766400 1.051019
v 0.182841 1.752687 1.130084
v 0.180111 1.749211 1.209480
v 0.177286 1.756033 1.287849
v 0.174416 1.773036 1.363850
v 0.171549 1.799929 1.436183
v 0.168733 1.836253 1.503610
v 0.166018 1.881384 1.564977
v 0.163450 1.934552 1.619235
v 0.161072 1.994846 1.665454
v 0.158926 2.061235 1.702845
v 0.157048 2.132583 1.730767
v 0.155470 2.207669 1.748742
v 0.154219 2.285208 1.756464
v 0.153316 2.363874 1.753799
v 0.182588 4.990410 -10.387051
v 0.187200 4.990410 -10.082451
v 0.182588 5.292138 -10.387051
v -0.035770 4.990410 -10.383744
v -0.031158 4.990410 -10.079144
v -0.035770 5.292138 -10.383744
v -0.031158 5.509048 -10.079144
v 0.187200 5.509048 -10.082451
vn 0.0007 0.0057 1.0000
vn 0.0911 -0.9958 0.0056
vn -0.1075 -0.9942 0.0057
vn -0.3016 -0.9534 0.0056
vn -0.0007 -0.0057 -1.0000
vn -0.4834 -0.8754 0.0053
vn -0.6456 -0.7636 0.0048
vn -0.7822 -0.6230 0.0041
vn -0.8883 -0.4593 0.0032
vn -0.9603 -0.2789 0.0022
vn -0.9961 -0.0885 0.0012
vn -0.9945 0.1050 0.0001
vn -0.9556 0.2948 -0.0010
vn -0.8806 0.4739 -0.0021
vn -0.7718 0.6359 -0.0031
vn -0.6329 0.7742 -0.0040
vn -0.4689 0.8832 -0.0047
vn -0.2858 0.9583 -0.0052
vn -0.0911 0.9958 -0.0056
vn 0.1075 0.9942 -0.0057
vn 0.3016 0.9534 -0.0056
vn 0.4834 0.8754 -0.0053
vn 0.6456 0.7636 -0.0048
vn 0.7822 0.6230 -0.0041
vn 0.8883 0.4593 -0.0032
vn 0.9603 0.2789 -0.0022
vn 0.9961 0.0885 -0.0012
vn 0.9945 -0.1050 -0.0001
vn 0.9556 -0.2948 0.0010
vn 0.8806 -0.4739 0.0021
vn 0.7718 -0.6359 0.0031
vn 0.6329 -0.7742 0.0040
vn 0.4689 -0.8832 0.0047
vn 0.2858 -0.9583 0.0052
vn 0.0980 -0.9952 0.0054
vn 0.2903 -0.9569 0.0052
vn 0.4714 -0.8819 0.0048
vn 0.6344 -0.7730 0.0042
vn 0.7730 -0.6344 0.0035
vn 0.8819 -0.4714 0.0026
vn 0.9569 -0.2903 0.0016
vn 0.9952 -0.0980 0.0005
vn 0.9952 0.0980 -0.0005
vn 0.9569 0.2903 -0.0016
vn 0.8819 0.4714 -0.0026
vn 0.7730 0.6344 -0.0035
vn 0.6344 0.7730 -0.0042
vn 0.4714 0.8819 -0.0048
vn 0.2903 0.9569 -0.0052
vn 0.0980 0.9952 -0.0054
vn -0.0980 0.9952 -0.0054
vn -0.2903 0.9569 -0.0052
vn -0.4714 0.8819 -0.0048
vn -0.6344 0.7730 -0.0042
vn -0.7730 0.6344 -0.0035
vn -0.8819 0.4714 -0.0026
vn -0.9556 0.2894 -0.0549
vn -0.9952 0.0980 -0.0005
vn -0.9952 -0.0980 0.0005
vn -0.9569 -0.2903 0.0016
vn -0.8819 -0.4714 0.0026
vn -0.7730 -0.6344 0.0035
vn -0.6344 -0.7730 0.0042
vn -0.4714 -0.8819 0.0048
vn -0.0000 -0.0091 -1.0000
vn -0.2903 -0.9569 0.0052
vn -0.0980 -0.9952 0.0054
vn -0.0000 0.0091 1.0000
vn 1.0000 -0.0000 -0.0000
vn 0.9996 -0.0258 -0.0075
vn -0.0101 -0.9833 -0.1819
vn -0.0000 -1.0000 -0.0000
vn -0.9999 -0.0000 0.0142
vn -0.9997 -0.0000 -0.0249
vn -0.9949 -0.0000 -0.1008
vn 0.0060 -0.6204 -0.7843
vn 0.0004 -0.0060 -1.0000
vn 0.9998 0.0197 -0.0031
vn 1.0000 0.0041 -0.0030
vn -0.0002 0.9999 -0.0112
vn 0.0149 0.0120 0.9998
vn -0.9992 0.0390 -0.0123
vn -0.9999 -0.0090 -0.0121
vn 0.0025 0.1168 0.9932
vn 0.0242 0.1169 0.9929
vn 0.0454 0.1127 0.9926
vn 0.0655 0.1045 0.9924
vn 0.0836 0.0925 0.9922
vn 0.0990 0.0772 0.9921
vn 0.1111 0.0593 0.9920
vn 0.1194 0.0393 0.9921
vn 0.1237 0.0180 0.9921
vn 0.1238 -0.0036 0.9923
vn 0.1197 -0.0249 0.9925
vn 0.1115 -0.0449 0.9928
vn 0.0995 -0.0630 0.9930
vn 0.0842 -0.0784 0.9934
vn 0.0662 -0.0905 0.9937
vn 0.0462 -0.0989 0.9940
vn 0.0250 -0.1032 0.9943
vn 0.0033 -0.1033 0.9946
vn -0.0180 -0.0991 0.9949
vn -0.0381 -0.0909 0.9951
vn -0.0562 -0.0789 0.9953
vn -0.0716 -0.0637 0.9954
vn -0.0837 -0.0457 0.9954
vn -0.0921 -0.0257 0.9954
vn -0.0964 -0.0044 0.9953
vn -0.0965 0.0172 0.9952
vn -0.0923 0.0386 0.9950
vn -0.0841 0.0586 0.9947
vn -0.0721 0.0767 0.9944
vn -0.0568 0.0920 0.9941
vn -0.0388 0.1041 0.9938
vn -0.0188 0.1125 0.9935
vn -0.0199 0.3289 0.9442
vn -0.0822 0.3163 0.9451
vn -0.0407 0.5198 0.8533
vn -0.1401 0.4998 0.8547
vn 0.0436 0.3290 0.9433
vn 0.0606 0.5200 0.8520
vn 0.1060 0.3168 0.9425
vn 0.1600 0.5005 0.8508
vn 0.1648 0.2927 0.9419
vn 0.2536 0.4620 0.8498
vn 0.2177 0.2576 0.9414
vn 0.3380 0.4060 0.8491
vn 0.2628 0.2128 0.9411
vn 0.4098 0.3347 0.8486
vn 0.2982 0.1602 0.9410
vn 0.4663 0.2508 0.8483
vn 0.3228 0.1016 0.9410
vn 0.5054 0.1574 0.8484
vn 0.3354 0.0394 0.9413
vn 0.5255 0.0583 0.8488
vn 0.3357 -0.0241 0.9417
vn 0.5260 -0.0429 0.8494
vn 0.3235 -0.0864 0.9423
vn 0.5067 -0.1422 0.8503
vn 0.2995 -0.1452 0.9430
vn 0.4684 -0.2359 0.8515
vn 0.2644 -0.1982 0.9438
vn 0.4125 -0.3204 0.8528
vn 0.2197 -0.2433 0.9447
vn 0.3412 -0.3923 0.8542
vn 0.1670 -0.2788 0.9457
vn 0.2573 -0.4491 0.8557
vn 0.1084 -0.3034 0.9467
vn 0.1638 -0.4883 0.8572
vn 0.0461 -0.3161 0.9476
vn 0.0644 -0.5086 0.8586
vn -0.0175 -0.3164 0.9485
vn -0.0370 -0.5091 0.8599
vn -0.0800 -0.3043 0.9492
vn -0.1366 -0.4898 0.8611
vn -0.1389 -0.2802 0.9499
vn -0.2306 -0.4514 0.8620
vn -0.1919 -0.2450 0.9503
vn -0.3152 -0.3954 0.8628
vn -0.2371 -0.2002 0.9506
vn -0.3873 -0.3239 0.8632
vn -0.2727 -0.1475 0.9507
vn -0.4440 -0.2397 0.8634
vn -0.2972 -0.0888 0.9507
vn -0.4831 -0.1461 0.8633
vn -0.3099 -0.0265 0.9504
vn -0.5033 -0.0467 0.8629
vn -0.3101 0.0371 0.9500
vn -0.5036 0.0547 0.8622
vn -0.2979 0.0995 0.9494
vn -0.4841 0.1543 0.8613
vn -0.2737 0.1583 0.9487
vn -0.4455 0.2481 0.8602
vn -0.2385 0.2113 0.9479
vn -0.3894 0.3325 0.8590
vn -0.1937 0.2564 0.9470
vn -0.3178 0.4043 0.8576
vn -0.1409 0.2918 0.9460
vn -0.2337 0.4608 0.8562
vn -0.3127 0.6034 0.7335
vn -0.4234 0.5291 0.7353
vn -0.1897 0.6547 0.7317
vn -0.2297 0.7771 0.5859
vn -0.3761 0.7161 0.5880
vn -0.0590 0.6810 0.7299
vn -0.0742 0.8084 0.5839
vn 0.0742 0.6813 0.7283
vn 0.0844 0.8088 0.5820
vn 0.2050 0.6556 0.7268
vn 0.2400 0.7782 0.5803
vn 0.3281 0.6049 0.7255
vn 0.3866 0.7179 0.5789
vn 0.4390 0.5313 0.7246
vn 0.5185 0.6303 0.5778
vn 0.5334 0.4375 0.7239
vn 0.6309 0.5186 0.5771
vn 0.6077 0.3271 0.7237
vn 0.7193 0.3873 0.5768
vn 0.6591 0.2043 0.7237
vn 0.7804 0.2412 0.5769
vn 0.6856 0.0740 0.7242
vn 0.8119 0.0861 0.5774
vn 0.6862 -0.0591 0.7250
vn 0.8126 -0.0722 0.5783
vn 0.6608 -0.1897 0.7262
vn 0.7824 -0.2277 0.5796
vn 0.6105 -0.3129 0.7276
vn 0.7225 -0.3743 0.5812
vn 0.5371 -0.4240 0.7292
vn 0.6352 -0.5065 0.5831
vn 0.4434 -0.5187 0.7310
vn 0.5237 -0.6192 0.5851
vn 0.3330 -0.5933 0.7329
vn 0.3923 -0.7080 0.5873
vn 0.2100 -0.6450 0.7348
vn 0.2460 -0.7695 0.5894
vn 0.0793 -0.6717 0.7366
vn 0.0905 -0.8012 0.5915
vn -0.0541 -0.6723 0.7383
vn -0.0683 -0.8020 0.5934
vn -0.1851 -0.6469 0.7397
vn -0.2242 -0.7718 0.5950
vn -0.3087 -0.5964 0.7409
vn -0.3713 -0.7117 0.5964
vn -0.4200 -0.5228 0.7418
vn -0.5037 -0.6240 0.5974
vn -0.5148 -0.4288 0.7424
vn -0.6165 -0.5121 0.5981
vn -0.5894 -0.3181 0.7426
vn -0.7052 -0.3804 0.5983
vn -0.6409 -0.1949 0.7424
vn -0.7665 -0.2339 0.5981
vn -0.6674 -0.0641 0.7419
vn -0.7980 -0.0783 0.5976
vn -0.6678 0.0693 0.7411
vn -0.7985 0.0805 0.5966
vn -0.6421 0.2002 0.7400
vn -0.7679 0.2363 0.5953
vn -0.5914 0.3236 0.7386
vn -0.7076 0.3830 0.5938
vn -0.5175 0.4346 0.7371
vn -0.6198 0.5152 0.5920
vn -0.5078 0.6277 0.5900
vn -0.5705 0.6996 0.4302
vn -0.6955 0.5740 0.4323
vn -0.4233 0.7985 0.4280
vn -0.4550 0.8518 0.2597
vn -0.6122 0.7461 0.2620
vn -0.2598 0.8667 0.4258
vn -0.2803 0.9248 0.2574
vn -0.0860 0.9018 0.4236
vn -0.0947 0.9623 0.2551
vn 0.0912 0.9022 0.4216
vn 0.0947 0.9628 0.2530
vn 0.2650 0.8681 0.4198
vn 0.2805 0.9264 0.2511
vn 0.4288 0.8007 0.4182
vn 0.4556 0.8545 0.2496
vn 0.5763 0.7028 0.4171
vn 0.6133 0.7498 0.2484
vn 0.7019 0.5780 0.4163
vn 0.7475 0.6164 0.2476
vn 0.8007 0.4312 0.4160
vn 0.8531 0.4595 0.2472
vn 0.8689 0.2680 0.4161
vn 0.9260 0.2851 0.2474
vn 0.9041 0.0946 0.4166
vn 0.9636 0.0998 0.2480
vn 0.9049 -0.0823 0.4176
vn 0.9644 -0.0893 0.2490
vn 0.8711 -0.2560 0.4190
vn 0.9283 -0.2749 0.2504
vn 0.8042 -0.4198 0.4208
vn 0.8567 -0.4500 0.2522
vn 0.7066 -0.5675 0.4228
vn 0.7523 -0.6078 0.2543
vn 0.5819 -0.6934 0.4249
vn 0.6191 -0.7422 0.2565
vn 0.4351 -0.7926 0.4272
vn 0.4622 -0.8482 0.2589
vn 0.2717 -0.8612 0.4295
vn 0.2875 -0.9215 0.2612
vn 0.0979 -0.8967 0.4317
vn 0.1019 -0.9593 0.2635
vn -0.0795 -0.8975 0.4338
vn -0.0876 -0.9601 0.2656
vn -0.2537 -0.8637 0.4355
vn -0.2737 -0.9239 0.2675
vn -0.4179 -0.7965 0.4370
vn -0.4490 -0.8520 0.2690
vn -0.5658 -0.6985 0.4381
vn -0.6070 -0.7474 0.2702
vn -0.6917 -0.5735 0.4388
vn -0.7415 -0.6139 0.2709
vn -0.7908 -0.4264 0.4391
vn -0.8473 -0.4567 0.2712
vn -0.8593 -0.2628 0.4389
vn -0.9203 -0.2820 0.2710
vn -0.8944 -0.0890 0.4383
vn -0.9579 -0.0964 0.2704
vn -0.8950 0.0883 0.4373
vn -0.9585 0.0930 0.2694
vn -0.8609 0.2623 0.4359
vn -0.9222 0.2788 0.2679
vn -0.7935 0.4263 0.4342
vn -0.8503 0.4540 0.2662
vn -0.7456 0.6118 0.2642
vn -0.0000 -0.0015 1.0000
vn 0.0980 -0.9952 -0.0015
vn -0.0980 -0.9952 -0.0015
vn -0.2903 -0.9569 -0.0014
vn -0.0000 0.0015 -1.0000
vn -0.4714 -0.8819 -0.0013
vn -0.6344 -0.7730 -0.0012
vn -0.7730 -0.6344 -0.0010
vn -0.8819 -0.4714 -0.0007
vn -0.9569 -0.2903 -0.0004
vn -0.9952 -0.0980 -0.0001
vn -0.9952 0.0980 0.0001
vn -0.9569 0.2903 0.0004
vn -0.8819 0.4714 0.0007
vn -0.7730 0.6344 0.0010
vn -0.6344 0.7730 0.0012
vn -0.4714 0.8819 0.0013
vn -0.2903 0.9569 0.0014
vn -0.0980 0.9952 0.0015
vn 0.0980 0.9952 0.0015
vn 0.2903 0.9569 0.0014
vn 0.4714 0.8819 0.0013
vn 0.6344 0.7730 0.0012
vn 0.7730 0.6344 0.0010
vn 0.8819 0.4714 0.0007
vn 0.9569 0.2903 0.0004
vn 0.9952 0.0980 0.0001
vn 0.9952 -0.0980 -0.0001
vn 0.9569 -0.2903 -0.0004
vn 0.8819 -0.4714 -0.0007
vn 0.7730 -0.6344 -0.0010
vn 0.6344 -0.7730 -0.0012
vn 0.4714 -0.8819 -0.0013
vn 0.2903 -0.9569 -0.0014
vn -0.0000 -0.9674 0.2532
vn -1.0000 -0.0000 -0.0000
vn -0.0000 0.2532 0.9674
vn -0.0000 0.9674 -0.2532
vn -0.0000 -0.2532 -0.9674
vn 0.4586 0.8732 -0.1649
vn -0.4571 0.8768 -0.1489
vn 0.4643 0.8844 -0.0474
vn -0.4586 0.8881 -0.0312
vn 0.4697 0.8798 0.0727
vn -0.4599 0.8835 0.0890
vn 0.4745 0.8589 0.1928
vn -0.4606 0.8626 0.2092
vn 0.4784 0.8214 0.3104
vn -0.4607 0.8252 0.3269
vn 0.4812 0.7680 0.4227
vn -0.4599 0.7717 0.4392
vn 0.4827 0.6995 0.5269
vn -0.4584 0.7033 0.5434
vn 0.4830 0.6177 0.6206
vn -0.4560 0.6215 0.6370
vn 0.4821 0.5246 0.7017
vn -0.4530 0.5284 0.7181
vn 0.4801 0.4226 0.7687
vn -0.4495 0.4263 0.7850
vn 0.4773 0.3142 0.8207
vn -0.4457 0.3179 0.8368
vn 0.4739 0.2018 0.8572
vn -0.4419 0.2054 0.8732
vn 0.4701 0.0877 0.8782
vn -0.4383 0.0913 0.8942
vn 0.4663 -0.0262 0.8842
vn -0.4352 -0.0226 0.9000
vn 0.4627 -0.1381 0.8757
vn -0.4328 -0.1345 0.8914
vn -0.8737 -0.0684 0.4816
vn -0.9873 -0.0177 0.1576
vn -0.9874 0.0001 0.1580
vn -0.8751 -0.0093 0.4839
vn -0.9876 0.0179 0.1560
vn -0.8768 0.0502 0.4782
vn -0.9878 0.0356 0.1517
vn -0.8787 0.1092 0.4647
vn -0.9880 0.0526 0.1451
vn -0.8807 0.1667 0.4433
vn -0.9883 0.0689 0.1362
vn -0.8827 0.2215 0.4145
vn -0.9885 0.0840 0.1254
vn -0.8845 0.2727 0.3785
vn -0.9888 0.0978 0.1126
vn -0.8861 0.3193 0.3361
vn -0.9891 0.1100 0.0983
vn -0.8873 0.3604 0.2879
vn -0.9893 0.1203 0.0825
vn -0.8880 0.3952 0.2349
vn -0.9895 0.1287 0.0657
vn -0.8884 0.4231 0.1781
vn -0.9897 0.1349 0.0480
vn -0.8884 0.4435 0.1184
vn -0.9899 0.1389 0.0297
vn -0.8880 0.4562 0.0571
vn -0.9900 0.1405 0.0113
vn -0.8874 0.4609 -0.0047
vn -0.9902 0.1398 -0.0070
vn -0.8866 0.4577 -0.0659
vn -0.9904 -0.1319 0.0417
vn -0.8874 -0.4507 0.0970
vn -0.8903 -0.4539 0.0359
vn -0.9909 -0.1326 0.0234
vn -0.8931 -0.4491 -0.0259
vn -0.9914 -0.1310 0.0050
vn -0.8955 -0.4364 -0.0871
vn -0.9918 -0.1270 -0.0132
vn -0.8974 -0.4160 -0.1467
vn -0.9922 -0.1208 -0.0309
vn -0.8988 -0.3881 -0.2036
vn -0.9925 -0.1125 -0.0478
vn -0.8996 -0.3533 -0.2566
vn -0.9927 -0.1021 -0.0635
vn -0.8998 -0.3122 -0.3048
vn -0.9929 -0.0899 -0.0779
vn -0.8994 -0.2656 -0.3472
vn -0.9930 -0.0762 -0.0906
vn -0.8984 -0.2144 -0.3832
vn -0.9930 -0.0610 -0.1015
vn -0.8970 -0.1596 -0.4121
vn -0.9929 -0.0448 -0.1103
vn -0.8953 -0.1022 -0.4336
vn -0.9927 -0.0277 -0.1170
vn -0.8934 -0.0432 -0.4472
vn -0.9926 -0.0101 -0.1213
vn -0.8914 0.0163 -0.4529
vn -0.9923 0.0078 -0.1233
vn -0.8895 0.0754 -0.4507
vn -0.9921 0.0256 -0.1229
vn -0.4627 0.1381 -0.8757
vn 0.4328 0.1345 -0.8914
vn 0.4352 0.0226 -0.9000
vn -0.4663 0.0262 -0.8842
vn 0.4383 -0.0913 -0.8942
vn -0.4701 -0.0877 -0.8782
vn 0.4419 -0.2054 -0.8732
vn -0.4739 -0.2018 -0.8572
vn 0.4457 -0.3179 -0.8368
vn -0.4773 -0.3142 -0.8207
vn 0.4495 -0.4263 -0.7850
vn -0.4801 -0.4226 -0.7687
vn 0.4530 -0.5284 -0.7181
vn -0.4821 -0.5246 -0.7017
vn 0.4560 -0.6215 -0.6370
vn -0.4830 -0.6177 -0.6206
vn 0.4584 -0.7033 -0.5434
vn -0.4827 -0.6995 -0.5269
vn 0.4599 -0.7717 -0.4392
vn -0.4812 -0.7680 -0.4227
vn 0.4607 -0.8252 -0.3269
vn -0.4784 -0.8214 -0.3104
vn 0.4606 -0.8626 -0.2092
vn -0.4745 -0.8589 -0.1928
vn 0.4599 -0.8835 -0.0890
vn -0.4697 -0.8798 -0.0727
vn 0.4586 -0.8881 0.0312
vn -0.4643 -0.8844 0.0474
vn 0.4571 -0.8768 0.1489
vn -0.4586 -0.8732 0.1649
vn 0.8866 -0.4577 0.0659
vn 0.9902 -0.1398 0.0070
vn 0.9900 -0.1405 -0.0113
vn 0.8874 -0.4609 0.0047
vn 0.9899 -0.1389 -0.0297
vn 0.8880 -0.4562 -0.0571
vn 0.9897 -0.1349 -0.0480
vn 0.8884 -0.4435 -0.1184
vn 0.9895 -0.1287 -0.0657
vn 0.8884 -0.4231 -0.1781
vn 0.9893 -0.1203 -0.0825
vn 0.8880 -0.3952 -0.2349
vn 0.9891 -0.1100 -0.0983
vn 0.8873 -0.3604 -0.2879
vn 0.9888 -0.0978 -0.1126
vn 0.8861 -0.3193 -0.3361
vn 0.9885 -0.0840 -0.1254
vn 0.8845 -0.2727 -0.3785
vn 0.9883 -0.0689 -0.1362
vn 0.8827 -0.2215 -0.4145
vn 0.9880 -0.0526 -0.1451
vn 0.8807 -0.1667 -0.4433
vn 0.9878 -0.0356 -0.1517
vn 0.8787 -0.1092 -0.4647
vn 0.9876 -0.0179 -0.1560
vn 0.8768 -0.0502 -0.4782
vn 0.9874 -0.0001 -0.1580
vn 0.8751 0.0093 -0.4839
vn 0.9873 0.0177 -0.1576
vn 0.8737 0.0684 -0.4816
vn 0.9921 -0.0256 0.1229
vn 0.8895 -0.0754 0.4507
vn 0.8914 -0.0163 0.4529
vn 0.9923 -0.0078 0.1233
vn 0.8934 0.0432 0.4472
vn 0.9926 0.0101 0.1213
vn 0.8953 0.1022 0.4336
vn 0.9927 0.0277 0.1170
vn 0.8970 0.1596 0.4121
vn 0.9929 0.0448 0.1103
vn 0.8984 0.2144 0.3832
vn 0.9930 0.0610 0.1015
vn 0.8994 0.2656 0.3472
vn 0.9930 0.0762 0.0906
vn 0.8998 0.3122 0.3048
vn 0.9929 0.0899 0.0779
vn 0.8996 0.3533 0.2566
vn 0.9927 0.1021 0.0635
vn 0.8988 0.3881 0.2036
vn 0.9925 0.1125 0.0478
vn 0.8974 0.4160 0.1467
vn 0.9922 0.1208 0.0309
vn 0.8955 0.4364 0.0871
vn 0.9918 0.1270 0.0132
vn 0.8931 0.4491 0.0259
vn 0.9914 0.1310 -0.0050
vn 0.8903 0.4539 -0.0359
vn 0.9909 0.1326 -0.0234
vn 0.8874 0.4507 -0.0970
vn 0.9904 0.1319 -0.0417
vn -0.2397 0.9686 0.0657
vn -0.2397 0.9686 -0.0657
vn 0.2767 0.9587 -0.0657
vn 0.2767 0.9587 0.0657
vn 0.2760 0.9410 0.1956
vn -0.2397 0.9509 0.1956
vn 0.7197 0.6926 0.0481
vn 0.7190 0.6801 0.1434
vn 0.7176 0.6553 0.2360
vn 0.2747 0.9062 0.3215
vn 0.7156 0.6188 0.3242
vn 0.2729 0.8551 0.4409
vn -0.2399 0.8649 0.4409
vn -0.2398 0.9160 0.3215
vn -0.6913 0.6458 0.3242
vn -0.6919 0.6823 0.2360
vn -0.6924 0.7071 0.1434
vn -0.9606 0.2640 0.0866
vn -0.9606 0.2728 0.0526
vn -0.6926 0.7197 0.0481
vn -0.9606 0.2773 0.0176
vn -0.6926 0.7197 -0.0481
vn -0.9606 0.2773 -0.0176
vn -0.9706 -0.2402 0.0176
vn -0.9706 -0.2402 -0.0176
vn -0.7197 -0.6926 0.0481
vn -0.7197 -0.6926 -0.0481
vn -0.9704 -0.2358 -0.0526
vn -0.7190 -0.6801 -0.1434
vn -0.2760 -0.9410 -0.1956
vn -0.2767 -0.9587 -0.0657
vn 0.2397 -0.9509 -0.1956
vn 0.2397 -0.9686 -0.0657
vn -0.2767 -0.9587 0.0657
vn 0.2397 -0.9686 0.0657
vn 0.6926 -0.7197 0.0481
vn 0.6926 -0.7197 -0.0481
vn 0.9606 -0.2773 0.0176
vn 0.9606 -0.2773 -0.0176
vn 0.6924 -0.7071 -0.1434
vn 0.9606 -0.2728 -0.0526
vn 0.9704 0.2358 0.0526
vn 0.9706 0.2402 0.0176
vn 0.9606 -0.2640 -0.0866
vn 0.9700 0.2269 0.0866
vn 0.9606 -0.2509 -0.1192
vn 0.9696 0.2139 0.1192
vn 0.9607 -0.2339 -0.1496
vn 0.9689 0.1969 0.1496
vn 0.7131 0.5714 0.4063
vn 0.9682 0.1762 0.1775
vn 0.7102 0.5141 0.4809
vn 0.2678 0.7097 0.6516
vn 0.2705 0.7891 0.5515
vn -0.2404 0.7195 0.6516
vn -0.2401 0.7989 0.5515
vn -0.6900 0.5409 0.4809
vn -0.6906 0.5983 0.4063
vn -0.9607 0.2132 0.1775
vn -0.9607 0.2339 0.1496
vn -0.9606 0.2509 0.1192
vn -0.9689 -0.1969 -0.1496
vn -0.9696 -0.2139 -0.1192
vn -0.9700 -0.2269 -0.0866
vn -0.7156 -0.6188 -0.3242
vn -0.7176 -0.6553 -0.2360
vn -0.2729 -0.8551 -0.4409
vn -0.2747 -0.9062 -0.3215
vn 0.2399 -0.8649 -0.4409
vn 0.2398 -0.9160 -0.3215
vn 0.6913 -0.6458 -0.3242
vn 0.6919 -0.6823 -0.2360
vn 0.2401 -0.7989 -0.5515
vn 0.6906 -0.5983 -0.4063
vn 0.2404 -0.7195 -0.6516
vn 0.6900 -0.5409 -0.4809
vn 0.9607 -0.2132 -0.1775
vn 0.6895 -0.4748 -0.5470
vn 0.9609 -0.1892 -0.2024
vn 0.9674 0.1522 0.2024
vn 0.9610 -0.1623 -0.2237
vn 0.9666 0.1253 0.2237
vn 0.7040 0.3745 0.6034
vn 0.7072 0.4480 0.5470
vn 0.2618 0.5184 0.8141
vn 0.2649 0.6189 0.7395
vn -0.2418 0.5280 0.8141
vn -0.2410 0.6286 0.7395
vn -0.6891 0.4012 0.6034
vn -0.6895 0.4748 0.5470
vn -0.9610 0.1623 0.2237
vn -0.9609 0.1892 0.2024
vn -0.9666 -0.1253 -0.2237
vn -0.9674 -0.1522 -0.2024
vn -0.9682 -0.1762 -0.1775
vn -0.7072 -0.4480 -0.5470
vn -0.7102 -0.5141 -0.4809
vn -0.7131 -0.5714 -0.4063
vn -0.2679 -0.7097 -0.6516
vn -0.2705 -0.7891 -0.5515
vn -0.2649 -0.6189 -0.7395
vn 0.2410 -0.6286 -0.7395
vn -0.2618 -0.5184 -0.8141
vn 0.2418 -0.5280 -0.8141
vn 0.6891 -0.4012 -0.6034
vn 0.2428 -0.4197 -0.8746
vn 0.6891 -0.3214 -0.6495
vn 0.9613 -0.1329 -0.2412
vn 0.6895 -0.2368 -0.6845
vn 0.9617 -0.1016 -0.2546
vn 0.9649 0.0647 0.2546
vn 0.9657 0.0959 0.2412
vn 0.6981 0.2102 0.6845
vn 0.7009 0.2947 0.6495
vn 0.2557 0.2957 0.9204
vn 0.2587 0.4100 0.8746
vn -0.2442 0.3053 0.9204
vn -0.2428 0.4197 0.8746
vn -0.6895 0.2368 0.6845
vn -0.6891 0.3214 0.6495
vn -0.9617 0.1016 0.2546
vn -0.9613 0.1329 0.2412
vn -0.9649 -0.0647 -0.2546
vn -0.9657 -0.0959 -0.2412
vn -0.6981 -0.2102 -0.6845
vn -0.7009 -0.2947 -0.6495
vn -0.7040 -0.3745 -0.6034
vn -0.2587 -0.4100 -0.8746
vn -0.2557 -0.2957 -0.9204
vn 0.2442 -0.3053 -0.9204
vn -0.2529 -0.1772 -0.9511
vn 0.2459 -0.1868 -0.9511
vn 0.6903 -0.1488 -0.7081
vn 0.2479 -0.0657 -0.9665
vn 0.6916 -0.0587 -0.7199
vn 0.9627 -0.0354 -0.2683
vn 0.9621 -0.0689 -0.2637
vn 0.9633 -0.0016 0.2683
vn 0.9641 0.0320 0.2637
vn 0.6933 0.0321 0.7199
vn 0.6955 0.1222 0.7081
vn 0.2503 0.0562 0.9665
vn 0.2529 0.1772 0.9511
vn -0.2479 0.0657 0.9665
vn -0.2459 0.1868 0.9511
vn -0.6916 0.0587 0.7199
vn -0.6903 0.1488 0.7081
vn -0.9627 0.0354 0.2683
vn -0.9621 0.0689 0.2637
vn -0.9633 0.0016 -0.2683
vn -0.9641 -0.0320 -0.2637
vn -0.6933 -0.0321 -0.7199
vn -0.6955 -0.1222 -0.7081
vn -0.2503 -0.0562 -0.9665
vn -0.6916 0.0587 -0.7199
vn -0.2479 0.0657 -0.9665
vn 0.2503 0.0562 -0.9665
vn -0.2459 0.1868 -0.9511
vn 0.2529 0.1772 -0.9511
vn 0.6955 0.1222 -0.7081
vn 0.6933 0.0321 -0.7199
vn 0.9641 0.0320 -0.2637
vn 0.9633 -0.0016 -0.2683
vn 0.9621 -0.0689 0.2637
vn 0.9627 -0.0354 0.2683
vn 0.6903 -0.1488 0.7081
vn 0.6916 -0.0587 0.7199
vn 0.2459 -0.1868 0.9511
vn 0.2479 -0.0657 0.9665
vn -0.2529 -0.1772 0.9511
vn -0.2503 -0.0562 0.9665
vn -0.6955 -0.1222 0.7081
vn -0.6933 -0.0321 0.7199
vn -0.9641 -0.0320 0.2637
vn -0.9633 0.0016 0.2683
vn -0.9621 0.0689 -0.2637
vn -0.9627 0.0354 -0.2683
vn -0.6903 0.1488 -0.7081
vn -0.9617 0.1016 -0.2546
vn -0.6895 0.2368 -0.6845
vn -0.2442 0.3053 -0.9204
vn -0.6891 0.3214 -0.6495
vn -0.2428 0.4197 -0.8746
vn 0.2588 0.4100 -0.8746
vn 0.2557 0.2957 -0.9204
vn 0.7009 0.2947 -0.6495
vn 0.6981 0.2102 -0.6845
vn 0.9657 0.0959 -0.2412
vn 0.9649 0.0647 -0.2546
vn 0.9613 -0.1329 0.2412
vn 0.9617 -0.1016 0.2546
vn 0.6891 -0.3214 0.6495
vn 0.6895 -0.2368 0.6845
vn 0.2428 -0.4197 0.8746
vn 0.2442 -0.3053 0.9204
vn -0.2588 -0.4100 0.8746
vn -0.2557 -0.2957 0.9204
vn -0.7009 -0.2947 0.6495
vn -0.6981 -0.2102 0.6845
vn -0.9657 -0.0959 0.2412
vn -0.9649 -0.0647 0.2546
vn -0.9613 0.1329 -0.2412
vn -0.9666 -0.1253 0.2237
vn -0.9610 0.1623 -0.2237
vn -0.6891 0.4012 -0.6034
vn -0.9609 0.1892 -0.2024
vn -0.6894 0.4748 -0.5470
vn -0.2410 0.6286 -0.7395
vn -0.2418 0.5280 -0.8141
vn 0.2649 0.6189 -0.7395
vn 0.2618 0.5184 -0.8141
vn 0.7072 0.4480 -0.5470
vn 0.7040 0.3745 -0.6034
vn 0.9674 0.1522 -0.2024
vn 0.9666 0.1253 -0.2237
vn 0.9609 -0.1892 0.2024
vn 0.9610 -0.1623 0.2237
vn 0.6895 -0.4748 0.5470
vn 0.6891 -0.4012 0.6034
vn 0.2410 -0.6286 0.7395
vn 0.2418 -0.5280 0.8141
vn -0.2649 -0.6189 0.7395
vn -0.2618 -0.5184 0.8141
vn -0.7072 -0.4480 0.5470
vn -0.7040 -0.3745 0.6034
vn -0.9674 -0.1522 0.2024
vn -0.7102 -0.5141 0.4809
vn -0.9682 -0.1762 0.1775
vn -0.9607 0.2132 -0.1775
vn -0.9689 -0.1969 0.1496
vn -0.9607 0.2339 -0.1496
vn -0.6906 0.5983 -0.4063
vn -0.6900 0.5409 -0.4809
vn -0.2401 0.7989 -0.5515
vn -0.2404 0.7195 -0.6516
vn 0.2705 0.7891 -0.5515
vn 0.2679 0.7097 -0.6516
vn 0.7131 0.5714 -0.4063
vn 0.7102 0.5141 -0.4809
vn 0.9689 0.1969 -0.1496
vn 0.9682 0.1762 -0.1775
vn 0.9607 -0.2339 0.1496
vn 0.9607 -0.2132 0.1775
vn 0.6906 -0.5983 0.4063
vn 0.6900 -0.5409 0.4809
vn 0.2401 -0.7989 0.5515
vn 0.2404 -0.7195 0.6516
vn -0.2705 -0.7891 0.5515
vn -0.2678 -0.7097 0.6516
vn -0.7131 -0.5714 0.4063
vn -0.2729 -0.8551 0.4409
vn -0.7156 -0.6188 0.3242
vn -0.9696 -0.2139 0.1192
vn -0.7176 -0.6553 0.2360
vn -0.9700 -0.2269 0.0866
vn -0.9606 0.2640 -0.0866
vn -0.9606 0.2509 -0.1192
vn -0.6919 0.6823 -0.2360
vn -0.6913 0.6458 -0.3242
vn -0.2398 0.9160 -0.3215
vn -0.2399 0.8649 -0.4409
vn 0.2747 0.9062 -0.3215
vn 0.2729 0.8551 -0.4409
vn 0.7176 0.6553 -0.2360
vn 0.7156 0.6188 -0.3242
vn 0.9700 0.2269 -0.0866
vn 0.9696 0.2139 -0.1192
vn 0.9606 -0.2640 0.0866
vn 0.9606 -0.2509 0.1192
vn 0.6919 -0.6823 0.2360
vn 0.6913 -0.6458 0.3242
vn 0.2398 -0.9160 0.3215
vn 0.2399 -0.8649 0.4409
vn -0.2747 -0.9062 0.3215
vn 0.2397 -0.9509 0.1956
vn -0.2760 -0.9410 0.1956
vn -0.7190 -0.6801 0.1434
vn -0.9704 -0.2358 0.0526
vn -0.9606 0.2728 -0.0526
vn -0.6924 0.7071 -0.1434
vn -0.2397 0.9509 -0.1956
vn 0.2760 0.9410 -0.1956
vn 0.7197 0.6926 -0.0481
vn 0.7190 0.6801 -0.1434
vn 0.9706 0.2402 -0.0176
vn 0.9704 0.2358 -0.0526
vn 0.9606 -0.2728 0.0526
vn 0.6924 -0.7071 0.1434
vn -0.2678 -0.7097 -0.6516
vn 0.2679 0.7097 0.6516
vn -0.2587 -0.4100 0.8746
vn 0.6894 -0.4748 0.5470
vn -0.6895 0.4748 -0.5470
vn -0.2679 -0.7097 0.6516
vn 0.5255 0.0348 0.8501
vn -0.5842 0.0208 0.8113
vn 0.5309 -0.0755 0.8440
vn -0.5865 -0.0896 0.8050
vn 0.5366 -0.1858 0.8231
vn -0.5878 -0.2000 0.7839
vn 0.5421 -0.2938 0.7873
vn -0.5881 -0.3081 0.7478
vn 0.5473 -0.3972 0.7367
vn -0.5871 -0.4116 0.6970
vn 0.5518 -0.4935 0.6722
vn -0.5848 -0.5079 0.6325
vn 0.5556 -0.5805 0.5952
vn -0.5810 -0.5949 0.5555
vn 0.5586 -0.6562 0.5073
vn -0.5759 -0.6706 0.4677
vn 0.5607 -0.7190 0.4107
vn -0.5696 -0.7333 0.3713
vn 0.5620 -0.7678 0.3077
vn -0.5625 -0.7820 0.2685
vn 0.5626 -0.8020 0.2007
vn -0.5548 -0.8161 0.1616
vn 0.5628 -0.8215 0.0918
vn -0.5469 -0.8355 0.0530
vn 0.5628 -0.8264 -0.0168
vn -0.5392 -0.8404 -0.0553
vn 0.5627 -0.8174 -0.1234
vn -0.5319 -0.8313 -0.1616
vn 0.5628 -0.7951 -0.2262
vn -0.5253 -0.8088 -0.2642
vn -0.9152 -0.3765 -0.1438
vn -0.9908 -0.1177 -0.0668
vn -0.9913 -0.1200 -0.0533
vn -0.9178 -0.3850 -0.0968
vn -0.9919 -0.1205 -0.0394
vn -0.9208 -0.3871 -0.0486
vn -0.9926 -0.1191 -0.0254
vn -0.9238 -0.3828 -0.0000
vn -0.9932 -0.1159 -0.0116
vn -0.9269 -0.3721 0.0482
vn -0.9938 -0.1109 0.0018
vn -0.9299 -0.3552 0.0952
vn -0.9944 -0.1043 0.0146
vn -0.9327 -0.3322 0.1400
vn -0.9950 -0.0960 0.0266
vn -0.9352 -0.3037 0.1820
vn -0.9956 -0.0864 0.0375
vn -0.9373 -0.2700 0.2202
vn -0.9960 -0.0755 0.0472
vn -0.9390 -0.2318 0.2540
vn -0.9964 -0.0635 0.0555
vn -0.9402 -0.1897 0.2829
vn -0.9968 -0.0506 0.0622
vn -0.9409 -0.1446 0.3062
vn -0.9970 -0.0371 0.0673
vn -0.9412 -0.0972 0.3236
vn -0.9972 -0.0231 0.0706
vn -0.9410 -0.0485 0.3348
vn -0.9974 -0.0090 0.0721
vn -0.9406 0.0007 0.3396
vn -0.9898 -0.0161 -0.1415
vn -0.9142 -0.0242 -0.4044
vn -0.9163 0.0250 -0.3997
vn -0.9901 -0.0020 -0.1400
vn -0.9185 0.0737 -0.3886
vn -0.9905 0.0119 -0.1367
vn -0.9206 0.1210 -0.3712
vn -0.9910 0.0254 -0.1316
vn -0.9227 0.1661 -0.3480
vn -0.9914 0.0383 -0.1249
vn -0.9246 0.2082 -0.3191
vn -0.9919 0.0503 -0.1166
vn -0.9262 0.2464 -0.2853
vn -0.9924 0.0612 -0.1070
vn -0.9276 0.2801 -0.2470
vn -0.9928 0.0709 -0.0961
vn -0.9288 0.3087 -0.2051
vn -0.9933 0.0791 -0.0841
vn -0.9297 0.3316 -0.1602
vn -0.9938 0.0858 -0.0713
vn -0.9304 0.3486 -0.1131
vn -0.9942 0.0907 -0.0578
vn -0.9310 0.3593 -0.0648
vn -0.9946 0.0939 -0.0440
vn -0.9314 0.3636 -0.0161
vn -0.9950 0.0953 -0.0300
vn -0.9318 0.3616 0.0322
vn -0.9954 0.0949 -0.0161
vn -0.9322 0.3531 0.0793
vn -0.9957 0.0926 -0.0026
vn -0.5628 0.7951 0.2262
vn 0.5253 0.8088 0.2642
vn 0.5319 0.8313 0.1616
vn -0.5627 0.8174 0.1234
vn 0.5392 0.8404 0.0553
vn -0.5628 0.8264 0.0168
vn 0.5469 0.8355 -0.0530
vn -0.5628 0.8215 -0.0918
vn 0.5548 0.8161 -0.1616
vn -0.5626 0.8020 -0.2007
vn 0.5625 0.7820 -0.2685
vn -0.5619 0.7678 -0.3077
vn 0.5696 0.7333 -0.3713
vn -0.5607 0.7190 -0.4107
vn 0.5758 0.6706 -0.4677
vn -0.5586 0.6562 -0.5073
vn 0.5810 0.5949 -0.5555
vn -0.5556 0.5805 -0.5952
vn 0.5848 0.5079 -0.6325
vn -0.5519 0.4935 -0.6722
vn 0.5871 0.4116 -0.6971
vn -0.5473 0.3972 -0.7367
vn 0.5881 0.3081 -0.7478
vn -0.5421 0.2938 -0.7873
vn 0.5878 0.2000 -0.7839
vn -0.5366 0.1858 -0.8231
vn 0.5865 0.0896 -0.8050
vn -0.5309 0.0755 -0.8440
vn 0.5842 -0.0208 -0.8113
vn -0.5255 -0.0348 -0.8501
vn 0.9406 -0.0007 -0.3396
vn 0.9974 0.0090 -0.0721
vn 0.9972 0.0231 -0.0706
vn 0.9410 0.0485 -0.3348
vn 0.9970 0.0371 -0.0673
vn 0.9412 0.0972 -0.3236
vn 0.9968 0.0506 -0.0622
vn 0.9409 0.1446 -0.3062
vn 0.9964 0.0635 -0.0555
vn 0.9402 0.1897 -0.2829
vn 0.9960 0.0755 -0.0472
vn 0.9390 0.2318 -0.2540
vn 0.9956 0.0864 -0.0375
vn 0.9373 0.2700 -0.2202
vn 0.9950 0.0960 -0.0266
vn 0.9352 0.3037 -0.1820
vn 0.9944 0.1043 -0.0146
vn 0.9327 0.3322 -0.1400
vn 0.9938 0.1109 -0.0018
vn 0.9299 0.3552 -0.0952
vn 0.9932 0.1159 0.0116
vn 0.9269 0.3721 -0.0482
vn 0.9926 0.1191 0.0254
vn 0.9238 0.3828 -0.0000
vn 0.9919 0.1205 0.0394
vn 0.9208 0.3871 0.0486
vn 0.9913 0.1200 0.0533
vn 0.9178 0.3850 0.0968
vn 0.9908 0.1177 0.0668
vn 0.9152 0.3765 0.1438
vn 0.9957 -0.0926 0.0026
vn 0.9322 -0.3531 -0.0793
vn 0.9318 -0.3616 -0.0322
vn 0.9954 -0.0949 0.0161
vn 0.9314 -0.3636 0.0161
vn 0.9950 -0.0953 0.0300
vn 0.9310 -0.3593 0.0648
vn 0.9946 -0.0939 0.0440
vn 0.9304 -0.3486 0.1131
vn 0.9942 -0.0907 0.0578
vn 0.9297 -0.3316 0.1602
vn 0.9938 -0.0858 0.0713
vn 0.9288 -0.3087 0.2051
vn 0.9933 -0.0791 0.0841
vn 0.9276 -0.2801 0.2470
vn 0.9928 -0.0709 0.0961
vn 0.9262 -0.2464 0.2853
vn 0.9924 -0.0612 0.1070
vn 0.9246 -0.2082 0.3192
vn 0.9919 -0.0503 0.1166
vn 0.9227 -0.1661 0.3480
vn 0.9914 -0.0383 0.1249
vn 0.9206 -0.1210 0.3712
vn 0.9910 -0.0254 0.1316
vn 0.9185 -0.0737 0.3886
vn 0.9905 -0.0119 0.1367
vn 0.9163 -0.0250 0.3997
vn 0.9901 0.0020 0.1400
vn 0.9142 0.0242 0.4044
vn 0.9898 0.0161 0.1415
vn 0.9999 -0.0000 -0.0151
vn -0.0151 -0.0000 -0.9999
vn -0.9999 -0.0000 0.0151
vn -0.0088 0.8146 -0.5800
vn 0.0151 -0.0000 0.9999
vn 0.0007 0.0056 1.0000
vn -0.0007 -0.0056 -1.0000
vn -0.0007 -0.0058 -1.0000
vn 0.2859 -0.9583 0.0052
vn 0.9837 0.1763 -0.0356
vn 0.8737 -0.4857 -0.0276
vn 0.7320 0.6795 -0.0498
vn 0.8711 -0.4884 -0.0521
vn -0.9076 -0.4199 0.0023
vn -0.7669 0.6401 -0.0463
vn -0.6176 -0.7855 -0.0393
vn -0.9851 0.1654 -0.0474
vn 0.0167 -0.0642 -0.9978
vn 0.0008 -0.0176 -0.9998
vn -0.0011 -0.0199 -0.9998
vn -0.0042 -0.0228 -0.9997
vn -0.0092 -0.0264 -0.9996
vn -0.0175 -0.0304 -0.9994
vn -0.0295 -0.0333 -0.9990
vn -0.0366 -0.0127 -0.9993
vn -0.0128 0.0016 -0.9999
vn 0.0047 -0.0116 -0.9999
vn 0.0717 -0.0963 -0.9928
vn 0.0370 -0.0783 -0.9962
vn 0.2288 -0.1311 -0.9646
vn 0.1321 -0.1173 -0.9843
vn 0.1068 0.0903 -0.9902
vn -0.1128 0.0509 -0.9923
vn -0.0000 0.0026 -1.0000
vn -0.0000 0.0090 1.0000
vn 0.9998 -0.0162 -0.0087
vn 0.9998 0.0090 0.0181
vn 0.9984 -0.0541 0.0178
vn 0.9991 0.0406 0.0092
vn 0.9988 -0.0094 -0.0474
vn -0.0000 -0.9829 -0.1844
vn -0.9993 0.0356 0.0066
vn -0.9998 0.0220 -0.0010
vn -0.9996 -0.0185 -0.0234
vn -0.9943 -0.0958 -0.0472
vn 0.0003 -0.6262 -0.7797
vn 0.9996 0.0229 0.0180
vn 1.0000 0.0012 0.0024
vn 0.9999 0.0085 -0.0070
vn 0.0003 1.0000 -0.0001
vn -0.0000 1.0000 -0.0000
vn 0.0164 0.0112 0.9998
vn -1.0000 0.0027 -0.0009
vn -1.0000 0.0041 -0.0000
vn -0.9997 -0.0000 -0.0260
vn 0.5054 0.1575 0.8484
vn 0.0460 -0.3161 0.9476
vn -0.2305 -0.4514 0.8620
vn -0.1919 -0.2451 0.9503
vn -0.2296 0.7771 0.5859
vn 0.3329 -0.5933 0.7329
vn -0.5175 0.4346 0.7370
vn -0.0946 0.9623 0.2551
vn 0.7475 0.6165 0.2476
vn -0.0000 0.0016 -1.0000
vn -0.0001 0.0015 -1.0000
vn -0.0001 0.0014 -1.0000
vn -0.0000 0.0014 -1.0000
vn 0.0001 0.0015 -1.0000
vn 0.0001 0.0013 -1.0000
vn 0.0001 0.0014 -1.0000
vn 0.2706 0.7891 0.5515
vn -0.6894 0.4748 0.5470
vn 0.2588 0.4100 0.8746
vn -0.2588 -0.4100 -0.8746
vn 0.6894 -0.4748 -0.5470
vn 0.2587 0.4100 -0.8746
vn -0.5871 -0.4116 0.6971
vn -0.5696 -0.7333 0.3712
vn -0.9412 -0.0973 0.3236
vn -0.9246 0.2082 -0.3192
vn -0.5627 0.7951 0.2262
vn 0.5696 0.7333 -0.3712
vn 0.5759 0.6706 -0.4677
vn -0.5518 0.4935 -0.6722
vt 0.894297 0.241664
vt 0.887449 0.244545
vt 0.852485 0.237579
vt 0.730511 0.299300
vt 0.723145 0.838520
vt 0.723145 0.299264
vt 0.737896 0.838532
vt 0.737896 0.299276
vt 0.745019 0.838449
vt 0.745019 0.299193
vt 0.615342 0.909629
vt 0.609200 0.905508
vt 0.599873 0.858447
vt 0.751605 0.299054
vt 0.757400 0.298864
vt 0.751605 0.838310
vt 0.601458 0.838561
vt 0.595605 0.299079
vt 0.601458 0.298988
vt 0.608116 0.298914
vt 0.615323 0.838433
vt 0.615323 0.298860
vt 0.622803 0.838401
vt 0.622803 0.298828
vt 0.630267 0.838392
vt 0.630267 0.298819
vt 0.637430 0.298834
vt 0.644015 0.838445
vt 0.644015 0.298872
vt 0.649770 0.838504
vt 0.649770 0.298931
vt 0.181331 0.440993
vt 0.175552 0.965854
vt 0.175552 0.442143
vt 0.187904 0.963855
vt 0.187904 0.440144
vt 0.195019 0.439628
vt 0.202403 0.963175
vt 0.202403 0.439465
vt 0.209771 0.963371
vt 0.209771 0.439660
vt 0.216841 0.440208
vt 0.223341 0.964797
vt 0.223341 0.441086
vt 0.229020 0.965972
vt 0.229020 0.442261
vt 0.655629 0.298933
vt 0.649770 0.838341
vt 0.649770 0.298819
vt 0.662291 0.838546
vt 0.662291 0.299024
vt 0.669500 0.299089
vt 0.676981 0.838646
vt 0.676981 0.299124
vt 0.684444 0.299128
vt 0.691604 0.838624
vt 0.691604 0.299102
vt 0.698185 0.299046
vt 0.703934 0.838484
vt 0.703934 0.298962
vt 0.709597 0.838274
vt 0.703934 0.298819
vt 0.709597 0.299019
vt 0.716084 0.838424
vt 0.716083 0.299169
vt 0.528289 0.956596
vt 0.511981 0.789053
vt 0.528289 0.789128
vt 0.511981 0.956520
vt 0.496371 0.788857
vt 0.496371 0.956324
vt 0.482059 0.788548
vt 0.482059 0.956016
vt 0.469596 0.788139
vt 0.957346 0.167555
vt 0.944683 0.000215
vt 0.957346 -0.000000
vt 0.944683 0.167770
vt 0.930222 0.000375
vt 0.930222 0.167930
vt 0.914519 0.000473
vt 0.898177 0.168063
vt 0.898177 0.000508
vt 0.881824 0.000476
vt 0.866089 0.167934
vt 0.866089 0.000379
vt 0.851575 0.000221
vt 0.851575 0.167776
vt 0.838842 0.000008
vt 0.469596 0.956731
vt 0.456923 0.791576
vt 0.469596 0.794099
vt 0.456923 0.954207
vt 0.442454 0.789698
vt 0.442454 0.952329
vt 0.426746 0.788537
vt 0.426746 0.951168
vt 0.410403 0.788139
vt 0.394051 0.951150
vt 0.394051 0.788518
vt 0.378320 0.952292
vt 0.378320 0.789660
vt 0.363815 0.954153
vt 0.363815 0.791522
vt 0.351092 0.956662
vt 0.351092 0.794031
vt 0.118504 0.798013
vt 0.105828 0.965421
vt 0.105828 0.797851
vt 0.091358 0.965301
vt 0.091358 0.797731
vt 0.075623 0.965413
vt 0.075649 0.797657
vt 0.059304 0.965202
vt 0.059304 0.797631
vt 0.042953 0.965226
vt 0.042953 0.797656
vt 0.027224 0.797729
vt 0.012720 0.965418
vt 0.012720 0.797848
vt 0.000000 0.965579
vt 0.000000 0.798009
vt 0.588071 0.788239
vt 0.575145 0.956095
vt 0.575145 0.788627
vt 0.560489 0.956379
vt 0.560489 0.788911
vt 0.605426 0.080498
vt 0.661048 0.001654
vt 0.741476 0.053275
vt 0.544668 0.956548
vt 0.544668 0.789080
vt 0.043823 0.596801
vt 0.003203 0.547224
vt 0.058956 0.442713
vt 0.540463 0.536470
vt 0.493151 0.543569
vt 0.518847 0.427507
vt 0.476418 0.594642
vt 0.468420 0.543847
vt 0.996147 0.523187
vt 0.922570 0.301534
vt 0.996147 0.298819
vt 0.991684 0.556012
vt 0.922587 0.522720
vt 0.435292 0.131581
vt 0.428850 0.240540
vt 0.405211 0.240546
vt 0.446491 0.298819
vt 0.452489 0.240533
vt 0.405211 0.273494
vt 0.484856 0.738554
vt 0.554330 0.783925
vt 0.487030 0.783764
vt 0.557411 0.738654
vt 0.484856 0.594642
vt 0.557411 0.594742
vt 0.351918 0.419876
vt 0.398390 0.316743
vt 0.398597 0.543115
vt 0.518393 0.318156
vt 0.518600 0.544528
vt 0.763601 0.099754
vt 0.838842 0.000295
vt 0.836748 0.100026
vt 0.703934 0.838556
vt 0.783214 0.999495
vt 0.703934 1.000000
vt 0.547044 0.240509
vt 0.547951 0.021717
vt 0.594287 0.123876
vt 0.434522 0.239169
vt 0.435429 0.020378
vt 0.871209 0.882947
vt 0.888060 0.887196
vt 0.870706 0.886303
vt 0.870867 0.889692
vt 0.871685 0.892983
vt 0.873128 0.896051
vt 0.875143 0.898778
vt 0.877650 0.901058
vt 0.880554 0.902805
vt 0.883744 0.903950
vt 0.887095 0.904450
vt 0.890481 0.904286
vt 0.893770 0.903464
vt 0.896837 0.902016
vt 0.899562 0.899997
vt 0.901843 0.897485
vt 0.903590 0.894576
vt 0.904738 0.891383
vt 0.905241 0.888027
vt 0.905080 0.884638
vt 0.904262 0.881346
vt 0.902818 0.878278
vt 0.900804 0.875552
vt 0.898297 0.873271
vt 0.895392 0.871525
vt 0.892203 0.870380
vt 0.888851 0.869879
vt 0.885466 0.870043
vt 0.882177 0.870865
vt 0.879110 0.872313
vt 0.876384 0.874332
vt 0.874104 0.876845
vt 0.872357 0.879753
vt 0.854833 0.878800
vt 0.853846 0.885382
vt 0.857083 0.872536
vt 0.839560 0.874914
vt 0.838127 0.884470
vt 0.842827 0.865819
vt 0.854161 0.892030
vt 0.838584 0.894120
vt 0.855765 0.898487
vt 0.840913 0.903494
vt 0.858597 0.904505
vt 0.845025 0.912232
vt 0.862549 0.909853
vt 0.850761 0.919996
vt 0.867467 0.914326
vt 0.857902 0.926490
vt 0.873164 0.917752
vt 0.866172 0.931463
vt 0.879420 0.919999
vt 0.875254 0.934725
vt 0.885994 0.920980
vt 0.884800 0.936150
vt 0.892635 0.920659
vt 0.894441 0.935683
vt 0.899087 0.919046
vt 0.903808 0.933342
vt 0.905102 0.916205
vt 0.912540 0.929218
vt 0.910449 0.912245
vt 0.920302 0.923468
vt 0.914923 0.907317
vt 0.926797 0.916314
vt 0.918350 0.901611
vt 0.931773 0.908031
vt 0.920601 0.895347
vt 0.935040 0.898936
vt 0.921588 0.888764
vt 0.936473 0.889380
vt 0.921273 0.882117
vt 0.936016 0.879729
vt 0.919668 0.875660
vt 0.933687 0.870355
vt 0.916836 0.869642
vt 0.929575 0.861618
vt 0.912885 0.864293
vt 0.923838 0.853853
vt 0.907966 0.859820
vt 0.916698 0.847360
vt 0.902270 0.856395
vt 0.908428 0.842386
vt 0.896014 0.854148
vt 0.899345 0.839125
vt 0.889439 0.853167
vt 0.889800 0.837700
vt 0.882798 0.853488
vt 0.880159 0.838167
vt 0.876346 0.855100
vt 0.870792 0.840507
vt 0.870331 0.857941
vt 0.862060 0.844632
vt 0.864984 0.861902
vt 0.854297 0.850382
vt 0.860511 0.866830
vt 0.847803 0.857536
vt 0.836469 0.849320
vt 0.830135 0.859863
vt 0.844735 0.840214
vt 0.825977 0.871438
vt 0.819497 0.854895
vt 0.814607 0.868506
vt 0.826944 0.842498
vt 0.824154 0.883601
vt 0.812463 0.882807
vt 0.824735 0.895883
vt 0.813147 0.897251
vt 0.827700 0.907814
vt 0.816633 0.911280
vt 0.832933 0.918934
vt 0.822786 0.924356
vt 0.840234 0.928817
vt 0.831372 0.935977
vt 0.849322 0.937082
vt 0.842058 0.945695
vt 0.859848 0.943412
vt 0.854436 0.953138
vt 0.871408 0.947563
vt 0.174958 0.816633
vt 0.162734 0.826234
vt 0.162908 0.812388
vt 0.883557 0.949377
vt 0.174811 0.828409
vt 0.162646 0.840635
vt 0.895828 0.948782
vt 0.174735 0.840656
vt 0.162646 0.855038
vt 0.907749 0.945803
vt 0.174735 0.852904
vt 0.162734 0.868887
vt 0.918863 0.940554
vt 0.174811 0.864682
vt 0.162908 0.881652
vt 0.928743 0.933236
vt 0.935447 0.941173
vt 0.923830 0.949778
vt 0.937009 0.924130
vt 0.945166 0.930466
vt 0.943342 0.913588
vt 0.914103 0.266216
vt 0.926482 0.259964
vt 0.926211 0.272534
vt 0.947501 0.902012
vt 0.914333 0.255525
vt 0.926649 0.246239
vt 0.949324 0.889850
vt 0.914476 0.243854
vt 0.926706 0.231889
vt 0.948743 0.877567
vt 0.914523 0.231650
vt 0.926649 0.217464
vt 0.945778 0.865636
vt 0.914475 0.219383
vt 0.926482 0.203520
vt 0.940545 0.854516
vt 0.914333 0.207524
vt 0.926211 0.190590
vt 0.933244 0.844633
vt 0.940739 0.836987
vt 0.949324 0.848607
vt 0.924155 0.836368
vt 0.930052 0.827268
vt 0.913629 0.830038
vt 0.917675 0.819825
vt 0.902070 0.825887
vt 0.904083 0.814943
vt 0.889921 0.824073
vt 0.934065 0.631956
vt 0.922570 0.617520
vt 0.934028 0.617556
vt 0.877650 0.824668
vt 0.922602 0.605270
vt 0.934065 0.603152
vt 0.865729 0.827647
vt 0.875368 0.813510
vt 0.861350 0.817013
vt 0.854614 0.832896
vt 0.848281 0.823186
vt 0.836664 0.831791
vt 0.830394 0.825435
vt 0.819595 0.837331
vt 0.947577 0.572000
vt 0.934594 0.565325
vt 0.947844 0.559554
vt 0.333826 0.664684
vt 0.346837 0.682051
vt 0.335669 0.678828
vt 0.320730 0.661801
vt 0.322687 0.676816
vt 0.318097 0.648655
vt 0.347858 0.695874
vt 0.336804 0.694187
vt 0.323891 0.693122
vt 0.348203 0.710261
vt 0.337187 0.710173
vt 0.324298 0.710093
vt 0.347858 0.724659
vt 0.336804 0.726171
vt 0.323891 0.727076
vt 0.346837 0.738514
vt 0.335669 0.741566
vt 0.322687 0.743419
vt 0.345178 0.751293
vt 0.333826 0.755766
vt 0.320730 0.758494
vt 0.150338 0.772425
vt 0.163481 0.788444
vt 0.149918 0.782622
vt 0.331346 0.768226
vt 0.318097 0.771721
vt 0.163160 0.799627
vt 0.149562 0.795048
vt 0.135278 0.779027
vt 0.134900 0.792219
vt 0.149281 0.809226
vt 0.134602 0.807270
vt 0.149088 0.824612
vt 0.134397 0.823604
vt 0.148990 0.840613
vt 0.134293 0.840591
vt 0.148990 0.856616
vt 0.134293 0.857579
vt 0.149088 0.872005
vt 0.134397 0.873916
vt 0.149281 0.886189
vt 0.134602 0.888974
vt 0.149562 0.898622
vt 0.134900 0.902173
vt 0.925846 0.283469
vt 0.939880 0.277209
vt 0.939475 0.289359
vt 0.954585 0.280061
vt 0.954154 0.292959
vt 0.940181 0.263241
vt 0.954905 0.265232
vt 0.940367 0.247992
vt 0.955102 0.249044
vt 0.940430 0.232047
vt 0.955168 0.232116
vt 0.940367 0.216019
vt 0.955102 0.215101
vt 0.940181 0.200524
vt 0.954905 0.198652
vt 0.939880 0.186158
vt 0.954585 0.183401
vt 0.939475 0.173473
vt 0.954154 0.169935
vt 0.934594 0.669723
vt 0.947577 0.663141
vt 0.947844 0.675555
vt 0.962009 0.665979
vt 0.962292 0.679158
vt 0.934354 0.658550
vt 0.947379 0.648971
vt 0.961798 0.650936
vt 0.947257 0.633591
vt 0.961669 0.634609
vt 0.947215 0.617591
vt 0.961625 0.617623
vt 0.947257 0.601586
vt 0.961669 0.600633
vt 0.934175 0.589298
vt 0.947379 0.586192
vt 0.961798 0.584290
vt 0.934354 0.576525
vt 0.962009 0.569224
vt 0.962292 0.556012
vt 0.652201 0.169434
vt 0.671063 0.192470
vt 0.668149 0.222124
vt 0.894795 0.299377
vt 0.887218 0.813315
vt 0.887218 0.299335
vt 0.902405 0.813331
vt 0.902405 0.299351
vt 0.909755 0.813236
vt 0.909755 0.299255
vt 0.686357 0.233831
vt 0.676884 0.222077
vt 0.692595 0.169411
vt 0.916564 0.813075
vt 0.916564 0.299095
vt 0.922570 0.298877
vt 0.861614 0.298933
vt 0.867526 0.813356
vt 0.861614 0.813426
vt 0.854875 0.813476
vt 0.847566 0.299011
vt 0.847566 0.813505
vt 0.839968 0.299017
vt 0.839968 0.813510
vt 0.832374 0.298999
vt 0.832374 0.813492
vt 0.825075 0.298959
vt 0.825075 0.813452
vt 0.818352 0.813391
vt 0.812463 0.298819
vt 0.812463 0.813312
vt 0.234932 0.441088
vt 0.229020 0.940486
vt 0.229020 0.442292
vt 0.241671 0.938389
vt 0.241671 0.440195
vt 0.248980 0.439647
vt 0.256577 0.937659
vt 0.256577 0.439465
vt 0.264170 0.439656
vt 0.271468 0.938407
vt 0.271468 0.440213
vt 0.278190 0.441114
vt 0.284078 0.940519
vt 0.284079 0.442326
vt 0.806546 0.813382
vt 0.812463 0.299029
vt 0.812463 0.813476
vt 0.799801 0.298867
vt 0.799801 0.813314
vt 0.792490 0.813274
vt 0.784891 0.298819
vt 0.784891 0.813265
vt 0.777298 0.298841
vt 0.777298 0.813287
vt 0.770002 0.813339
vt 0.763283 0.298971
vt 0.763283 0.813418
vt 0.757400 0.813522
vt 0.873316 0.813030
vt 0.867525 0.298819
vt 0.873316 0.299050
vt 0.879965 0.299224
vt 0.879965 0.813204
vt 0.957346 0.073864
vt 0.976114 0.000000
vt 0.976114 0.073745
vt 0.134293 0.906371
vt 0.167882 0.978886
vt 0.134293 0.983085
vt 0.696248 0.242593
vt 0.715020 0.276128
vt 0.696248 0.276138
vt 0.956105 0.755864
vt 0.989694 0.683356
vt 0.989694 0.760063
vt 0.785238 0.972786
vt 0.804010 0.896271
vt 0.804010 0.972783
vt 0.677476 0.242586
vt 0.696248 0.276429
vt 0.677476 0.276432
vt 0.151250 0.770995
vt 0.167391 0.740327
vt 0.167901 0.771582
vt 0.134706 0.741171
vt 0.135216 0.772425
vt 0.150726 0.738880
vt 0.167082 0.710234
vt 0.134396 0.711077
vt 0.150408 0.707958
vt 0.166978 0.681816
vt 0.134293 0.682660
vt 0.150302 0.678759
vt 0.167082 0.655562
vt 0.134396 0.656405
vt 0.150408 0.651781
vt 0.167391 0.631918
vt 0.134706 0.632762
vt 0.150726 0.627486
vt 0.167901 0.611291
vt 0.317637 0.467434
vt 0.301604 0.439465
vt 0.318097 0.446953
vt 0.300754 0.486054
vt 0.284927 0.467680
vt 0.301131 0.460509
vt 0.300480 0.515663
vt 0.284561 0.492541
vt 0.317270 0.492295
vt 0.300314 0.548828
vt 0.284294 0.521356
vt 0.317004 0.521110
vt 0.300259 0.584983
vt 0.284133 0.553633
vt 0.316842 0.553387
vt 0.300314 0.623508
vt 0.284079 0.588819
vt 0.316788 0.588573
vt 0.300480 0.663745
vt 0.284133 0.626312
vt 0.316842 0.626066
vt 0.300754 0.705005
vt 0.284294 0.665471
vt 0.317004 0.665225
vt 0.301131 0.746582
vt 0.284561 0.705625
vt 0.317270 0.705379
vt 0.301604 0.787765
vt 0.284927 0.746088
vt 0.317637 0.745842
vt 0.106397 0.399768
vt 0.121312 0.439508
vt 0.092848 0.410323
vt 0.124960 0.384847
vt 0.132720 0.426757
vt 0.104105 0.358789
vt 0.082936 0.370452
vt 0.067479 0.378623
vt 0.086151 0.331109
vt 0.062738 0.339312
vt 0.045638 0.344951
vt 0.071405 0.302281
vt 0.046148 0.306881
vt 0.027699 0.309881
vt 0.060119 0.272798
vt 0.033451 0.273713
vt 0.013969 0.274015
vt 0.052486 0.243165
vt 0.024864 0.240375
vt 0.004683 0.237966
vt 0.048636 0.213888
vt 0.020533 0.207439
vt 0.000000 0.202351
vt 0.048636 0.185470
vt 0.020533 0.175468
vt 0.000000 0.167780
vt 0.052486 0.158395
vt 0.024864 0.145009
vt 0.004683 0.134843
vt 0.033451 0.116583
vt 0.060119 0.133127
vt 0.013969 0.104105
vt 0.046148 0.090676
vt 0.071405 0.110099
vt 0.027699 0.076091
vt 0.062738 0.067732
vt 0.086151 0.089704
vt 0.045638 0.051280
vt 0.082936 0.048143
vt 0.104105 0.072292
vt 0.067479 0.030098
vt 0.106397 0.032245
vt 0.124960 0.058160
vt 0.092848 0.012907
vt 0.132720 0.020309
vt 0.148358 0.047550
vt 0.121312 0.000000
vt 0.143562 0.083708
vt 0.164035 0.074425
vt 0.157220 0.102043
vt 0.175552 0.093731
vt 0.140881 0.113116
vt 0.125315 0.096073
vt 0.126814 0.126758
vt 0.109605 0.111309
vt 0.115260 0.142737
vt 0.096702 0.129155
vt 0.106418 0.160780
vt 0.086826 0.149304
vt 0.100437 0.180577
vt 0.080147 0.171413
vt 0.076779 0.195104
vt 0.097421 0.201790
vt 0.076779 0.219970
vt 0.097421 0.224056
vt 0.080147 0.245587
vt 0.100437 0.246994
vt 0.086826 0.271516
vt 0.106418 0.270211
vt 0.096702 0.297314
vt 0.115260 0.293311
vt 0.109605 0.322538
vt 0.126814 0.315897
vt 0.125315 0.346758
vt 0.140881 0.337584
vt 0.143562 0.369559
vt 0.157220 0.358001
vt 0.164035 0.390551
vt 0.148357 0.408838
vt 0.334477 0.622188
vt 0.318097 0.648584
vt 0.318153 0.623511
vt 0.350811 0.648655
vt 0.350866 0.623582
vt 0.334517 0.597667
vt 0.350909 0.597966
vt 0.318195 0.597894
vt 0.334545 0.573044
vt 0.350937 0.572244
vt 0.318224 0.572172
vt 0.334559 0.548743
vt 0.350952 0.546857
vt 0.318238 0.546785
vt 0.334559 0.525177
vt 0.350952 0.522239
vt 0.318238 0.522167
vt 0.334545 0.502751
vt 0.350937 0.498811
vt 0.318224 0.498739
vt 0.334517 0.481848
vt 0.350909 0.476974
vt 0.318195 0.476903
vt 0.334477 0.462826
vt 0.350866 0.457103
vt 0.318153 0.457031
vt 0.334424 0.446010
vt 0.350811 0.439536
vt 0.318097 0.439465
vt 0.923056 0.695415
vt 0.938441 0.683580
vt 0.938906 0.699142
vt 0.955711 0.696172
vt 0.923351 0.713013
vt 0.939189 0.715988
vt 0.956006 0.713769
vt 0.923450 0.731650
vt 0.939283 0.733828
vt 0.956105 0.732406
vt 0.923351 0.751007
vt 0.939189 0.752358
vt 0.956006 0.751764
vt 0.923056 0.770754
vt 0.938906 0.771260
vt 0.955711 0.771510
vt 0.922570 0.790551
vt 0.938441 0.790211
vt 0.955225 0.791308
vt 0.186902 0.073401
vt 0.193883 0.102043
vt 0.175552 0.093736
vt 0.202517 0.046149
vt 0.207373 0.082678
vt 0.225914 0.056752
vt 0.225620 0.095038
vt 0.210221 0.113109
vt 0.246767 0.070877
vt 0.241328 0.110268
vt 0.224287 0.126747
vt 0.264719 0.088283
vt 0.254230 0.128108
vt 0.235839 0.142721
vt 0.279465 0.108671
vt 0.264105 0.148253
vt 0.244682 0.160760
vt 0.290750 0.131695
vt 0.270784 0.170358
vt 0.250662 0.180553
vt 0.302232 0.184029
vt 0.298383 0.156958
vt 0.274152 0.194046
vt 0.302232 0.212445
vt 0.274152 0.218909
vt 0.253678 0.201763
vt 0.298383 0.241719
vt 0.270784 0.244525
vt 0.253678 0.224027
vt 0.290750 0.271351
vt 0.264105 0.270453
vt 0.250662 0.246963
vt 0.279465 0.300834
vt 0.254230 0.296250
vt 0.244682 0.270180
vt 0.264719 0.329663
vt 0.241328 0.321476
vt 0.235839 0.293280
vt 0.246767 0.357345
vt 0.225620 0.345697
vt 0.224287 0.315867
vt 0.225914 0.383406
vt 0.207374 0.368501
vt 0.210221 0.337555
vt 0.202518 0.407401
vt 0.186902 0.389496
vt 0.193883 0.357974
vt 0.218215 0.425690
vt 0.244536 0.398697
vt 0.229788 0.439465
vt 0.258250 0.410275
vt 0.267996 0.369378
vt 0.283618 0.378572
vt 0.288192 0.338236
vt 0.305457 0.344896
vt 0.304781 0.305803
vt 0.323395 0.309826
vt 0.317477 0.272635
vt 0.337124 0.273960
vt 0.326064 0.239299
vt 0.346409 0.237912
vt 0.330394 0.206365
vt 0.351092 0.202300
vt 0.330394 0.174397
vt 0.351092 0.167732
vt 0.326064 0.143942
vt 0.346409 0.134799
vt 0.337124 0.104066
vt 0.317477 0.115521
vt 0.323395 0.076059
vt 0.304781 0.089620
vt 0.305457 0.051256
vt 0.288192 0.066683
vt 0.283618 0.030081
vt 0.267996 0.047101
vt 0.258250 0.012898
vt 0.244536 0.031210
vt 0.229788 0.000000
vt 0.218215 0.019283
vt 0.338099 0.795251
vt 0.328196 0.805147
vt 0.328097 0.796197
vt 0.338269 0.814067
vt 0.338201 0.804447
vt 0.348102 0.805073
vt 0.348003 0.796123
vt 0.337966 0.786635
vt 0.347874 0.787738
vt 0.327967 0.787811
vt 0.074929 0.613702
vt 0.085068 0.607943
vt 0.083569 0.615229
vt 0.094107 0.611217
vt 0.091928 0.618256
vt 0.102687 0.616057
vt 0.099862 0.622733
vt 0.337804 0.778746
vt 0.347716 0.780061
vt 0.110661 0.622382
vt 0.107237 0.628582
vt 0.337616 0.771721
vt 0.347533 0.773224
vt 0.327810 0.780134
vt 0.327627 0.773297
vt 0.377828 0.609388
vt 0.388329 0.609842
vt 0.380736 0.615405
vt 0.386038 0.603372
vt 0.396429 0.605672
vt 0.394797 0.598862
vt 0.404898 0.602965
vt 0.398779 0.615124
vt 0.391579 0.618831
vt 0.406307 0.612718
vt 0.403954 0.595935
vt 0.413590 0.601769
vt 0.414033 0.611655
vt 0.328263 0.814509
vt 0.320769 0.806984
vt 0.422357 0.602104
vt 0.421826 0.611953
vt 0.414564 0.621651
vt 0.407804 0.622582
vt 0.421383 0.621912
vt 0.415041 0.629079
vt 0.408987 0.629912
vt 0.401217 0.624687
vt 0.403089 0.631797
vt 0.622400 0.253466
vt 0.612443 0.259753
vt 0.612437 0.254100
vt 0.622406 0.259371
vt 0.612446 0.265551
vt 0.602489 0.253469
vt 0.602495 0.259374
vt 0.622409 0.271535
vt 0.622409 0.265429
vt 0.602499 0.271537
vt 0.602499 0.265431
vt 0.595233 0.271921
vt 0.595233 0.265102
vt 0.595229 0.258337
vt 0.073200 0.633532
vt 0.066207 0.623673
vt 0.074005 0.623673
vt 0.081685 0.625030
vt 0.079920 0.634720
vt 0.078747 0.641702
vt 0.086421 0.637075
vt 0.084568 0.643811
vt 0.089115 0.627721
vt 0.096168 0.631700
vt 0.092592 0.640556
vt 0.102723 0.636899
vt 0.098328 0.645105
vt 0.108669 0.643229
vt 0.103531 0.650644
vt 0.113926 0.635703
vt 0.117894 0.630082
vt 0.119815 0.643974
vt 0.113903 0.650582
vt 0.124262 0.639027
vt 0.564798 0.604426
vt 0.574711 0.611445
vt 0.564763 0.613233
vt 0.564838 0.596880
vt 0.574747 0.602395
vt 0.584709 0.604427
vt 0.584674 0.613235
vt 0.584748 0.596882
vt 0.363603 0.625502
vt 0.373781 0.622266
vt 0.367581 0.630307
vt 0.370306 0.616806
vt 0.378647 0.629875
vt 0.373137 0.637022
vt 0.384830 0.623776
vt 0.389011 0.632258
vt 0.383602 0.637594
vt 0.394917 0.627931
vt 0.397448 0.634702
vt 0.392160 0.638576
vt 0.622378 0.242511
vt 0.612428 0.248689
vt 0.612416 0.243613
vt 0.622390 0.247814
vt 0.602467 0.242513
vt 0.602480 0.247816
vt 0.090094 0.646928
vt 0.095230 0.651002
vt 0.972579 0.172026
vt 0.982493 0.175326
vt 0.972549 0.177182
vt 0.099889 0.655961
vt 0.982465 0.181455
vt 0.972522 0.183049
vt 0.989718 0.177095
vt 0.108111 0.657078
vt 0.989693 0.184654
vt 0.982442 0.188224
vt 0.118336 0.658831
vt 0.111990 0.664296
vt 0.124802 0.653255
vt 0.121892 0.667836
vt 0.115101 0.672175
vt 0.128803 0.663386
vt 0.557469 0.627294
vt 0.564708 0.634014
vt 0.557446 0.637339
vt 0.557497 0.618121
vt 0.564733 0.623153
vt 0.574654 0.632798
vt 0.574680 0.621638
vt 0.584644 0.623155
vt 0.584619 0.634016
vt 0.591955 0.627297
vt 0.591932 0.637342
vt 0.591983 0.618124
vt 0.357861 0.649362
vt 0.368392 0.645097
vt 0.364496 0.653960
vt 0.362244 0.639391
vt 0.374629 0.650913
vt 0.371219 0.658668
vt 0.378780 0.643848
vt 0.955207 0.184645
vt 0.962554 0.181450
vt 0.962532 0.188219
vt 0.387316 0.643354
vt 0.382999 0.648955
vt 0.962582 0.175320
vt 0.972500 0.189529
vt 0.962514 0.195511
vt 0.972483 0.196509
vt 0.982424 0.195516
vt 0.989673 0.192798
vt 0.982413 0.203206
vt 0.972472 0.203871
vt 0.989660 0.201386
vt 0.124511 0.677442
vt 0.117393 0.680581
vt 0.989654 0.210273
vt 0.982407 0.211164
vt 0.126147 0.687486
vt 0.118824 0.689369
vt 0.133589 0.685492
vt 0.131749 0.674193
vt 0.557428 0.648083
vt 0.564676 0.657808
vt 0.557417 0.659342
vt 0.564689 0.645632
vt 0.574622 0.657247
vt 0.574635 0.644736
vt 0.584600 0.645634
vt 0.584587 0.657810
vt 0.591915 0.648086
vt 0.591903 0.659346
vt 0.352236 0.671270
vt 0.361513 0.663459
vt 0.359496 0.673434
vt 0.354505 0.660049
vt 0.368609 0.666980
vt 0.366845 0.675708
vt 0.955168 0.210264
vt 0.962502 0.203201
vt 0.962496 0.211158
vt 0.955175 0.201377
vt 0.955188 0.192788
vt 0.972466 0.211488
vt 0.962496 0.219247
vt 0.972466 0.219230
vt 0.982407 0.219252
vt 0.989654 0.219306
vt 0.982413 0.227332
vt 0.972472 0.226965
vt 0.989660 0.228330
vt 0.119371 0.698390
vt 0.126377 0.708193
vt 0.119025 0.707488
vt 0.126772 0.697795
vt 0.133847 0.708788
vt 0.134293 0.697090
vt 0.557411 0.670925
vt 0.564670 0.682992
vt 0.557411 0.682632
vt 0.564670 0.670333
vt 0.574615 0.683125
vt 0.574615 0.670116
vt 0.584581 0.670334
vt 0.584581 0.682994
vt 0.591897 0.670928
vt 0.591897 0.682635
vt 0.351092 0.694539
vt 0.358479 0.683712
vt 0.358479 0.694117
vt 0.351092 0.682832
vt 0.365955 0.684701
vt 0.365955 0.693806
vt 0.955175 0.228321
vt 0.962502 0.227327
vt 0.955168 0.219297
vt 0.962514 0.235262
vt 0.955188 0.237182
vt 0.972483 0.234561
vt 0.982424 0.235267
vt 0.972500 0.241887
vt 0.962532 0.242915
vt 0.982442 0.242920
vt 0.989673 0.237192
vt 0.989693 0.245738
vt 0.115691 0.725297
vt 0.124966 0.718502
vt 0.122566 0.728546
vt 0.117791 0.716508
vt 0.132261 0.720385
vt 0.129560 0.731685
vt 0.557428 0.705621
vt 0.564676 0.695570
vt 0.564689 0.707851
vt 0.557417 0.694264
vt 0.574622 0.696049
vt 0.574635 0.708668
vt 0.584600 0.707853
vt 0.584587 0.695572
vt 0.591915 0.705624
vt 0.591903 0.694267
vt 0.352236 0.706189
vt 0.361513 0.714601
vt 0.354505 0.717583
vt 0.359496 0.704473
vt 0.368609 0.711729
vt 0.366845 0.702867
vt 0.955207 0.245729
vt 0.371219 0.720241
vt 0.364496 0.724329
vt 0.962554 0.250155
vt 0.955233 0.253815
vt 0.972522 0.248817
vt 0.962582 0.256859
vt 0.955264 0.261302
vt 0.972549 0.255235
vt 0.982465 0.250161
vt 0.982493 0.256864
vt 0.989718 0.253824
vt 0.989749 0.261311
vt 0.109048 0.741582
vt 0.119216 0.738153
vt 0.114974 0.747158
vt 0.112759 0.733702
vt 0.125792 0.742492
vt 0.121020 0.752622
vt 0.557469 0.726742
vt 0.564708 0.719625
vt 0.564733 0.730690
vt 0.557446 0.716509
vt 0.574654 0.720766
vt 0.574680 0.732136
vt 0.584644 0.730692
vt 0.584619 0.719627
vt 0.591955 0.726745
vt 0.591932 0.716512
vt 0.357861 0.728527
vt 0.368392 0.733489
vt 0.362244 0.738832
vt 0.374628 0.728256
vt 0.373137 0.741926
vt 0.367581 0.748324
vt 0.378780 0.735638
vt 0.382999 0.731146
vt 0.383601 0.742261
vt 0.378647 0.749494
vt 0.387316 0.737076
vt 0.328521 0.871311
vt 0.338418 0.877627
vt 0.328419 0.876732
vt 0.972579 0.261029
vt 0.962614 0.262912
vt 0.348428 0.871307
vt 0.348325 0.876728
vt 0.982525 0.262917
vt 0.096324 0.749613
vt 0.104619 0.748800
vt 0.099550 0.755233
vt 0.100864 0.743852
vt 0.109913 0.755407
vt 0.104119 0.762759
vt 0.115326 0.761903
vt 0.108808 0.770175
vt 0.119408 0.766547
vt 0.112360 0.775492
vt 0.557497 0.736145
vt 0.564763 0.740858
vt 0.564798 0.749953
vt 0.574711 0.742583
vt 0.574747 0.751929
vt 0.584709 0.749955
vt 0.584674 0.740860
vt 0.363603 0.753117
vt 0.373781 0.756838
vt 0.370306 0.762324
vt 0.591983 0.736148
vt 0.380736 0.764230
vt 0.377828 0.770318
vt 0.384830 0.756065
vt 0.389011 0.748010
vt 0.391579 0.761526
vt 0.388329 0.770374
vt 0.394917 0.752788
vt 0.320914 0.880737
vt 0.328270 0.888552
vt 0.320842 0.887482
vt 0.392160 0.742224
vt 0.328335 0.882512
vt 0.338276 0.888942
vt 0.338337 0.883160
vt 0.348241 0.882508
vt 0.348177 0.888548
vt 0.085842 0.758645
vt 0.093926 0.760772
vt 0.087843 0.765321
vt 0.091288 0.754572
vt 0.097691 0.769089
vt 0.090740 0.774288
vt 0.101577 0.777296
vt 0.093757 0.783145
vt 0.104540 0.783192
vt 0.096084 0.789517
vt 0.792533 0.822827
vt 0.802501 0.813522
vt 0.802481 0.821935
vt 0.564838 0.757822
vt 0.574787 0.760014
vt 0.812444 0.822825
vt 0.584748 0.757823
vt 0.386038 0.776961
vt 0.812429 0.831566
vt 0.802466 0.830916
vt 0.396429 0.775163
vt 0.394797 0.782139
vt 0.398779 0.765783
vt 0.404898 0.778516
vt 0.403954 0.785765
vt 0.406307 0.768764
vt 0.407803 0.759121
vt 0.401217 0.756513
vt 0.320793 0.894403
vt 0.328205 0.900996
vt 0.320769 0.901380
vt 0.328227 0.894749
vt 0.338213 0.900854
vt 0.338234 0.894874
vt 0.348133 0.894745
vt 0.348111 0.900993
vt 0.074097 0.763872
vt 0.081407 0.768803
vt 0.074726 0.771158
vt 0.080079 0.761763
vt 0.083384 0.778268
vt 0.075749 0.780959
vt 0.085481 0.787621
vt 0.076892 0.790649
vt 0.087136 0.794357
vt 0.077848 0.797631
vt 0.792508 0.840714
vt 0.802456 0.840313
vt 0.792518 0.831568
vt 0.812419 0.840711
vt 0.792504 0.850107
vt 0.802451 0.849965
vt 0.812414 0.850104
vt 0.413590 0.780376
vt 0.413353 0.787777
vt 0.812414 0.859585
vt 0.802451 0.859707
vt 0.422357 0.780711
vt 0.422834 0.788139
vt 0.421826 0.770715
vt 0.414033 0.770417
vt 0.421383 0.760828
vt 0.414564 0.760568
vt 0.320769 0.908295
vt 0.328227 0.913218
vt 0.320793 0.915029
vt 0.328205 0.907188
vt 0.338234 0.912554
vt 0.338213 0.906781
vt 0.348111 0.907184
vt 0.348133 0.913214
vt 0.061889 0.764935
vt 0.067916 0.772345
vt 0.061093 0.772345
vt 0.067999 0.764935
vt 0.067966 0.782316
vt 0.060168 0.782316
vt 0.068136 0.792176
vt 0.059363 0.792176
vt 0.785238 0.859258
vt 0.792504 0.859587
vt 0.785238 0.850491
vt 0.792508 0.868992
vt 0.785242 0.867956
vt 0.802456 0.869371
vt 0.812419 0.868990
vt 0.802466 0.878793
vt 0.792518 0.878162
vt 0.812429 0.878159
vt 0.441391 0.783919
vt 0.431050 0.779515
vt 0.439518 0.776808
vt 0.432233 0.786845
vt 0.429553 0.769651
vt 0.437080 0.767246
vt 0.428144 0.759898
vt 0.434731 0.757793
vt 0.427200 0.752868
vt 0.433098 0.750983
vt 0.421147 0.753701
vt 0.328335 0.924383
vt 0.338276 0.918072
vt 0.338337 0.923242
vt 0.328270 0.918983
vt 0.348241 0.924380
vt 0.348177 0.918979
vt 0.055872 0.763872
vt 0.047872 0.768803
vt 0.050051 0.761763
vt 0.054373 0.771158
vt 0.045059 0.778268
vt 0.052489 0.780959
vt 0.042365 0.787621
vt 0.050724 0.790649
vt 0.040512 0.794357
vt 0.034430 0.783145
vt 0.038006 0.774288
vt 0.031932 0.789517
vt 0.802481 0.887811
vt 0.792533 0.886938
vt 0.023958 0.783192
vt 0.027055 0.777296
vt 0.802501 0.896270
vt 0.792552 0.895171
vt 0.812444 0.886935
vt 0.812463 0.895169
vt 0.458360 0.773393
vt 0.447618 0.772638
vt 0.455211 0.767074
vt 0.450150 0.779409
vt 0.444280 0.763538
vt 0.451030 0.758593
vt 0.441031 0.754549
vt 0.446936 0.750222
vt 0.438739 0.748079
vt 0.444027 0.744204
vt 0.328521 0.933732
vt 0.338418 0.927975
vt 0.338516 0.932190
vt 0.328419 0.929328
vt 0.348428 0.933728
vt 0.348325 0.929324
vt 0.044525 0.758645
vt 0.035965 0.760772
vt 0.039389 0.754572
vt 0.041701 0.765321
vt 0.031450 0.769089
vt 0.025505 0.762760
vt 0.030762 0.755233
vt 0.020367 0.770175
vt 0.016725 0.775492
vt 0.014478 0.761903
vt 0.020270 0.755407
vt 0.318521 0.920584
vt 0.311309 0.916141
vt 0.318564 0.911783
vt 0.311262 0.925658
vt 0.301365 0.917731
vt 0.311209 0.934020
vt 0.301317 0.927510
vt 0.291352 0.925645
vt 0.291398 0.916128
vt 0.291299 0.934007
vt 0.472585 0.757279
vt 0.462167 0.760214
vt 0.468366 0.752173
vt 0.465881 0.765974
vt 0.457212 0.752495
vt 0.462723 0.745347
vt 0.452346 0.744886
vt 0.457168 0.738632
vt 0.448871 0.739426
vt 0.453189 0.733826
vt 0.976501 0.906634
vt 0.966516 0.910274
vt 0.966538 0.904844
vt 0.976479 0.912307
vt 0.966492 0.914926
vt 0.956591 0.906632
vt 0.956568 0.912305
vt 0.034730 0.749613
vt 0.026182 0.748800
vt 0.030629 0.743852
vt 0.949346 0.904385
vt 0.956610 0.900244
vt 0.015837 0.747158
vt 0.022303 0.741582
vt 0.009491 0.752623
vt 0.012281 0.738153
vt 0.019191 0.733702
vt 0.005490 0.742492
vt 0.318600 0.902064
vt 0.311379 0.894309
vt 0.318629 0.891594
vt 0.311348 0.905631
vt 0.301438 0.895298
vt 0.301406 0.906932
vt 0.291438 0.905618
vt 0.291469 0.894296
vt 0.284115 0.902042
vt 0.284144 0.891572
vt 0.284079 0.911761
vt 0.478087 0.733118
vt 0.467467 0.737273
vt 0.471364 0.728410
vt 0.473703 0.743089
vt 0.461319 0.731567
vt 0.464728 0.723812
vt 0.983850 0.896576
vt 0.976521 0.900246
vt 0.976537 0.893250
vt 0.983832 0.904388
vt 0.966557 0.898729
vt 0.966572 0.892032
vt 0.956626 0.893248
vt 0.949364 0.896573
vt 0.956638 0.885766
vt 0.966584 0.884869
vt 0.949377 0.888216
vt 0.009662 0.728546
vt 0.016900 0.725297
vt 0.949387 0.879458
vt 0.956646 0.877924
vt 0.008026 0.718502
vt 0.015469 0.716508
vt 0.000704 0.720385
vt 0.002544 0.731685
vt 0.318650 0.880551
vt 0.311416 0.870013
vt 0.318663 0.869125
vt 0.311402 0.882368
vt 0.301476 0.870334
vt 0.301461 0.883029
vt 0.291492 0.882356
vt 0.291506 0.870000
vt 0.284165 0.880529
vt 0.284178 0.869103
vt 0.483711 0.711210
vt 0.474346 0.718910
vt 0.476363 0.708936
vt 0.481442 0.722431
vt 0.467338 0.715500
vt 0.469103 0.706772
vt 0.983873 0.879462
vt 0.976549 0.885767
vt 0.976557 0.877926
vt 0.983863 0.888219
vt 0.966591 0.877363
vt 0.976561 0.869859
vt 0.966595 0.869641
vt 0.956651 0.869857
vt 0.949391 0.870450
vt 0.956651 0.861704
vt 0.966595 0.861836
vt 0.949391 0.861344
vt 0.014921 0.707488
vt 0.007797 0.697795
vt 0.015268 0.698390
vt 0.007401 0.708193
vt 0.000445 0.697090
vt -0.000000 0.708788
vt 0.318668 0.857512
vt 0.311416 0.844909
vt 0.318663 0.845909
vt 0.311421 0.857455
vt 0.301476 0.844538
vt 0.301480 0.857430
vt 0.291510 0.857442
vt 0.291506 0.844896
vt 0.284182 0.857490
vt 0.284178 0.845887
vt 0.484856 0.687941
vt 0.477380 0.698658
vt 0.477380 0.688252
vt 0.484856 0.699647
vt 0.469993 0.697779
vt 0.469993 0.688674
vt 0.983877 0.861347
vt 0.976561 0.861706
vt 0.983877 0.870453
vt 0.976557 0.853605
vt 0.983873 0.852300
vt 0.966591 0.854082
vt 0.956646 0.853603
vt 0.966584 0.846511
vt 0.976549 0.845695
vt 0.956638 0.845694
vt 0.949387 0.852297
vt 0.949377 0.843464
vt 0.018602 0.680581
vt 0.009207 0.687486
vt 0.011608 0.677442
vt 0.016502 0.689369
vt 0.002032 0.685492
vt 0.004732 0.674193
vt 0.318629 0.823527
vt 0.311402 0.832589
vt 0.311379 0.820706
vt 0.318650 0.834516
vt 0.301461 0.831879
vt 0.301438 0.819669
vt 0.291469 0.820693
vt 0.291492 0.832576
vt 0.284144 0.823505
vt 0.284165 0.834494
vt 0.483711 0.676291
vt 0.474346 0.667768
vt 0.481442 0.664896
vt 0.476363 0.677897
vt 0.467338 0.670751
vt 0.469103 0.679613
vt 0.983863 0.843467
vt 0.464728 0.662239
vt 0.471364 0.658041
vt 0.976537 0.838112
vt 0.983850 0.834998
vt 0.966572 0.839252
vt 0.976521 0.830986
vt 0.983832 0.827039
vt 0.966557 0.832430
vt 0.956626 0.838111
vt 0.956610 0.830984
vt 0.949364 0.834995
vt 0.949346 0.827036
vt 0.025245 0.664296
vt 0.014957 0.667836
vt 0.019199 0.658831
vt 0.021533 0.672175
vt 0.008501 0.663386
vt 0.013273 0.653255
vt 0.318564 0.803505
vt 0.311348 0.809464
vt 0.311309 0.799055
vt 0.318600 0.813131
vt 0.301406 0.808117
vt 0.301365 0.797422
vt 0.291398 0.799042
vt 0.291438 0.809451
vt 0.284079 0.803483
vt 0.284115 0.813109
vt 0.478087 0.653953
vt 0.467467 0.648880
vt 0.473703 0.643647
vt 0.461319 0.654224
vt 0.462723 0.640444
vt 0.468366 0.634156
vt 0.457168 0.646841
vt 0.976501 0.824437
vt 0.983810 0.819726
vt 0.452346 0.640219
vt 0.457212 0.632875
vt 0.448871 0.645705
vt 0.966516 0.820554
vt 0.976479 0.818579
vt 0.966538 0.826161
vt 0.956591 0.824436
vt 0.956568 0.818578
vt 0.038295 0.655961
vt 0.029673 0.657078
vt 0.034743 0.650644
vt 0.949324 0.819723
vt 0.024260 0.650582
vt 0.030054 0.643229
vt 0.018967 0.643974
vt 0.025485 0.635703
vt 0.015211 0.639027
vt 0.022260 0.630082
vt 0.009054 0.649062
vt 0.348003 0.861725
vt 0.337966 0.871307
vt 0.338099 0.862659
vt 0.311262 0.789657
vt 0.301317 0.787765
vt 0.328097 0.861798
vt 0.291352 0.789644
vt 0.472585 0.629663
vt 0.462167 0.625642
vt 0.465881 0.620456
vt 0.478356 0.639927
vt 0.455211 0.618250
vt 0.458360 0.612463
vt 0.451030 0.626305
vt 0.446936 0.634470
vt 0.444281 0.620844
vt 0.447618 0.612106
vt 0.441031 0.629692
vt 0.438739 0.636279
vt 0.444027 0.640557
vt 0.622378 0.294377
vt 0.612428 0.288214
vt 0.622390 0.289104
vt 0.966492 0.815703
vt 0.976453 0.813512
vt 0.602467 0.294380
vt 0.602480 0.289107
vt 0.956543 0.813510
vt 0.048777 0.646928
vt 0.040367 0.645106
vt 0.046450 0.640556
vt 0.043331 0.651002
vt 0.036482 0.636899
vt 0.043433 0.631700
vt 0.032716 0.628582
vt 0.040536 0.622733
vt 0.030079 0.622382
vt 0.038535 0.616057
vt 0.348169 0.843372
vt 0.338201 0.853437
vt 0.338269 0.843800
vt 0.348102 0.852750
vt 0.328263 0.843445
vt 0.328196 0.852824
vt 0.320831 0.842402
vt 0.328297 0.833823
vt 0.338304 0.833913
vt 0.320862 0.833504
vt 0.437081 0.616587
vt 0.439518 0.607317
vt 0.320862 0.824533
vt 0.328297 0.824122
vt 0.429553 0.613606
vt 0.431050 0.603964
vt 0.428144 0.623358
vt 0.434731 0.625967
vt 0.427200 0.630608
vt 0.433098 0.632943
vt 0.622400 0.283475
vt 0.612443 0.277187
vt 0.622406 0.277585
vt 0.612437 0.282825
vt 0.602489 0.283477
vt 0.602495 0.277587
vt 0.060522 0.641702
vt 0.052886 0.637075
vt 0.059566 0.634720
vt 0.054541 0.643811
vt 0.050789 0.627721
vt 0.058424 0.625030
vt 0.048812 0.618256
vt 0.057401 0.615229
vt 0.047483 0.611217
vt 0.056771 0.607943
vt 0.348203 0.824049
vt 0.338304 0.823945
vt 0.348203 0.833750
vt 0.348169 0.814435
vt 0.320831 0.815642
vt 0.066157 0.613702
vt 0.066239 0.606292
vt 0.075726 0.606292
vt 0.066377 0.633532
vt 0.595229 0.278677
vt 0.612446 0.271396
vt 0.421147 0.629313
vt 0.168687 0.439582
vt 0.166589 0.446343
vt 0.166494 0.439571
vt 0.170883 0.446280
vt 0.170787 0.439508
vt 0.168786 0.446540
vt 0.166654 0.452972
vt 0.170947 0.452910
vt 0.168852 0.453352
vt 0.166686 0.459347
vt 0.170980 0.459284
vt 0.168885 0.459902
vt 0.166686 0.465356
vt 0.170980 0.465294
vt 0.168885 0.466077
vt 0.166654 0.470899
vt 0.170947 0.470836
vt 0.168852 0.471772
vt 0.166589 0.475879
vt 0.170883 0.475816
vt 0.168687 0.481342
vt 0.168786 0.476889
vt 0.173213 0.443915
vt 0.171211 0.440270
vt 0.173315 0.439508
vt 0.175502 0.440173
vt 0.173138 0.448702
vt 0.171111 0.444559
vt 0.175403 0.444461
vt 0.173093 0.453786
vt 0.171038 0.449217
vt 0.175330 0.449120
vt 0.173078 0.459082
vt 0.170994 0.454166
vt 0.175286 0.454068
vt 0.173093 0.464498
vt 0.170980 0.459320
vt 0.175271 0.459222
vt 0.173138 0.469942
vt 0.170994 0.464591
vt 0.175286 0.464493
vt 0.173213 0.475321
vt 0.171038 0.469889
vt 0.175330 0.469791
vt 0.173315 0.480542
vt 0.171111 0.475123
vt 0.175403 0.475026
vt 0.691690 0.977184
vt 0.694323 0.982483
vt 0.689279 0.980123
vt 0.694983 0.973145
vt 0.696354 0.979366
vt 0.691288 0.970651
vt 0.687533 0.974378
vt 0.684784 0.977089
vt 0.688107 0.967645
vt 0.683954 0.970997
vt 0.680914 0.973432
vt 0.685494 0.964180
vt 0.681015 0.967098
vt 0.677735 0.969217
vt 0.683494 0.960313
vt 0.678765 0.962749
vt 0.675302 0.964513
vt 0.682141 0.956113
vt 0.677243 0.958023
vt 0.673657 0.959403
vt 0.681459 0.951649
vt 0.676476 0.953001
vt 0.672827 0.953973
vt 0.681459 0.946999
vt 0.676476 0.947770
vt 0.672827 0.948317
vt 0.682141 0.942243
vt 0.677243 0.942419
vt 0.673657 0.942530
vt 0.678765 0.937039
vt 0.683494 0.937461
vt 0.675302 0.936713
vt 0.681015 0.931723
vt 0.685494 0.932735
vt 0.677735 0.930964
vt 0.683954 0.926561
vt 0.688107 0.928147
vt 0.680914 0.925382
vt 0.687533 0.921642
vt 0.691288 0.923774
vt 0.684784 0.920063
vt 0.691690 0.917050
vt 0.694983 0.919692
vt 0.689279 0.915098
vt 0.696354 0.912864
vt 0.699129 0.915971
vt 0.694323 0.910571
vt 0.698276 0.922317
vt 0.701903 0.919061
vt 0.700685 0.924220
vt 0.703933 0.921304
vt 0.697790 0.927418
vt 0.695042 0.925888
vt 0.695298 0.930844
vt 0.692259 0.929714
vt 0.693250 0.934439
vt 0.689972 0.933729
vt 0.691683 0.938141
vt 0.688223 0.937864
vt 0.690624 0.941888
vt 0.687039 0.942048
vt 0.686442 0.946210
vt 0.690089 0.945615
vt 0.686442 0.950279
vt 0.690089 0.949258
vt 0.687039 0.954184
vt 0.690624 0.952755
vt 0.688223 0.957860
vt 0.691683 0.956046
vt 0.689972 0.961243
vt 0.693250 0.959075
vt 0.692259 0.964275
vt 0.695298 0.961791
vt 0.695042 0.966905
vt 0.697790 0.964145
vt 0.698276 0.969087
vt 0.700685 0.966099
vt 0.701903 0.970785
vt 0.699129 0.975084
vt 0.173133 0.506123
vt 0.170987 0.509513
vt 0.170984 0.506606
vt 0.175281 0.509587
vt 0.175278 0.506680
vt 0.173131 0.503141
vt 0.175276 0.503565
vt 0.170982 0.503491
vt 0.173129 0.500011
vt 0.175275 0.500295
vt 0.170980 0.500221
vt 0.173129 0.496785
vt 0.175274 0.496926
vt 0.170980 0.496852
vt 0.173129 0.493521
vt 0.175274 0.493515
vt 0.170980 0.493441
vt 0.173129 0.490272
vt 0.175275 0.490122
vt 0.170980 0.490048
vt 0.173131 0.487095
vt 0.175276 0.486803
vt 0.170982 0.486729
vt 0.173133 0.484045
vt 0.175278 0.483616
vt 0.170984 0.483542
vt 0.173135 0.481173
vt 0.175281 0.480616
vt 0.170987 0.480542
vt 0.170843 0.500997
vt 0.168837 0.502749
vt 0.168768 0.499946
vt 0.166552 0.500900
vt 0.170799 0.497668
vt 0.168726 0.496760
vt 0.166508 0.497571
vt 0.170784 0.493995
vt 0.168712 0.493244
vt 0.166494 0.493898
vt 0.170799 0.490040
vt 0.168726 0.489458
vt 0.166508 0.489944
vt 0.170843 0.485872
vt 0.168768 0.485468
vt 0.166552 0.485775
vt 0.170915 0.481561
vt 0.168837 0.481342
vt 0.166624 0.481465
vt 0.674855 0.847100
vt 0.676076 0.852302
vt 0.672827 0.849386
vt 0.677628 0.843994
vt 0.678483 0.850356
vt 0.681774 0.847716
vt 0.681716 0.853928
vt 0.678971 0.855500
vt 0.685470 0.851797
vt 0.684500 0.857754
vt 0.681463 0.858926
vt 0.688651 0.856170
vt 0.686786 0.861769
vt 0.683511 0.862521
vt 0.691264 0.860759
vt 0.688536 0.865904
vt 0.685077 0.866224
vt 0.693264 0.865484
vt 0.689720 0.870088
vt 0.686137 0.869971
vt 0.695298 0.875024
vt 0.694616 0.870267
vt 0.690316 0.874251
vt 0.695298 0.879674
vt 0.690316 0.878320
vt 0.686672 0.873698
vt 0.694616 0.884139
vt 0.689720 0.882226
vt 0.686672 0.877341
vt 0.693264 0.888340
vt 0.688536 0.885902
vt 0.686137 0.880839
vt 0.691264 0.892207
vt 0.686786 0.889286
vt 0.685077 0.884131
vt 0.688651 0.895673
vt 0.684500 0.892319
vt 0.683511 0.887160
vt 0.685470 0.898679
vt 0.681716 0.894949
vt 0.681463 0.889876
vt 0.681774 0.901174
vt 0.678483 0.897132
vt 0.678971 0.892231
vt 0.677628 0.903115
vt 0.674855 0.898830
vt 0.676076 0.894186
vt 0.680404 0.907412
vt 0.685068 0.905229
vt 0.682438 0.910571
vt 0.687482 0.908210
vt 0.689225 0.902422
vt 0.691977 0.905175
vt 0.692804 0.899040
vt 0.695847 0.901518
vt 0.695744 0.895141
vt 0.699026 0.897301
vt 0.697994 0.890790
vt 0.701459 0.892597
vt 0.699516 0.886064
vt 0.703104 0.887486
vt 0.700283 0.881042
vt 0.703934 0.882055
vt 0.700283 0.875810
vt 0.703934 0.876398
vt 0.699516 0.870458
vt 0.703104 0.870611
vt 0.701459 0.864793
vt 0.697994 0.865078
vt 0.699026 0.859044
vt 0.695744 0.859761
vt 0.695847 0.853462
vt 0.692804 0.854599
vt 0.691977 0.848143
vt 0.689225 0.849680
vt 0.687482 0.843177
vt 0.685068 0.845088
vt 0.682438 0.838650
vt 0.680404 0.840901
vt 0.677477 0.276432
vt 0.694863 0.295417
vt 0.677477 0.295265
vt 0.641250 0.259784
vt 0.660087 0.283817
vt 0.641250 0.283814
vt 0.715020 0.242585
vt 0.732412 0.266209
vt 0.715020 0.266211
vt 0.622409 0.283817
vt 0.641250 0.259785
vt 0.641250 0.283815
vt 0.713640 0.276138
vt 0.696248 0.298796
vt 0.696248 0.276245
vt 0.660087 0.242583
vt 0.677477 0.283817
vt 0.660087 0.283799
vt 0.880179 0.246020
vt 0.872766 0.246034
vt 0.865496 0.244586
vt 0.858648 0.241731
vt 0.847243 0.232290
vt 0.900461 0.237490
vt 0.843125 0.226066
vt 0.905702 0.232181
vt 0.840289 0.219148
vt 0.838842 0.211801
vt 0.909820 0.225942
vt 0.838842 0.204307
vt 0.914103 0.211661
vt 0.840289 0.196955
vt 0.914103 0.204168
vt 0.843125 0.190026
vt 0.847243 0.183788
vt 0.912657 0.196820
vt 0.852485 0.178479
vt 0.905702 0.183679
vt 0.858648 0.174304
vt 0.900461 0.178390
vt 0.865496 0.171424
vt 0.872766 0.169948
vt 0.894297 0.174238
vt 0.880179 0.169935
vt 0.887449 0.171383
vt 0.909820 0.189902
vt 0.912657 0.219014
vt 0.730511 0.838556
vt 0.603977 0.900264
vt 0.599873 0.894099
vt 0.595605 0.879978
vt 0.597046 0.887249
vt 0.595605 0.872565
vt 0.597046 0.865295
vt 0.603977 0.852285
vt 0.609200 0.847045
vt 0.622167 0.912469
vt 0.615342 0.842929
vt 0.636799 0.913922
vt 0.622167 0.840095
vt 0.644044 0.912478
vt 0.629412 0.838652
vt 0.650868 0.909644
vt 0.636799 0.838655
vt 0.657010 0.905528
vt 0.644044 0.840104
vt 0.650868 0.842944
vt 0.662233 0.900289
vt 0.657010 0.847065
vt 0.666337 0.894127
vt 0.662233 0.852309
vt 0.669164 0.887279
vt 0.666337 0.858475
vt 0.670605 0.872596
vt 0.669164 0.865325
vt 0.670605 0.880009
vt 0.629412 0.913918
vt 0.757400 0.838120
vt 0.595605 0.838652
vt 0.608116 0.838487
vt 0.637430 0.838407
vt 0.181331 0.964704
vt 0.195019 0.963339
vt 0.216841 0.963919
vt 0.655629 0.838455
vt 0.669500 0.838611
vt 0.684444 0.838650
vt 0.698185 0.838568
vt 0.703934 0.838075
vt 0.469596 0.955606
vt 0.914656 0.169935
vt 0.881778 0.167752
vt 0.838842 0.167563
vt 0.410403 0.950770
vt 0.118504 0.965583
vt 0.030706 0.965875
vt 0.588071 0.955707
vt 0.723931 0.150921
vt 0.709449 0.158606
vt 0.753638 0.083459
vt 0.693734 0.163367
vt 0.617631 0.123069
vt 0.677391 0.165021
vt 0.661048 0.163503
vt 0.645333 0.158874
vt 0.630850 0.151309
vt 0.618155 0.141101
vt 0.599996 0.114409
vt 0.595229 0.098950
vt 0.595229 0.066756
vt 0.599996 0.051258
vt 0.747044 0.128060
vt 0.736626 0.140606
vt 0.759552 0.098264
vt 0.754785 0.113762
vt 0.759552 0.066070
vt 0.607737 0.036961
vt 0.618155 0.024414
vt 0.630850 0.014100
vt 0.645333 0.006415
vt 0.677391 0.000000
vt 0.693734 0.001517
vt 0.709449 0.006147
vt 0.723931 0.013711
vt 0.736626 0.023919
vt 0.747044 0.036379
vt 0.000002 0.531113
vt -0.000000 0.514687
vt 0.003197 0.498576
vt 0.009471 0.483399
vt 0.018580 0.469741
vt 0.030174 0.458126
vt 0.043807 0.448999
vt 0.075039 0.439508
vt 0.091437 0.439508
vt 0.107520 0.442713
vt 0.122670 0.448999
vt 0.136306 0.458126
vt 0.147902 0.469741
vt 0.157014 0.483399
vt 0.163291 0.498576
vt 0.166492 0.514687
vt 0.157023 0.562401
vt 0.166494 0.531113
vt 0.163296 0.547225
vt 0.147914 0.576059
vt 0.136320 0.587675
vt 0.122687 0.596801
vt 0.107537 0.603087
vt 0.091455 0.606292
vt 0.075057 0.606292
vt 0.058974 0.603087
vt 0.030188 0.587674
vt 0.018591 0.576059
vt 0.009480 0.562401
vt 0.505448 0.298819
vt 0.595605 0.312919
vt 0.398656 0.594344
vt 0.540298 0.568911
vt 0.498916 0.594514
vt 0.924396 0.555188
vt 0.351092 0.013541
vt 0.442848 -0.000000
vt 0.547061 0.298819
vt 0.351092 0.593951
vt 0.351092 0.320465
vt 0.838842 0.268670
vt 0.765355 0.269218
vt 0.759552 0.000000
vt 0.783214 0.838620
vt 0.594338 0.298810
vt 0.578579 0.298813
vt 0.562820 0.298816
vt 0.595229 0.021705
vt 0.174958 0.875538
vt 0.914103 0.196528
vt 0.922602 0.629765
vt 0.345178 0.669322
vt 0.331346 0.652300
vt 0.163859 0.779268
vt 0.163160 0.892842
vt 0.925846 0.179174
vt 0.934175 0.645797
vt 0.596715 0.215061
vt 0.595229 0.207575
vt 0.595229 0.199943
vt 0.596715 0.192458
vt 0.599629 0.185408
vt 0.603860 0.179063
vt 0.609245 0.173667
vt 0.615577 0.169428
vt 0.622612 0.166508
vt 0.630081 0.165020
vt 0.637697 0.165022
vt 0.645166 0.166512
vt 0.658533 0.173675
vt 0.663918 0.179072
vt 0.668149 0.185419
vt 0.672549 0.199956
vt 0.672549 0.207588
vt 0.671063 0.215073
vt 0.663918 0.228469
vt 0.658533 0.233865
vt 0.652201 0.238104
vt 0.645166 0.241023
vt 0.637697 0.242511
vt 0.630081 0.242510
vt 0.622612 0.241020
vt 0.615577 0.238098
vt 0.609245 0.233857
vt 0.603860 0.228459
vt 0.599629 0.222113
vt 0.894795 0.813358
vt 0.674013 0.215022
vt 0.672549 0.207535
vt 0.672549 0.199903
vt 0.674013 0.192420
vt 0.676884 0.185373
vt 0.681052 0.179032
vt 0.686357 0.173643
vt 0.699526 0.166500
vt 0.706884 0.165021
vt 0.714387 0.165030
vt 0.721745 0.166529
vt 0.728676 0.169459
vt 0.734914 0.173707
vt 0.740219 0.179111
vt 0.744387 0.185462
vt 0.747258 0.192517
vt 0.747258 0.215119
vt 0.748722 0.200004
vt 0.748722 0.207636
vt 0.744387 0.222166
vt 0.740219 0.228506
vt 0.734914 0.233896
vt 0.728676 0.238127
vt 0.721745 0.241039
vt 0.714387 0.242518
vt 0.706884 0.242508
vt 0.699526 0.241009
vt 0.692595 0.238080
vt 0.681052 0.228428
vt 0.922570 0.812857
vt 0.867526 0.298863
vt 0.854875 0.298983
vt 0.818352 0.298898
vt 0.234931 0.939282
vt 0.248980 0.937841
vt 0.264170 0.937850
vt 0.278190 0.939308
vt 0.806545 0.298935
vt 0.792490 0.298828
vt 0.770002 0.298892
vt 0.757400 0.299076
vt 0.867525 0.812799
vt 0.957346 0.000120
vt 0.167882 0.902173
vt 0.715020 0.242583
vt 0.956105 0.679158
vt 0.785238 0.896274
vt 0.696248 0.242583
vt 0.151250 0.606292
vt 0.285388 0.786167
vt 0.318097 0.785921
vt 0.175552 0.376797
vt 0.334424 0.646189
vt 0.922570 0.679158
vt 0.955225 0.679914
vt 0.175552 0.376774
vt 0.413354 0.594642
vt 0.574787 0.594642
vt 0.982525 0.169940
vt 0.989749 0.170249
vt 0.955233 0.177086
vt 0.962614 0.169935
vt 0.379282 0.724536
vt 0.338516 0.872438
vt 0.104829 0.737389
vt 0.792552 0.814640
vt 0.812463 0.814637
vt 0.785242 0.841804
vt 0.049551 0.797631
vt 0.301263 0.936103
vt 0.976453 0.917166
vt 0.956543 0.917165
vt 0.949324 0.911520
vt 0.983810 0.911523
vt 0.453189 0.651635
vt 0.033755 0.661722
vt 0.347874 0.870142
vt 0.327967 0.870215
vt 0.612416 0.293262
vt 0.320769 0.851075
vt 0.166494 0.480212
vt 0.170787 0.480149
vt 0.171211 0.480204
vt 0.175502 0.480107
vt 0.703933 0.967619
vt 0.173135 0.508906
vt 0.170915 0.503925
vt 0.166624 0.503828
vt 0.672827 0.895707
vt 0.694863 0.276585
vt 0.660087 0.242511
vt 0.732412 0.242583
vt 0.622409 0.242511
vt 0.713640 0.298689
vt 0.677477 0.242601
s 0
usemtl Material.001
f 10/1/1 5/2/1 60/3/1
f 1/4/2 64/5/2 2/6/2
f 6/7/3 1/4/3 4/8/3
f 7/9/4 4/8/4 5/10/4
f 57/11/5 62/12/5 9/13/5
f 10/14/6 7/9/6 5/10/6
f 11/15/7 8/16/7 10/14/7
f 14/17/8 11/18/8 12/19/8
f 13/20/9 14/17/9 12/19/9
f 16/21/10 13/20/10 18/22/10
f 17/23/11 18/22/11 19/24/11
f 22/25/12 19/24/12 20/26/12
f 21/27/13 22/25/13 20/26/13
f 24/28/14 21/27/14 26/29/14
f 25/30/15 26/29/15 27/31/15
f 28/32/16 25/33/16 27/34/16
f 31/35/17 28/32/17 29/36/17
f 34/37/18 31/35/18 29/36/18
f 33/38/19 34/37/19 35/39/19
f 38/40/20 35/39/20 36/41/20
f 37/42/21 38/40/21 36/41/21
f 40/43/22 37/42/22 42/44/22
f 41/45/23 42/44/23 43/46/23
f 44/47/24 41/48/24 43/49/24
f 47/50/25 44/47/25 45/51/25
f 50/52/26 47/50/26 45/51/26
f 49/53/27 50/52/27 51/54/27
f 52/55/28 49/53/28 51/54/28
f 55/56/29 52/55/29 53/57/29
f 58/58/30 55/56/30 53/57/30
f 57/59/31 58/58/31 59/60/31
f 62/61/32 59/62/32 60/63/32
f 63/64/33 60/63/33 61/65/33
f 64/5/34 61/65/34 2/6/34
f 66/66/35 67/67/35 65/68/35
f 68/69/36 69/70/36 67/67/36
f 70/71/37 71/72/37 69/70/37
f 72/73/38 73/74/38 71/72/38
f 74/75/39 75/76/39 73/77/39
f 76/78/40 77/79/40 75/76/40
f 78/80/41 79/81/41 77/79/41
f 79/81/42 82/82/42 81/83/42
f 82/82/43 83/84/43 81/83/43
f 83/84/44 86/85/44 85/86/44
f 86/85/45 87/87/45 85/86/45
f 88/88/46 89/89/46 87/87/46
f 90/90/47 91/91/47 89/92/47
f 92/93/48 93/94/48 91/91/48
f 94/95/49 95/96/49 93/94/49
f 96/97/50 97/98/50 95/96/50
f 97/98/51 100/99/51 99/100/51
f 99/100/52 102/101/52 101/102/52
f 101/102/53 104/103/53 103/104/53
f 103/104/54 106/105/54 105/106/54
f 105/107/55 108/108/55 107/109/55
f 107/109/56 110/110/56 109/111/56
f 109/111/57 112/112/57 111/113/57
f 111/113/58 114/114/58 113/115/58
f 113/115/59 116/116/59 115/117/59
f 116/116/60 117/118/60 115/117/60
f 117/118/61 120/119/61 119/120/61
f 119/120/62 122/121/62 121/122/62
f 121/123/63 124/124/63 123/125/63
f 123/125/64 126/126/64 125/127/64
f 112/128/65 98/129/65 84/130/65
f 125/127/66 128/131/66 127/132/66
f 127/132/67 66/66/67 65/68/67
f 119/133/68 127/134/68 79/135/68
f 133/136/69 131/137/69 129/138/69
f 149/139/70 132/140/70 131/137/70
f 134/141/71 136/142/71 137/143/71
f 144/144/72 133/145/72 134/141/72
f 139/146/73 142/147/73 134/148/73
f 143/149/74 142/147/74 140/150/74
f 142/147/75 144/151/75 134/148/75
f 143/152/76 135/153/76 144/154/76
f 146/155/77 147/156/77 148/157/77
f 157/158/78 153/159/78 152/160/78
f 152/160/79 155/161/79 154/162/79
f 162/163/80 158/164/80 157/165/80
f 158/166/81 161/167/81 160/168/81
f 141/169/82 167/170/82 162/171/82
f 167/170/83 169/172/83 168/173/83
f 225/174/84 193/175/84 194/176/84
f 194/176/85 193/175/85 195/177/85
f 195/177/86 193/175/86 196/178/86
f 196/178/87 193/175/87 197/179/87
f 197/179/88 193/175/88 198/180/88
f 198/180/89 193/175/89 199/181/89
f 199/181/90 193/175/90 200/182/90
f 200/182/91 193/175/91 201/183/91
f 201/183/92 193/175/92 202/184/92
f 202/184/93 193/175/93 203/185/93
f 203/185/94 193/175/94 204/186/94
f 204/186/95 193/175/95 205/187/95
f 205/187/96 193/175/96 206/188/96
f 206/188/97 193/175/97 207/189/97
f 207/189/98 193/175/98 208/190/98
f 208/190/99 193/175/99 209/191/99
f 209/191/100 193/175/100 210/192/100
f 210/192/101 193/175/101 211/193/101
f 211/193/102 193/175/102 212/194/102
f 212/194/103 193/175/103 213/195/103
f 213/195/104 193/175/104 214/196/104
f 214/196/105 193/175/105 215/197/105
f 215/197/106 193/175/106 216/198/106
f 216/198/107 193/175/107 217/199/107
f 217/199/108 193/175/108 218/200/108
f 218/200/109 193/175/109 219/201/109
f 219/201/110 193/175/110 220/202/110
f 220/202/111 193/175/111 221/203/111
f 221/203/112 193/175/112 222/204/112
f 222/204/113 193/175/113 223/205/113
f 223/205/114 193/175/114 224/206/114
f 224/206/115 193/175/115 225/174/115
f 226/207/116 194/176/116 229/208/116
f 228/209/117 225/174/117 226/207/117
f 227/210/118 229/208/118 230/211/118
f 290/212/119 226/207/119 227/210/119
f 229/208/120 195/177/120 231/213/120
f 230/211/121 231/213/121 232/214/121
f 231/213/122 196/178/122 233/215/122
f 232/214/123 233/215/123 234/216/123
f 233/215/124 197/179/124 235/217/124
f 234/216/125 235/217/125 236/218/125
f 197/179/126 237/219/126 235/217/126
f 236/218/127 237/219/127 238/220/127
f 198/180/128 239/221/128 237/219/128
f 237/219/129 240/222/129 238/220/129
f 199/181/130 241/223/130 239/221/130
f 239/221/131 242/224/131 240/222/131
f 200/182/132 243/225/132 241/223/132
f 241/223/133 244/226/133 242/224/133
f 201/183/134 245/227/134 243/225/134
f 243/225/135 246/228/135 244/226/135
f 202/184/136 247/229/136 245/227/136
f 245/227/137 248/230/137 246/228/137
f 203/185/138 249/231/138 247/229/138
f 247/229/139 250/232/139 248/230/139
f 204/186/140 251/233/140 249/231/140
f 249/231/141 252/234/141 250/232/141
f 205/187/142 253/235/142 251/233/142
f 251/233/143 254/236/143 252/234/143
f 206/188/144 255/237/144 253/235/144
f 253/235/145 256/238/145 254/236/145
f 207/189/146 257/239/146 255/237/146
f 255/237/147 258/240/147 256/238/147
f 208/190/148 259/241/148 257/239/148
f 257/239/149 260/242/149 258/240/149
f 209/191/150 261/243/150 259/241/150
f 259/241/151 262/244/151 260/242/151
f 210/192/152 263/245/152 261/243/152
f 261/243/153 264/246/153 262/244/153
f 211/193/154 265/247/154 263/245/154
f 263/245/155 266/248/155 264/246/155
f 212/194/156 267/249/156 265/247/156
f 265/247/157 268/250/157 266/248/157
f 213/195/158 269/251/158 267/249/158
f 267/249/159 270/252/159 268/250/159
f 214/196/160 271/253/160 269/251/160
f 269/251/161 272/254/161 270/252/161
f 215/197/162 273/255/162 271/253/162
f 271/253/163 274/256/163 272/254/163
f 216/198/164 275/257/164 273/255/164
f 273/255/165 276/258/165 274/256/165
f 275/257/166 218/200/166 277/259/166
f 276/258/167 277/259/167 278/260/167
f 277/259/168 219/201/168 279/261/168
f 278/260/169 279/261/169 280/262/169
f 279/261/170 220/202/170 281/263/170
f 280/262/171 281/263/171 282/264/171
f 281/263/172 221/203/172 283/265/172
f 282/264/173 283/265/173 284/266/173
f 283/265/174 222/204/174 285/267/174
f 284/266/175 285/267/175 286/268/175
f 285/267/176 223/205/176 287/269/176
f 286/268/177 287/269/177 288/270/177
f 287/269/178 224/206/178 228/209/178
f 288/270/179 228/209/179 290/212/179
f 289/271/180 290/212/180 291/272/180
f 351/273/181 288/270/181 289/271/181
f 291/272/182 227/210/182 293/274/182
f 292/275/183 293/274/183 294/276/183
f 354/277/184 291/272/184 292/275/184
f 293/274/185 230/211/185 295/278/185
f 294/276/186 295/278/186 296/279/186
f 295/278/187 232/214/187 297/280/187
f 296/279/188 297/280/188 298/281/188
f 297/280/189 234/216/189 299/282/189
f 298/281/190 299/282/190 300/283/190
f 299/282/191 236/218/191 301/284/191
f 300/283/192 301/284/192 302/285/192
f 301/284/193 238/220/193 303/286/193
f 302/285/194 303/286/194 304/287/194
f 303/286/195 240/222/195 305/288/195
f 304/287/196 305/288/196 306/289/196
f 240/222/197 307/290/197 305/288/197
f 305/288/198 308/291/198 306/289/198
f 242/224/199 309/292/199 307/290/199
f 307/293/200 310/294/200 308/295/200
f 244/226/201 311/296/201 309/292/201
f 309/297/202 312/298/202 310/294/202
f 246/228/203 313/299/203 311/296/203
f 311/300/204 314/301/204 312/298/204
f 248/230/205 315/302/205 313/299/205
f 313/303/206 316/304/206 314/301/206
f 250/232/207 317/305/207 315/302/207
f 315/306/208 318/307/208 316/304/208
f 252/234/209 319/308/209 317/305/209
f 317/305/210 320/309/210 318/310/210
f 254/236/211 321/311/211 319/308/211
f 319/308/212 322/312/212 320/309/212
f 256/238/213 323/313/213 321/311/213
f 321/314/214 324/315/214 322/316/214
f 258/240/215 325/317/215 323/313/215
f 323/318/216 326/319/216 324/315/216
f 260/242/217 327/320/217 325/317/217
f 325/321/218 328/322/218 326/319/218
f 262/244/219 329/323/219 327/320/219
f 327/324/220 330/325/220 328/322/220
f 264/246/221 331/326/221 329/323/221
f 329/327/222 332/328/222 330/325/222
f 266/248/223 333/329/223 331/326/223
f 331/330/224 334/331/224 332/328/224
f 268/250/225 335/332/225 333/329/225
f 333/329/226 336/333/226 334/334/226
f 270/252/227 337/335/227 335/332/227
f 335/332/228 338/336/228 336/333/228
f 272/254/229 339/337/229 337/335/229
f 337/335/230 340/338/230 338/336/230
f 339/337/231 276/258/231 341/339/231
f 340/338/232 341/339/232 342/340/232
f 341/339/233 278/260/233 343/341/233
f 342/342/234 343/343/234 344/344/234
f 343/341/235 280/262/235 345/345/235
f 344/344/236 345/346/236 346/347/236
f 345/345/237 282/264/237 347/348/237
f 346/349/238 347/348/238 348/350/238
f 347/348/239 284/266/239 349/351/239
f 348/350/240 349/351/240 350/352/240
f 349/351/241 286/268/241 351/273/241
f 350/352/242 351/273/242 352/353/242
f 352/353/243 289/271/243 354/277/243
f 353/354/244 354/277/244 355/355/244
f 415/356/245 352/357/245 353/358/245
f 355/359/246 292/360/246 357/361/246
f 356/362/247 357/361/247 358/363/247
f 417/364/248 355/359/248 356/362/248
f 357/361/249 294/365/249 359/366/249
f 358/363/250 359/366/250 360/367/250
f 359/366/251 296/368/251 361/369/251
f 360/367/252 361/369/252 362/370/252
f 361/369/253 298/371/253 363/372/253
f 362/370/254 363/372/254 364/373/254
f 363/372/255 300/374/255 365/375/255
f 364/373/256 365/375/256 366/376/256
f 365/375/257 302/377/257 367/378/257
f 366/376/258 367/378/258 368/379/258
f 367/380/259 304/381/259 369/382/259
f 368/379/260 369/383/260 370/384/260
f 369/382/261 306/385/261 371/386/261
f 370/387/262 371/386/262 372/388/262
f 306/385/263 373/389/263 371/386/263
f 371/386/264 374/390/264 372/388/264
f 308/295/265 375/391/265 373/389/265
f 373/389/266 376/392/266 374/390/266
f 310/294/267 377/393/267 375/391/267
f 375/391/268 378/394/268 376/392/268
f 312/298/269 379/395/269 377/393/269
f 377/393/270 380/396/270 378/394/270
f 314/301/271 381/397/271 379/395/271
f 379/395/272 382/398/272 380/396/272
f 316/304/273 383/399/273 381/397/273
f 381/397/274 384/400/274 382/398/274
f 318/307/275 385/401/275 383/399/275
f 383/399/276 386/402/276 384/400/276
f 320/403/277 387/404/277 385/405/277
f 385/405/278 388/406/278 386/407/278
f 322/316/279 389/408/279 387/404/279
f 387/404/280 390/409/280 388/406/280
f 324/315/281 391/410/281 389/408/281
f 389/408/282 392/411/282 390/409/282
f 326/319/283 393/412/283 391/410/283
f 391/410/284 394/413/284 392/411/284
f 328/322/285 395/414/285 393/412/285
f 393/412/286 396/415/286 394/413/286
f 330/325/287 397/416/287 395/414/287
f 395/414/288 398/417/288 396/415/288
f 332/328/289 399/418/289 397/416/289
f 397/416/290 400/419/290 398/417/290
f 334/331/291 401/420/291 399/418/291
f 399/418/292 402/421/292 400/419/292
f 336/422/293 403/423/293 401/424/293
f 401/424/294 404/425/294 402/426/294
f 338/427/295 405/428/295 403/423/295
f 403/423/296 406/429/296 404/425/296
f 405/428/297 342/342/297 407/430/297
f 406/429/298 407/430/298 408/431/298
f 407/430/299 344/344/299 409/432/299
f 408/431/300 409/432/300 410/433/300
f 409/432/301 346/347/301 411/434/301
f 410/433/302 411/434/302 412/435/302
f 411/434/303 348/436/303 413/437/303
f 412/435/304 413/437/304 414/438/304
f 413/437/305 350/439/305 415/356/305
f 414/438/306 415/356/306 416/440/306
f 416/440/307 353/358/307 417/441/307
f 461/442/308 453/443/308 445/444/308
f 418/445/309 481/446/309 419/447/309
f 423/448/310 418/445/310 421/449/310
f 424/450/311 421/449/311 422/451/311
f 474/452/312 480/453/312 432/454/312
f 425/455/313 422/451/313 427/456/313
f 428/457/314 425/455/314 427/456/314
f 431/458/315 428/459/315 429/460/315
f 430/461/316 431/458/316 429/460/316
f 433/462/317 430/461/317 435/463/317
f 434/464/318 435/463/318 436/465/318
f 439/466/319 436/465/319 437/467/319
f 440/468/320 437/467/320 438/469/320
f 443/470/321 440/468/321 438/469/321
f 442/471/322 443/470/322 444/472/322
f 445/473/323 442/474/323 444/475/323
f 448/476/324 445/473/324 446/477/324
f 451/478/325 448/476/325 446/477/325
f 450/479/326 451/478/326 452/480/326
f 453/481/327 450/479/327 452/480/327
f 456/482/328 453/481/328 454/483/328
f 459/484/329 456/482/329 454/483/329
f 458/485/330 459/484/330 460/486/330
f 461/487/331 458/488/331 460/489/331
f 464/490/332 461/487/332 462/491/332
f 467/492/333 464/490/333 462/491/333
f 466/493/334 467/492/334 468/494/334
f 471/495/335 468/494/335 469/496/335
f 470/497/336 471/495/336 469/496/336
f 473/498/337 470/497/337 475/499/337
f 476/500/338 473/498/338 475/499/338
f 479/501/339 476/502/339 477/503/339
f 478/504/340 479/501/340 477/503/340
f 419/447/341 480/505/341 478/504/341
f 486/506/342 482/507/342 483/508/342
f 482/509/343 489/510/343 483/511/343
f 487/512/344 482/513/344 485/514/344
f 488/515/69 485/516/69 486/517/69
f 489/518/345 487/519/345 488/520/345
f 489/521/346 486/522/346 483/523/346
f 490/524/347 494/525/347 491/526/347
f 495/527/348 490/524/348 492/528/348
f 493/529/349 497/530/349 494/525/349
f 498/531/350 493/529/350 495/527/350
f 496/532/351 500/533/351 497/530/351
f 501/534/352 496/532/352 498/531/352
f 499/535/353 503/536/353 500/533/353
f 504/537/354 499/535/354 501/534/354
f 502/538/355 506/539/355 503/536/355
f 507/540/356 502/538/356 504/537/356
f 505/541/357 509/542/357 506/539/357
f 510/543/358 505/544/358 507/545/358
f 511/546/359 509/547/359 508/548/359
f 510/543/360 511/546/360 508/548/360
f 514/549/361 512/550/361 511/546/361
f 513/551/362 514/549/362 511/546/362
f 517/552/363 515/553/363 514/549/363
f 516/554/364 517/552/364 514/549/364
f 520/555/365 518/556/365 517/552/365
f 519/557/366 520/555/366 517/552/366
f 523/558/367 521/559/367 520/555/367
f 522/560/368 523/558/368 520/555/368
f 526/561/369 524/562/369 523/558/369
f 525/563/370 526/561/370 523/558/370
f 529/564/371 527/565/371 526/561/371
f 528/566/372 529/564/372 526/561/372
f 532/567/373 530/568/373 529/564/373
f 531/569/374 532/567/374 529/564/374
f 535/570/375 533/571/375 532/567/375
f 534/572/376 535/570/376 532/567/376
f 540/573/377 537/574/377 534/575/377
f 541/576/378 538/577/378 540/573/378
f 543/578/379 540/573/379 542/579/379
f 542/579/380 534/575/380 531/580/380
f 545/581/381 542/579/381 544/582/381
f 544/582/382 531/580/382 528/583/382
f 547/584/383 544/582/383 546/585/383
f 546/585/384 528/583/384 525/586/384
f 549/587/385 546/585/385 548/588/385
f 548/588/386 525/586/386 522/589/386
f 551/590/387 548/588/387 550/591/387
f 550/591/388 522/589/388 519/592/388
f 553/593/389 550/591/389 552/594/389
f 552/594/390 519/592/390 516/595/390
f 555/596/391 552/594/391 554/597/391
f 554/597/392 516/595/392 513/598/392
f 557/599/393 554/597/393 556/600/393
f 556/600/394 513/598/394 510/601/394
f 557/599/395 558/602/395 559/603/395
f 556/600/396 507/604/396 558/602/396
f 559/603/397 560/605/397 561/606/397
f 558/602/398 504/607/398 560/605/398
f 561/606/399 562/608/399 563/609/399
f 560/605/400 501/610/400 562/608/400
f 563/609/401 564/611/401 565/612/401
f 562/608/402 498/613/402 564/611/402
f 565/612/403 566/614/403 567/615/403
f 564/611/404 495/616/404 566/614/404
f 567/615/405 568/617/405 569/618/405
f 566/614/406 492/619/406 568/617/406
f 572/620/407 569/618/407 570/621/407
f 573/622/408 570/621/408 571/623/408
f 575/624/409 572/620/409 573/622/409
f 574/625/410 567/615/410 572/620/410
f 577/626/411 574/625/411 575/624/411
f 576/627/412 565/612/412 574/625/412
f 579/628/413 576/627/413 577/626/413
f 578/629/414 563/609/414 576/627/414
f 581/630/415 578/629/415 579/628/415
f 580/631/416 561/606/416 578/629/416
f 583/632/417 580/631/417 581/630/417
f 582/633/418 559/603/418 580/631/418
f 583/632/419 584/634/419 582/633/419
f 582/633/420 555/596/420 557/599/420
f 585/635/421 586/636/421 584/634/421
f 584/634/422 553/593/422 555/596/422
f 587/637/423 588/638/423 586/636/423
f 586/636/424 551/590/424 553/593/424
f 589/639/425 590/640/425 588/638/425
f 588/638/426 549/587/426 551/590/426
f 591/641/427 592/642/427 590/640/427
f 590/640/428 547/584/428 549/587/428
f 593/643/429 594/644/429 592/642/429
f 592/642/430 545/581/430 547/584/430
f 595/645/431 596/646/431 594/644/431
f 594/644/432 543/578/432 545/581/432
f 597/647/433 598/648/433 596/646/433
f 596/646/434 541/576/434 543/578/434
f 599/649/435 600/650/435 598/648/435
f 598/648/436 539/651/436 541/576/436
f 604/652/437 601/653/437 599/654/437
f 603/655/438 604/652/438 605/656/438
f 605/656/439 606/657/439 607/658/439
f 606/657/440 599/654/440 597/659/440
f 607/658/441 608/660/441 609/661/441
f 608/660/442 597/659/442 595/662/442
f 609/661/443 610/663/443 611/664/443
f 610/663/444 595/662/444 593/665/444
f 611/664/445 612/666/445 613/667/445
f 612/666/446 593/665/446 591/668/446
f 613/667/447 614/669/447 615/670/447
f 614/669/448 591/668/448 589/671/448
f 615/670/449 616/672/449 617/673/449
f 616/672/450 589/671/450 587/674/450
f 617/673/451 618/675/451 619/676/451
f 618/675/452 587/674/452 585/677/452
f 619/676/453 620/678/453 621/679/453
f 620/678/454 585/677/454 583/680/454
f 623/681/455 620/682/455 622/683/455
f 620/682/456 581/684/456 622/683/456
f 625/685/457 622/683/457 624/686/457
f 622/683/458 579/687/458 624/686/458
f 627/688/459 624/686/459 626/689/459
f 624/686/460 577/690/460 626/689/460
f 629/691/461 626/689/461 628/692/461
f 626/689/462 575/693/462 628/692/462
f 631/694/463 628/692/463 630/695/463
f 628/692/464 573/696/464 630/695/464
f 633/697/465 630/695/465 632/698/465
f 630/695/466 571/699/466 632/698/466
f 634/700/467 631/701/467 633/702/467
f 635/703/468 636/704/468 634/700/468
f 637/705/469 638/706/469 636/704/469
f 636/704/470 629/707/470 631/701/470
f 639/708/471 640/709/471 638/706/471
f 638/706/472 627/710/472 629/707/472
f 641/711/473 642/712/473 640/709/473
f 640/709/474 625/713/474 627/710/474
f 643/714/475 644/715/475 642/712/475
f 642/712/476 623/716/476 625/713/476
f 645/717/477 646/718/477 644/715/477
f 644/715/478 621/719/478 623/716/478
f 649/720/479 646/718/479 647/721/479
f 648/722/480 621/719/480 646/718/480
f 651/723/481 648/722/481 649/720/481
f 650/724/482 619/725/482 648/722/482
f 653/726/483 650/724/483 651/723/483
f 652/727/484 617/728/484 650/724/484
f 655/729/485 652/727/485 653/726/485
f 654/730/486 615/731/486 652/727/486
f 657/732/487 654/730/487 655/729/487
f 656/733/488 613/734/488 654/730/488
f 659/735/489 656/733/489 657/732/489
f 658/736/490 611/737/490 656/733/490
f 661/738/491 658/736/491 659/735/491
f 660/739/492 609/740/492 658/736/492
f 663/741/493 660/739/493 661/738/493
f 662/742/494 607/743/494 660/739/494
f 665/744/495 662/742/495 663/741/495
f 664/745/496 605/746/496 662/742/496
f 666/747/497 663/741/497 667/748/497
f 536/749/498 667/748/498 533/750/498
f 533/750/499 668/751/499 530/752/499
f 667/748/500 661/738/500 668/751/500
f 530/752/501 669/753/501 527/754/501
f 668/751/502 659/735/502 669/753/502
f 527/754/503 670/755/503 524/756/503
f 669/753/504 657/732/504 670/755/504
f 524/756/505 671/757/505 521/758/505
f 670/755/506 655/729/506 671/757/506
f 521/758/507 672/759/507 518/760/507
f 671/757/508 653/726/508 672/759/508
f 518/760/509 673/761/509 515/762/509
f 672/759/510 651/723/510 673/761/510
f 515/762/511 674/763/511 512/764/511
f 673/761/512 649/720/512 674/763/512
f 512/764/513 675/765/513 509/766/513
f 674/763/514 647/721/514 675/765/514
f 506/767/515 675/765/515 676/768/515
f 676/768/516 647/721/516 645/717/516
f 503/769/517 676/768/517 677/770/517
f 677/770/518 645/717/518 643/714/518
f 500/771/519 677/770/519 678/772/519
f 678/772/520 643/714/520 641/711/520
f 497/773/521 678/772/521 679/774/521
f 679/774/522 641/711/522 639/708/522
f 494/775/523 679/774/523 680/776/523
f 680/776/524 639/708/524 637/705/524
f 491/777/525 680/776/525 681/778/525
f 681/778/526 637/705/526 635/703/526
f 686/779/527 683/780/527 688/781/527
f 684/782/528 683/780/528 682/783/528
f 685/784/529 684/782/529 682/783/529
f 685/784/530 686/779/530 689/785/530
f 689/785/531 687/786/531 691/787/531
f 687/786/532 688/781/532 701/788/532
f 1256/789/533 689/790/533 690/791/533
f 690/791/534 691/792/534 692/793/534
f 692/793/535 693/794/535 694/795/535
f 691/787/536 696/796/536 693/797/536
f 694/795/537 695/798/537 736/799/537
f 693/797/538 697/800/538 695/801/538
f 697/800/539 698/802/539 699/803/539
f 696/796/540 701/788/540 698/802/540
f 699/804/541 700/805/541 748/806/541
f 698/807/542 702/808/542 700/805/542
f 701/809/543 704/810/543 702/808/543
f 700/805/544 703/811/544 751/812/544
f 702/808/545 705/813/545 703/811/545
f 688/814/546 706/815/546 704/810/546
f 704/810/547 708/816/547 705/813/547
f 1252/817/548 706/818/548 683/780/548
f 707/819/549 708/816/549 706/815/549
f 709/820/550 710/821/550 708/816/550
f 705/813/551 710/821/551 713/822/551
f 711/823/552 712/824/552 710/821/552
f 713/822/553 712/824/553 715/825/553
f 703/811/554 713/822/554 714/826/554
f 714/826/555 715/825/555 716/827/555
f 716/828/556 717/829/556 718/830/556
f 715/831/557 720/832/557 717/829/557
f 717/829/558 759/833/558 718/830/558
f 720/832/559 719/834/559 717/829/559
f 1257/835/560 720/832/560 712/836/560
f 720/832/561 723/837/561 722/838/561
f 722/838/562 725/839/562 724/840/562
f 722/838/563 727/841/563 719/834/563
f 724/842/564 1255/843/564 726/844/564
f 724/842/565 729/845/565 727/846/565
f 719/847/566 728/848/566 759/849/566
f 727/846/567 730/850/567 728/848/567
f 729/845/568 692/793/568 730/850/568
f 726/844/569 690/791/569 729/845/569
f 728/848/570 731/851/570 732/852/570
f 730/850/571 694/795/571 731/851/571
f 732/852/572 733/853/572 734/854/572
f 731/851/573 736/799/573 733/853/573
f 734/854/574 735/855/574 763/856/574
f 733/853/575 737/857/575 735/855/575
f 736/799/576 739/858/576 737/857/576
f 735/855/577 738/859/577 766/860/577
f 737/857/578 740/861/578 738/859/578
f 739/862/579 742/863/579 740/864/579
f 695/865/580 741/866/580 739/862/580
f 742/863/581 743/867/581 744/868/581
f 741/866/582 699/869/582 743/867/582
f 744/870/583 745/871/583 746/872/583
f 743/873/584 748/806/584 745/871/584
f 746/872/585 747/874/585 782/875/585
f 745/871/586 749/876/586 747/874/586
f 748/806/587 751/812/587 749/876/587
f 747/874/588 750/877/588 785/878/588
f 749/876/589 752/879/589 750/877/589
f 751/812/590 714/826/590 752/879/590
f 750/877/591 753/880/591 754/881/591
f 752/879/592 716/827/592 753/880/592
f 754/882/593 755/883/593 756/884/593
f 753/885/594 718/830/594 755/883/594
f 755/883/595 758/886/595 756/884/595
f 718/830/596 757/887/596 755/883/596
f 757/888/597 734/854/597 758/889/597
f 759/849/598 732/852/598 757/888/598
f 756/890/599 760/891/599 761/892/599
f 758/889/600 763/856/600 760/893/600
f 761/892/601 762/894/601 788/895/601
f 760/891/602 764/896/602 762/894/602
f 763/856/603 766/860/603 764/897/603
f 762/894/604 765/898/604 791/899/604
f 764/897/605 767/900/605 765/901/605
f 766/860/606 769/902/606 767/900/606
f 765/901/607 768/903/607 794/904/607
f 767/900/608 770/905/608 768/903/608
f 769/906/609 772/907/609 770/908/609
f 738/909/610 771/910/610 769/906/610
f 771/910/611 774/911/611 772/907/611
f 740/864/612 773/912/612 771/910/612
f 774/911/613 775/913/613 776/914/613
f 773/912/614 744/868/614 775/913/614
f 776/914/615 777/915/615 778/916/615
f 775/913/616 746/917/616 777/915/616
f 778/918/617 779/919/617 780/920/617
f 777/921/618 782/875/618 779/919/618
f 780/920/619 781/922/619 814/923/619
f 779/919/620 783/924/620 781/922/620
f 782/875/621 785/878/621 783/924/621
f 781/925/622 784/926/622 787/927/622
f 783/924/623 786/928/623 784/929/623
f 785/878/624 754/881/624 786/928/624
f 784/926/625 761/892/625 788/895/625
f 786/930/626 756/890/626 761/892/626
f 787/927/627 788/895/627 789/931/627
f 788/895/628 791/899/628 789/931/628
f 815/932/629 789/931/629 790/933/629
f 789/931/630 792/934/630 790/933/630
f 791/899/631 794/935/631 792/934/631
f 790/933/632 793/936/632 817/937/632
f 792/934/633 795/938/633 793/936/633
f 794/904/634 797/939/634 795/940/634
f 793/936/635 796/941/635 820/942/635
f 795/940/636 798/943/636 796/944/636
f 797/939/637 800/945/637 798/943/637
f 768/903/638 799/946/638 797/939/638
f 799/947/639 802/948/639 800/949/639
f 770/908/640 801/950/640 799/947/640
f 801/950/641 804/951/641 802/948/641
f 772/907/642 803/952/642 801/950/642
f 804/951/643 805/953/643 806/954/643
f 803/952/644 776/914/644 805/953/644
f 806/954/645 807/955/645 808/956/645
f 805/953/646 778/916/646 807/955/646
f 808/957/647 809/958/647 810/959/647
f 807/960/648 780/920/648 809/958/648
f 810/959/649 811/961/649 812/962/649
f 809/958/650 814/923/650 811/961/650
f 812/963/651 813/964/651 816/965/651
f 811/966/652 815/932/652 813/964/652
f 814/967/653 787/927/653 815/932/653
f 813/964/654 790/933/654 817/937/654
f 816/965/655 817/937/655 818/968/655
f 817/937/656 820/942/656 818/968/656
f 841/969/657 818/968/657 819/970/657
f 818/968/658 821/971/658 819/970/658
f 820/942/659 823/972/659 821/971/659
f 819/970/660 822/973/660 844/974/660
f 821/971/661 824/975/661 822/973/661
f 823/976/662 826/977/662 824/978/662
f 796/944/663 825/979/663 823/976/663
f 825/979/664 828/980/664 826/977/664
f 798/943/665 827/981/665 825/979/665
f 827/982/666 830/983/666 828/984/666
f 800/949/667 829/985/667 827/982/667
f 829/985/668 832/986/668 830/983/668
f 802/948/669 831/987/669 829/985/669
f 832/986/670 833/988/670 834/989/670
f 831/987/671 806/954/671 833/988/671
f 834/989/672 835/990/672 836/991/672
f 833/988/673 808/956/673 835/990/673
f 836/992/674 837/993/674 838/994/674
f 835/995/675 810/959/675 837/993/675
f 838/994/676 839/996/676 840/997/676
f 837/993/677 812/962/677 839/996/677
f 840/998/678 841/969/678 842/999/678
f 839/1000/679 816/965/679 841/969/679
f 842/999/680 819/970/680 844/974/680
f 840/998/681 843/1001/681 865/1002/681
f 842/999/682 845/1003/682 843/1001/682
f 845/1003/683 822/973/683 847/1004/683
f 843/1001/684 846/1005/684 868/1006/684
f 846/1005/685 847/1004/685 848/1007/685
f 848/1007/686 849/1008/686 850/1009/686
f 847/1004/687 824/975/687 849/1008/687
f 850/1010/688 851/1011/688 852/1012/688
f 849/1013/689 826/977/689 851/1011/689
f 852/1012/690 853/1014/690 854/1015/690
f 851/1011/691 828/980/691 853/1014/691
f 854/1016/692 855/1017/692 856/1018/692
f 853/1019/693 830/983/693 855/1017/693
f 856/1018/694 857/1020/694 858/1021/694
f 855/1017/695 832/986/695 857/1020/695
f 857/1020/696 860/1022/696 858/1021/696
f 832/986/697 859/1023/697 857/1020/697
f 859/1023/698 862/1024/698 860/1022/698
f 834/989/699 861/1025/699 859/1023/699
f 861/1026/700 864/1027/700 862/1028/700
f 836/992/701 863/1029/701 861/1026/701
f 863/1029/702 866/1030/702 864/1027/702
f 838/994/703 865/1031/703 863/1029/703
f 865/1002/704 868/1006/704 866/1032/704
f 864/1027/705 867/1033/705 889/1034/705
f 866/1032/706 869/1035/706 867/1036/706
f 868/1006/707 871/1037/707 869/1035/707
f 867/1036/708 870/1038/708 892/1039/708
f 869/1035/709 872/1040/709 870/1038/709
f 872/1040/710 873/1041/710 874/1042/710
f 871/1037/711 848/1007/711 873/1041/711
f 874/1042/712 875/1043/712 876/1044/712
f 873/1041/713 850/1009/713 875/1043/713
f 876/1045/714 877/1046/714 878/1047/714
f 875/1048/715 852/1012/715 877/1046/715
f 878/1047/716 879/1049/716 880/1050/716
f 877/1046/717 854/1015/717 879/1049/717
f 880/1051/718 881/1052/718 882/1053/718
f 879/1054/719 856/1018/719 881/1052/719
f 882/1053/720 883/1055/720 884/1056/720
f 881/1052/721 858/1021/721 883/1055/721
f 883/1055/722 886/1057/722 884/1056/722
f 858/1021/723 885/1058/723 883/1055/723
f 885/1058/724 888/1059/724 886/1057/724
f 860/1022/725 887/1060/725 885/1058/725
f 887/1061/726 890/1062/726 888/1063/726
f 862/1028/727 889/1034/727 887/1061/727
f 889/1034/728 892/1064/728 890/1062/728
f 888/1063/729 891/1065/729 913/1066/729
f 890/1062/730 893/1067/730 891/1065/730
f 892/1064/731 895/1068/731 893/1067/731
f 891/1065/732 894/1069/732 916/1070/732
f 893/1067/733 896/1071/733 894/1069/733
f 895/1072/734 898/1073/734 896/1074/734
f 870/1038/735 897/1075/735 895/1076/735
f 898/1073/736 899/1077/736 900/1078/736
f 897/1075/737 874/1042/737 899/1079/737
f 900/1080/738 901/1081/738 902/1082/738
f 899/1083/739 876/1045/739 901/1081/739
f 902/1082/740 903/1084/740 904/1085/740
f 901/1081/741 878/1047/741 903/1084/741
f 904/1085/742 905/1086/742 906/1087/742
f 903/1084/743 880/1050/743 905/1086/743
f 906/1087/744 907/1088/744 908/1089/744
f 905/1090/745 882/1053/745 907/1091/745
f 908/1092/746 909/1093/746 910/1094/746
f 907/1091/747 884/1056/747 909/1093/747
f 909/1093/748 912/1095/748 910/1094/748
f 884/1056/749 911/1096/749 909/1093/749
f 911/1097/750 914/1098/750 912/1099/750
f 886/1057/751 913/1100/751 911/1096/751
f 913/1066/752 916/1070/752 914/1098/752
f 912/1099/753 915/1101/753 937/1102/753
f 914/1098/754 917/1103/754 915/1101/754
f 916/1070/755 919/1104/755 917/1103/755
f 915/1101/756 918/1105/756 940/1106/756
f 917/1103/757 920/1107/757 918/1105/757
f 919/1108/758 922/1109/758 920/1110/758
f 894/1069/759 921/1111/759 919/1104/759
f 921/1112/760 924/1113/760 922/1109/760
f 896/1074/761 923/1114/761 921/1112/761
f 924/1113/762 925/1115/762 926/1116/762
f 923/1114/763 900/1078/763 925/1115/763
f 926/1117/764 927/1118/764 928/1119/764
f 925/1120/765 902/1082/765 927/1118/765
f 928/1119/766 929/1121/766 930/1122/766
f 927/1118/767 904/1085/767 929/1121/767
f 930/1122/768 931/1123/768 932/1124/768
f 929/1121/769 906/1087/769 931/1123/769
f 932/1124/770 933/1125/770 934/1126/770
f 931/1123/771 908/1089/771 933/1125/771
f 934/1127/772 935/1128/772 936/1129/772
f 933/1130/773 910/1094/773 935/1131/773
f 935/1128/774 938/1132/774 936/1129/774
f 910/1094/775 937/1133/775 935/1131/775
f 937/1102/776 940/1106/776 938/1134/776
f 936/1129/777 939/1135/777 961/1136/777
f 938/1134/778 941/1137/778 939/1138/778
f 940/1106/779 943/1139/779 941/1137/779
f 939/1138/780 942/1140/780 964/1141/780
f 941/1137/781 944/1142/781 942/1140/781
f 943/1139/782 946/1143/782 944/1142/782
f 918/1105/783 945/1144/783 943/1139/783
f 945/1145/784 948/1146/784 946/1147/784
f 920/1110/785 947/1148/785 945/1145/785
f 947/1148/786 950/1149/786 948/1146/786
f 922/1109/787 949/1150/787 947/1148/787
f 950/1149/788 951/1151/788 952/1152/788
f 949/1150/789 926/1116/789 951/1151/789
f 952/1153/790 953/1154/790 954/1155/790
f 951/1156/791 928/1119/791 953/1154/791
f 954/1155/792 955/1157/792 956/1158/792
f 953/1154/793 930/1122/793 955/1157/793
f 956/1158/794 957/1159/794 958/1160/794
f 955/1157/795 932/1124/795 957/1159/795
f 958/1160/796 959/1161/796 960/1162/796
f 957/1159/797 934/1126/797 959/1161/797
f 960/1163/798 961/1136/798 962/1164/798
f 959/1165/799 936/1129/799 961/1136/799
f 961/1136/800 964/1166/800 962/1164/800
f 985/1167/801 962/1164/801 963/1168/801
f 962/1164/802 965/1169/802 963/1168/802
f 964/1141/803 967/1170/803 965/1171/803
f 963/1168/560 966/1172/560 988/1173/560
f 965/1171/552 968/1174/552 966/1175/552
f 967/1170/550 970/1176/550 968/1174/550
f 942/1140/804 969/1177/804 967/1170/804
f 969/1177/549 972/1178/549 970/1176/549
f 944/1142/805 971/1179/805 969/1177/805
f 971/1180/548 974/1181/548 972/1182/548
f 946/1147/806 973/1183/806 971/1180/806
f 973/1183/528 976/1184/528 974/1181/528
f 948/1146/807 975/1185/807 973/1183/807
f 976/1184/529 977/1186/529 978/1187/529
f 975/1185/808 952/1152/808 977/1186/808
f 978/1188/809 979/1189/809 980/1190/809
f 977/1191/810 954/1155/810 979/1189/810
f 980/1190/811 981/1192/811 982/1193/811
f 979/1189/812 956/1158/812 981/1192/812
f 982/1193/564 983/1194/564 984/1195/564
f 981/1192/813 958/1160/813 983/1194/813
f 984/1196/562 985/1167/562 986/1197/562
f 983/1198/814 960/1163/814 985/1167/814
f 986/1197/561 963/1168/561 988/1173/561
f 984/1196/563 987/1199/563 1009/1200/563
f 986/1197/559 989/1201/559 987/1199/559
f 989/1201/557 966/1172/557 991/1202/557
f 987/1199/558 990/1203/558 1012/1204/558
f 990/1203/556 991/1202/556 992/1205/556
f 992/1206/555 993/1207/555 994/1208/555
f 991/1209/553 968/1174/553 993/1207/553
f 994/1208/554 995/1210/554 996/1211/554
f 993/1207/551 970/1176/551 995/1210/551
f 996/1211/545 997/1212/545 998/1213/545
f 995/1210/547 972/1178/547 997/1212/547
f 998/1213/543 999/1214/543 1000/1215/543
f 997/1212/546 974/1216/546 999/1214/546
f 1000/1217/532 1001/1218/532 1002/1219/532
f 999/1220/527 976/1184/527 1001/1218/527
f 1001/1218/531 1004/1221/531 1002/1219/531
f 976/1184/530 1003/1222/530 1001/1218/530
f 1003/1223/534 1006/1224/534 1004/1225/534
f 978/1188/533 1005/1226/533 1003/1223/533
f 1005/1226/568 1008/1227/568 1006/1224/568
f 980/1190/569 1007/1228/569 1005/1226/569
f 1007/1228/567 1010/1229/567 1008/1227/567
f 982/1193/565 1009/1230/565 1007/1228/565
f 1009/1230/566 1012/1231/566 1010/1229/566
f 1008/1227/570 1011/1232/570 1033/1233/570
f 1010/1229/598 1013/1234/598 1011/1232/598
f 1012/1204/596 1015/1235/596 1013/1236/596
f 1011/1232/597 1014/1237/597 1036/1238/597
f 1013/1236/595 1016/1239/595 1014/1240/595
f 1016/1239/593 1017/1241/593 1018/1242/593
f 1015/1235/594 992/1205/594 1017/1241/594
f 1018/1243/591 1019/1244/591 1020/1245/591
f 1017/1246/592 994/1208/592 1019/1244/592
f 1020/1245/589 1021/1247/589 1022/1248/589
f 1019/1244/590 996/1211/590 1021/1247/590
f 1022/1248/587 1023/1249/587 1024/1250/587
f 1021/1247/544 998/1213/544 1023/1249/544
f 1024/1250/541 1025/1251/541 1026/1252/541
f 1023/1249/542 1000/1215/542 1025/1251/542
f 1026/1253/539 1027/1254/539 1028/1255/539
f 1025/1256/540 1002/1219/540 1027/1254/540
f 1027/1254/538 1030/1257/538 1028/1255/538
f 1002/1219/536 1029/1258/536 1027/1254/536
f 1029/1259/537 1032/1260/537 1030/1261/537
f 1004/1225/535 1031/1262/535 1029/1259/535
f 1031/1262/573 1034/1263/573 1032/1260/573
f 1006/1224/571 1033/1233/571 1031/1262/571
f 1033/1233/572 1036/1238/572 1034/1263/572
f 1032/1260/575 1035/1264/575 1057/1265/575
f 1034/1263/574 1037/1266/574 1035/1264/574
f 1036/1238/600 1039/1267/600 1037/1266/600
f 1035/1264/603 1038/1268/603 1060/1269/603
f 1037/1270/602 1040/1271/602 1038/1272/602
f 1039/1273/601 1042/1274/601 1040/1271/601
f 1014/1275/599 1041/1276/599 1039/1273/599
f 1042/1274/815 1043/1277/815 1044/1278/815
f 1041/1276/626 1018/1279/626 1043/1277/626
f 1044/1280/623 1045/1281/623 1046/1282/623
f 1043/1283/624 1020/1245/624 1045/1281/624
f 1046/1282/621 1047/1284/621 1048/1285/621
f 1045/1281/588 1022/1248/588 1047/1284/588
f 1048/1285/585 1049/1286/585 1050/1287/585
f 1047/1284/586 1024/1250/586 1049/1286/586
f 1050/1287/583 1051/1288/583 1052/1289/583
f 1049/1286/584 1026/1252/584 1051/1288/584
f 1052/1290/581 1053/1291/581 1054/1292/581
f 1051/1293/582 1028/1294/582 1053/1291/582
f 1053/1291/816 1056/1295/816 1054/1292/816
f 1028/1294/580 1055/1296/580 1053/1291/580
f 1055/1297/578 1058/1298/578 1056/1299/578
f 1030/1261/576 1057/1265/576 1055/1297/576
f 1057/1265/577 1060/1269/577 1058/1298/577
f 1056/1295/610 1059/1300/610 1081/1301/610
f 1058/1298/606 1061/1302/606 1059/1303/606
f 1060/1269/605 1063/1304/605 1061/1302/605
f 1059/1303/608 1062/1305/608 1084/1306/608
f 1061/1302/607 1064/1307/607 1062/1305/607
f 1063/1308/631 1066/1309/631 1064/1310/631
f 1038/1272/604 1065/1311/604 1063/1308/604
f 1065/1311/630 1068/1312/630 1066/1309/630
f 1040/1271/628 1067/1313/628 1065/1311/628
f 1068/1312/629 1069/1314/629 1070/1315/629
f 1067/1313/627 1044/1278/627 1069/1314/627
f 1070/1315/653 1071/1316/653 1072/1317/653
f 1069/1314/622 1046/1318/622 1071/1316/622
f 1072/1319/619 1073/1320/619 1074/1321/619
f 1071/1322/620 1048/1285/620 1073/1320/620
f 1074/1321/617 1075/1323/617 1076/1324/617
f 1073/1320/618 1050/1287/618 1075/1323/618
f 1076/1325/615 1077/1326/615 1078/1327/615
f 1075/1328/616 1052/1290/616 1077/1326/616
f 1078/1327/613 1079/1329/613 1080/1330/613
f 1077/1326/614 1054/1292/614 1079/1329/614
f 1079/1329/611 1082/1331/611 1080/1330/611
f 1054/1292/612 1081/1301/612 1079/1329/612
f 1081/1301/609 1084/1332/609 1082/1331/609
f 1080/1330/642 1083/1333/642 1105/1334/642
f 1082/1331/640 1085/1335/640 1083/1333/640
f 1084/1306/638 1087/1336/638 1085/1337/638
f 1083/1333/639 1086/1338/639 1108/1339/639
f 1085/1337/637 1088/1340/637 1086/1341/637
f 1087/1336/636 1090/1342/636 1088/1340/636
f 1062/1305/634 1089/1343/634 1087/1336/634
f 1089/1344/635 1092/1345/635 1090/1346/635
f 1064/1310/633 1091/1347/633 1089/1344/633
f 1091/1347/656 1094/1348/656 1092/1345/656
f 1066/1309/632 1093/1349/632 1091/1347/632
f 1094/1348/655 1095/1350/655 1096/1351/655
f 1093/1349/654 1070/1315/654 1095/1350/654
f 1096/1351/651 1097/1352/651 1098/1353/651
f 1095/1350/652 1072/1317/652 1097/1352/652
f 1098/1354/649 1099/1355/649 1100/1356/649
f 1097/1357/650 1074/1321/650 1099/1355/650
f 1100/1356/647 1101/1358/647 1102/1359/647
f 1099/1355/648 1076/1324/648 1101/1358/648
f 1102/1360/645 1103/1361/645 1104/1362/645
f 1101/1363/646 1078/1327/646 1103/1361/646
f 1104/1362/643 1105/1334/643 1106/1364/643
f 1103/1361/644 1080/1330/644 1105/1334/644
f 1105/1334/641 1108/1339/641 1106/1364/641
f 1129/1365/671 1106/1364/671 1107/1366/671
f 1106/1364/669 1109/1367/669 1107/1366/669
f 1108/1339/667 1111/1368/667 1109/1367/667
f 1107/1366/668 1110/1369/668 1132/1370/668
f 1109/1367/666 1112/1371/666 1110/1369/666
f 1111/1372/664 1114/1373/664 1112/1374/664
f 1086/1341/665 1113/1375/665 1111/1372/665
f 1113/1375/662 1116/1376/662 1114/1373/662
f 1088/1340/663 1115/1377/663 1113/1375/663
f 1115/1378/661 1118/1379/661 1116/1380/661
f 1090/1346/659 1117/1381/659 1115/1378/659
f 1117/1381/660 1120/1382/660 1118/1379/660
f 1092/1345/658 1119/1383/658 1117/1381/658
f 1120/1382/680 1121/1384/680 1122/1385/680
f 1119/1383/657 1096/1351/657 1121/1384/657
f 1122/1385/678 1123/1386/678 1124/1387/678
f 1121/1384/679 1098/1353/679 1123/1386/679
f 1124/1388/676 1125/1389/676 1126/1390/676
f 1123/1391/677 1100/1356/677 1125/1389/677
f 1126/1390/674 1127/1392/674 1128/1393/674
f 1125/1389/675 1102/1359/675 1127/1392/675
f 1128/1394/672 1129/1365/672 1130/1395/672
f 1127/1396/673 1104/1362/673 1129/1365/673
f 1130/1395/670 1107/1366/670 1132/1370/670
f 1128/1394/699 1131/1397/699 1153/1398/699
f 1130/1395/697 1133/1399/697 1131/1397/697
f 1133/1399/695 1110/1369/695 1135/1400/695
f 1131/1397/696 1134/1401/696 1156/1402/696
f 1134/1401/694 1135/1400/694 1136/1403/694
f 1136/1403/692 1137/1404/692 1138/1405/692
f 1135/1400/693 1112/1371/693 1137/1404/693
f 1138/1406/690 1139/1407/690 1140/1408/690
f 1137/1409/691 1114/1373/691 1139/1407/691
f 1140/1408/688 1141/1410/688 1142/1411/688
f 1139/1407/689 1116/1376/689 1141/1410/689
f 1142/1412/686 1143/1413/686 1144/1414/686
f 1141/1415/687 1118/1379/687 1143/1413/687
f 1144/1414/685 1145/1416/685 1146/1417/685
f 1143/1413/683 1120/1382/683 1145/1416/683
f 1145/1416/684 1148/1418/684 1146/1417/684
f 1120/1382/682 1147/1419/682 1145/1416/682
f 1147/1419/704 1150/1420/704 1148/1418/704
f 1122/1385/681 1149/1421/681 1147/1419/681
f 1149/1422/702 1152/1423/702 1150/1424/702
f 1124/1388/703 1151/1425/703 1149/1422/703
f 1151/1425/700 1154/1426/700 1152/1423/700
f 1126/1390/701 1153/1427/701 1151/1425/701
f 1153/1398/698 1156/1402/698 1154/1428/698
f 1152/1423/727 1155/1429/727 1177/1430/727
f 1154/1428/725 1157/1431/725 1155/1432/725
f 1156/1402/723 1159/1433/723 1157/1431/723
f 1155/1432/724 1158/1434/724 1180/1435/724
f 1157/1431/817 1160/1436/817 1158/1434/817
f 1160/1436/720 1161/1437/720 1162/1438/720
f 1159/1433/721 1136/1403/721 1161/1437/721
f 1162/1438/718 1163/1439/718 1164/1440/718
f 1161/1437/719 1138/1405/719 1163/1439/719
f 1164/1441/716 1165/1442/716 1166/1443/716
f 1163/1444/717 1140/1408/717 1165/1442/717
f 1166/1443/714 1167/1445/714 1168/1446/714
f 1165/1442/715 1142/1411/715 1167/1445/715
f 1168/1447/712 1169/1448/712 1170/1449/712
f 1167/1450/713 1144/1414/713 1169/1448/713
f 1170/1449/710 1171/1451/710 1172/1452/710
f 1169/1448/711 1146/1417/711 1171/1451/711
f 1171/1451/709 1174/1453/709 1172/1452/709
f 1146/1417/707 1173/1454/707 1171/1451/707
f 1173/1454/708 1176/1455/708 1174/1453/708
f 1148/1418/706 1175/1456/706 1173/1454/706
f 1175/1457/728 1178/1458/728 1176/1459/728
f 1150/1424/705 1177/1430/705 1175/1457/705
f 1177/1430/726 1180/1460/726 1178/1458/726
f 1176/1459/730 1179/1461/730 1201/1462/730
f 1178/1458/729 1181/1463/729 1179/1461/729
f 1180/1435/751 1183/1464/751 1181/1465/751
f 1179/1461/752 1182/1466/752 1204/1467/752
f 1181/1463/750 1184/1468/750 1182/1466/750
f 1183/1464/748 1186/1469/748 1184/1470/748
f 1158/1434/749 1185/1471/749 1183/1464/749
f 1186/1469/746 1187/1472/746 1188/1473/746
f 1185/1471/747 1162/1438/747 1187/1472/747
f 1188/1474/818 1189/1475/818 1190/1476/818
f 1187/1472/745 1164/1440/745 1189/1477/745
f 1190/1476/742 1191/1478/742 1192/1479/742
f 1189/1475/743 1166/1443/743 1191/1478/743
f 1192/1479/740 1193/1480/740 1194/1481/740
f 1191/1478/741 1168/1446/741 1193/1480/741
f 1194/1481/738 1195/1482/738 1196/1483/738
f 1193/1480/739 1170/1484/739 1195/1482/739
f 1196/1485/736 1197/1486/736 1198/1487/736
f 1195/1488/737 1172/1452/737 1197/1489/737
f 1197/1486/734 1200/1490/734 1198/1487/734
f 1172/1452/735 1199/1491/735 1197/1489/735
f 1199/1492/819 1202/1493/819 1200/1494/819
f 1174/1495/731 1201/1462/731 1199/1492/731
f 1201/1462/732 1204/1467/732 1202/1493/732
f 1200/1494/759 1203/1496/759 1225/1497/759
f 1202/1493/755 1205/1498/755 1203/1496/755
f 1204/1467/754 1207/1499/754 1205/1498/754
f 1203/1496/757 1206/1500/757 1228/1501/757
f 1205/1498/756 1208/1502/756 1206/1500/756
f 1207/1499/776 1210/1503/776 1208/1502/776
f 1182/1466/753 1209/1504/753 1207/1499/753
f 1209/1505/774 1212/1506/774 1210/1507/774
f 1184/1470/820 1211/1508/820 1209/1509/820
f 1212/1506/772 1213/1510/772 1214/1511/772
f 1211/1508/773 1188/1473/773 1213/1512/773
f 1214/1513/770 1215/1514/770 1216/1515/770
f 1213/1516/771 1190/1476/771 1215/1514/771
f 1216/1515/768 1217/1517/768 1218/1518/768
f 1215/1514/769 1192/1479/769 1217/1517/769
f 1218/1518/766 1219/1519/766 1220/1520/766
f 1217/1517/767 1194/1481/767 1219/1519/767
f 1220/1520/764 1221/1521/764 1222/1522/764
f 1219/1519/765 1196/1483/765 1221/1521/765
f 1222/1523/762 1223/1524/762 1224/1525/762
f 1221/1526/763 1198/1487/763 1223/1524/763
f 1223/1524/760 1226/1527/760 1224/1525/760
f 1198/1487/761 1225/1528/761 1223/1524/761
f 1225/1528/758 1228/1529/758 1226/1527/758
f 1224/1525/787 1227/1530/787 1249/1531/787
f 1226/1527/785 1229/1532/785 1227/1530/785
f 1228/1501/783 1231/1533/783 1229/1534/783
f 1227/1530/784 1230/1535/784 1251/1536/784
f 1229/1534/782 1232/1537/782 1230/1538/782
f 1231/1533/781 1234/1539/781 1232/1537/781
f 1206/1500/779 1233/1540/779 1231/1533/779
f 1233/1540/780 1236/1541/780 1234/1539/780
f 1208/1502/778 1235/1542/778 1233/1540/778
f 1235/1543/800 1238/1544/800 1236/1545/800
f 1210/1507/777 1237/1546/777 1235/1543/777
f 1238/1544/798 1239/1547/798 1240/1548/798
f 1237/1546/799 1214/1511/799 1239/1547/799
f 1240/1549/796 1241/1550/796 1242/1551/796
f 1239/1552/797 1216/1515/797 1241/1550/797
f 1242/1551/794 1243/1553/794 1244/1554/794
f 1241/1550/795 1218/1518/795 1243/1553/795
f 1244/1554/792 1245/1555/792 1246/1556/792
f 1243/1553/793 1220/1520/793 1245/1555/793
f 1246/1556/790 1247/1557/790 1248/1558/790
f 1245/1555/791 1222/1522/791 1247/1557/791
f 1248/1559/788 1249/1531/788 1250/1560/788
f 1247/1561/789 1224/1525/789 1249/1531/789
f 1249/1531/786 1251/1536/786 1250/1560/786
f 1253/1562/808 1250/1560/808 684/782/808
f 1250/1560/807 1252/817/807 684/782/807
f 1251/1536/806 707/1563/806 1252/817/806
f 1254/1564/810 1248/1558/810 1253/1565/810
f 1256/789/809 1253/1565/809 685/1566/809
f 1255/843/812 1246/1556/812 1254/1564/812
f 726/844/811 1254/1564/811 1256/789/811
f 725/1567/813 1244/1554/813 1255/843/813
f 723/837/814 1242/1568/814 725/839/814
f 721/1569/801 1240/1548/801 723/837/801
f 1236/1545/802 721/1569/802 1257/835/802
f 1234/1539/803 1257/1570/803 711/823/803
f 1232/1537/804 711/823/804 709/820/804
f 1230/1538/805 709/820/805 707/819/805
f 1258/1571/821 1262/1572/821 1259/1573/821
f 1263/1574/822 1258/1571/822 1260/1575/822
f 1261/1576/823 1265/1577/823 1262/1572/823
f 1266/1578/824 1261/1576/824 1263/1574/824
f 1264/1579/825 1268/1580/825 1265/1577/825
f 1269/1581/826 1264/1579/826 1266/1578/826
f 1267/1582/827 1271/1583/827 1268/1580/827
f 1272/1584/828 1267/1582/828 1269/1581/828
f 1270/1585/829 1274/1586/829 1271/1583/829
f 1275/1587/830 1270/1585/830 1272/1584/830
f 1273/1588/831 1277/1589/831 1274/1586/831
f 1278/1590/832 1273/1588/832 1275/1587/832
f 1279/1591/833 1277/1589/833 1276/1592/833
f 1278/1590/834 1279/1591/834 1276/1592/834
f 1282/1593/835 1280/1594/835 1279/1595/835
f 1281/1596/836 1282/1593/836 1279/1595/836
f 1285/1597/837 1283/1598/837 1282/1593/837
f 1284/1599/838 1285/1597/838 1282/1593/838
f 1288/1600/839 1286/1601/839 1285/1597/839
f 1287/1602/840 1288/1600/840 1285/1597/840
f 1291/1603/841 1289/1604/841 1288/1600/841
f 1290/1605/842 1291/1603/842 1288/1600/842
f 1294/1606/843 1292/1607/843 1291/1603/843
f 1293/1608/844 1294/1606/844 1291/1603/844
f 1297/1609/845 1295/1610/845 1294/1606/845
f 1296/1611/846 1297/1609/846 1294/1606/846
f 1300/1612/847 1298/1613/847 1297/1609/847
f 1299/1614/848 1300/1612/848 1297/1609/848
f 1303/1615/849 1301/1616/849 1300/1612/849
f 1302/1617/850 1303/1615/850 1300/1612/850
f 1308/1618/851 1305/1619/851 1302/1620/851
f 1309/1621/852 1306/1622/852 1308/1618/852
f 1311/1623/853 1308/1618/853 1310/1624/853
f 1310/1624/854 1302/1620/854 1299/1625/854
f 1313/1626/855 1310/1624/855 1312/1627/855
f 1312/1627/856 1299/1625/856 1296/1628/856
f 1315/1629/857 1312/1627/857 1314/1630/857
f 1314/1630/858 1296/1628/858 1293/1631/858
f 1317/1632/859 1314/1630/859 1316/1633/859
f 1316/1633/860 1293/1631/860 1290/1634/860
f 1319/1635/861 1316/1633/861 1318/1636/861
f 1318/1636/862 1290/1634/862 1287/1637/862
f 1321/1638/863 1318/1636/863 1320/1639/863
f 1320/1639/864 1287/1637/864 1284/1640/864
f 1323/1641/865 1320/1639/865 1322/1642/865
f 1322/1642/866 1284/1640/866 1281/1643/866
f 1325/1644/867 1322/1642/867 1324/1645/867
f 1324/1645/868 1281/1643/868 1278/1646/868
f 1325/1644/869 1326/1647/869 1327/1648/869
f 1324/1645/870 1275/1649/870 1326/1647/870
f 1327/1648/871 1328/1650/871 1329/1651/871
f 1326/1647/872 1272/1652/872 1328/1650/872
f 1329/1651/873 1330/1653/873 1331/1654/873
f 1328/1650/874 1269/1655/874 1330/1653/874
f 1331/1654/875 1332/1656/875 1333/1657/875
f 1330/1653/876 1266/1658/876 1332/1656/876
f 1333/1657/877 1334/1659/877 1335/1660/877
f 1332/1656/878 1263/1661/878 1334/1659/878
f 1335/1660/879 1336/1662/879 1337/1663/879
f 1334/1659/880 1260/1664/880 1336/1662/880
f 1340/1665/881 1337/1663/881 1338/1666/881
f 1341/1667/882 1338/1666/882 1339/1668/882
f 1343/1669/883 1340/1665/883 1341/1667/883
f 1342/1670/884 1335/1660/884 1340/1665/884
f 1345/1671/885 1342/1670/885 1343/1669/885
f 1344/1672/886 1333/1657/886 1342/1670/886
f 1347/1673/887 1344/1672/887 1345/1671/887
f 1346/1674/888 1331/1654/888 1344/1672/888
f 1349/1675/889 1346/1674/889 1347/1673/889
f 1348/1676/890 1329/1651/890 1346/1674/890
f 1351/1677/891 1348/1676/891 1349/1675/891
f 1350/1678/892 1327/1648/892 1348/1676/892
f 1351/1677/893 1352/1679/893 1350/1678/893
f 1350/1678/894 1323/1641/894 1325/1644/894
f 1353/1680/895 1354/1681/895 1352/1679/895
f 1352/1679/896 1321/1638/896 1323/1641/896
f 1355/1682/897 1356/1683/897 1354/1681/897
f 1354/1681/898 1319/1635/898 1321/1638/898
f 1357/1684/899 1358/1685/899 1356/1683/899
f 1356/1683/900 1317/1632/900 1319/1635/900
f 1359/1686/901 1360/1687/901 1358/1685/901
f 1358/1685/902 1315/1629/902 1317/1632/902
f 1361/1688/903 1362/1689/903 1360/1687/903
f 1360/1687/904 1313/1626/904 1315/1629/904
f 1363/1690/905 1364/1691/905 1362/1689/905
f 1362/1689/906 1311/1623/906 1313/1626/906
f 1365/1692/907 1366/1693/907 1364/1691/907
f 1364/1691/908 1309/1621/908 1311/1623/908
f 1367/1694/909 1368/1695/909 1366/1693/909
f 1366/1693/910 1307/1696/910 1309/1621/910
f 1372/1697/911 1369/1698/911 1367/1699/911
f 1371/1700/912 1372/1697/912 1373/1701/912
f 1373/1701/913 1374/1702/913 1375/1703/913
f 1374/1702/914 1367/1699/914 1365/1704/914
f 1375/1703/915 1376/1705/915 1377/1706/915
f 1376/1705/916 1365/1704/916 1363/1707/916
f 1377/1706/917 1378/1708/917 1379/1709/917
f 1378/1708/918 1363/1707/918 1361/1710/918
f 1379/1709/919 1380/1711/919 1381/1712/919
f 1380/1711/920 1361/1710/920 1359/1713/920
f 1381/1712/921 1382/1714/921 1383/1715/921
f 1382/1714/922 1359/1713/922 1357/1716/922
f 1383/1715/923 1384/1717/923 1385/1718/923
f 1384/1717/924 1357/1716/924 1355/1719/924
f 1385/1718/925 1386/1720/925 1387/1721/925
f 1386/1720/926 1355/1719/926 1353/1722/926
f 1387/1721/927 1388/1723/927 1389/1724/927
f 1388/1723/928 1353/1722/928 1351/1725/928
f 1391/1726/929 1388/1727/929 1390/1728/929
f 1388/1727/930 1349/1729/930 1390/1728/930
f 1393/1730/931 1390/1728/931 1392/1731/931
f 1390/1728/932 1347/1732/932 1392/1731/932
f 1395/1733/933 1392/1731/933 1394/1734/933
f 1392/1731/934 1345/1735/934 1394/1734/934
f 1397/1736/935 1394/1734/935 1396/1737/935
f 1394/1734/936 1343/1738/936 1396/1737/936
f 1399/1739/937 1396/1737/937 1398/1740/937
f 1396/1737/938 1341/1741/938 1398/1740/938
f 1401/1742/939 1398/1740/939 1400/1743/939
f 1398/1740/940 1339/1744/940 1400/1743/940
f 1402/1745/941 1399/1746/941 1401/1747/941
f 1403/1748/942 1404/1749/942 1402/1745/942
f 1405/1750/943 1406/1751/943 1404/1749/943
f 1404/1749/944 1397/1752/944 1399/1746/944
f 1407/1753/945 1408/1754/945 1406/1751/945
f 1406/1751/946 1395/1755/946 1397/1752/946
f 1409/1756/947 1410/1757/947 1408/1754/947
f 1408/1754/948 1393/1758/948 1395/1755/948
f 1411/1759/949 1412/1760/949 1410/1757/949
f 1410/1757/950 1391/1761/950 1393/1758/950
f 1413/1762/951 1414/1763/951 1412/1760/951
f 1412/1760/952 1389/1764/952 1391/1761/952
f 1417/1765/953 1414/1763/953 1415/1766/953
f 1416/1767/954 1389/1764/954 1414/1763/954
f 1419/1768/955 1416/1767/955 1417/1765/955
f 1418/1769/956 1387/1770/956 1416/1767/956
f 1421/1771/957 1418/1769/957 1419/1768/957
f 1420/1772/958 1385/1773/958 1418/1769/958
f 1423/1774/959 1420/1772/959 1421/1771/959
f 1422/1775/960 1383/1776/960 1420/1772/960
f 1425/1777/961 1422/1775/961 1423/1774/961
f 1424/1778/962 1381/1779/962 1422/1775/962
f 1427/1780/963 1424/1778/963 1425/1777/963
f 1426/1781/964 1379/1782/964 1424/1778/964
f 1429/1783/965 1426/1781/965 1427/1780/965
f 1428/1784/966 1377/1785/966 1426/1781/966
f 1431/1786/967 1428/1784/967 1429/1783/967
f 1430/1787/968 1375/1788/968 1428/1784/968
f 1433/1789/969 1430/1787/969 1431/1786/969
f 1432/1790/970 1373/1791/970 1430/1787/970
f 1434/1792/971 1431/1786/971 1435/1793/971
f 1304/1794/972 1435/1793/972 1301/1795/972
f 1301/1795/973 1436/1796/973 1298/1797/973
f 1435/1793/974 1429/1783/974 1436/1796/974
f 1298/1797/975 1437/1798/975 1295/1799/975
f 1436/1796/976 1427/1780/976 1437/1798/976
f 1295/1799/977 1438/1800/977 1292/1801/977
f 1437/1798/978 1425/1777/978 1438/1800/978
f 1292/1801/979 1439/1802/979 1289/1803/979
f 1438/1800/980 1423/1774/980 1439/1802/980
f 1289/1803/981 1440/1804/981 1286/1805/981
f 1439/1802/982 1421/1771/982 1440/1804/982
f 1286/1805/983 1441/1806/983 1283/1807/983
f 1440/1804/984 1419/1768/984 1441/1806/984
f 1283/1807/985 1442/1808/985 1280/1809/985
f 1441/1806/986 1417/1765/986 1442/1808/986
f 1280/1809/987 1443/1810/987 1277/1811/987
f 1442/1808/988 1415/1766/988 1443/1810/988
f 1274/1812/989 1443/1810/989 1444/1813/989
f 1444/1813/990 1415/1766/990 1413/1762/990
f 1271/1814/991 1444/1813/991 1445/1815/991
f 1445/1815/992 1413/1762/992 1411/1759/992
f 1268/1816/993 1445/1815/993 1446/1817/993
f 1446/1817/994 1411/1759/994 1409/1756/994
f 1265/1818/995 1446/1817/995 1447/1819/995
f 1447/1819/996 1409/1756/996 1407/1753/996
f 1262/1820/997 1447/1819/997 1448/1821/997
f 1448/1821/998 1407/1753/998 1405/1750/998
f 1259/1822/999 1448/1821/999 1449/1823/999
f 1449/1823/1000 1405/1750/1000 1403/1748/1000
f 1451/1824/72 1453/1825/72 1450/1826/72
f 1452/1827/1001 1451/1828/1001 1450/1829/1001
f 1455/1830/1002 1450/1831/1002 1453/1832/1002
f 1454/1833/1003 1455/1834/1003 1453/1835/1003
f 1457/1836/1004 1455/1837/1004 1456/1838/1004
f 1457/1839/1005 1454/1840/1005 1451/1841/1005
f 4/1842/1006 1/1843/1006 2/1844/1006
f 2/1844/1 61/1845/1 4/1842/1
f 61/1845/1 60/3/1 5/2/1
f 4/1842/1 61/1845/1 5/2/1
f 60/3/1 59/1846/1 11/1847/1
f 59/1846/1 58/1848/1 12/1849/1
f 58/1848/1 53/1850/1 12/1849/1
f 53/1850/1 52/1851/1 13/1852/1
f 12/1849/1 53/1850/1 13/1852/1
f 52/1851/1 51/1853/1 19/1854/1
f 51/1853/1 50/1855/1 20/1856/1
f 50/1855/1 45/1857/1 20/1856/1
f 45/1857/1 44/1858/1 21/1859/1
f 20/1856/1 45/1857/1 21/1859/1
f 44/1858/1 43/1860/1 27/1861/1
f 43/1860/1 42/1862/1 28/1863/1
f 42/1862/1 37/1864/1 28/1863/1
f 37/1864/1 36/1865/1 29/1866/1
f 28/1863/1 37/1864/1 29/1866/1
f 36/1865/1006 35/1867/1006 34/1868/1006
f 34/1868/1 29/1866/1 36/1865/1
f 28/1863/1 27/1861/1 43/1860/1
f 27/1861/1 26/1869/1 44/1858/1
f 26/1869/1 21/1859/1 44/1858/1
f 20/1856/1 19/1854/1 51/1853/1
f 19/1854/1 18/1870/1 52/1851/1
f 18/1870/1 13/1852/1 52/1851/1
f 12/1849/1 11/1847/1 59/1846/1
f 11/1847/1 10/1/1 60/3/1
f 1/4/2 3/1871/2 64/5/2
f 6/7/3 3/1871/3 1/4/3
f 7/9/4 6/7/4 4/8/4
f 63/1872/1007 64/1873/1007 6/1874/1007
f 64/1873/5 3/1875/5 6/1874/5
f 6/1874/5 7/1876/5 63/1872/5
f 7/1876/5 8/1877/5 63/1872/5
f 8/1877/1007 9/13/1007 62/12/1007
f 63/1872/5 8/1877/5 62/12/5
f 9/13/5 14/1878/5 57/11/5
f 14/1878/5 15/1879/5 56/1880/5
f 57/11/5 14/1878/5 56/1880/5
f 15/1879/5 16/1881/5 54/1882/5
f 16/1881/5 17/1883/5 49/1884/5
f 17/1883/5 22/1885/5 48/1886/5
f 22/1885/5 23/1887/5 47/1888/5
f 23/1887/5 24/1889/5 47/1888/5
f 24/1889/5 25/1890/5 46/1891/5
f 47/1888/1007 24/1889/1007 46/1891/1007
f 25/1890/5 30/1892/5 41/1893/5
f 30/1892/5 31/1894/5 40/1895/5
f 41/1893/5 30/1892/5 40/1895/5
f 31/1894/1007 32/1896/1007 38/1897/1007
f 32/1896/5 33/1898/5 38/1897/5
f 38/1897/1008 39/1899/1008 31/1894/1008
f 39/1899/1007 40/1895/1007 31/1894/1007
f 41/1893/1007 46/1891/1007 25/1890/1007
f 47/1888/5 48/1886/5 22/1885/5
f 48/1886/5 49/1884/5 17/1883/5
f 49/1884/5 54/1882/5 16/1881/5
f 54/1882/5 55/1900/5 15/1879/5
f 55/1900/5 56/1880/5 15/1879/5
f 10/14/6 8/16/6 7/9/6
f 11/15/7 9/1901/7 8/16/7
f 14/17/8 9/1902/8 11/18/8
f 13/20/9 15/1903/9 14/17/9
f 16/21/10 15/1903/10 13/20/10
f 17/23/11 16/21/11 18/22/11
f 22/25/12 17/23/12 19/24/12
f 21/27/13 23/1904/13 22/25/13
f 24/28/14 23/1904/14 21/27/14
f 25/30/15 24/28/15 26/29/15
f 28/32/16 30/1905/16 25/33/16
f 31/35/17 30/1905/17 28/32/17
f 34/37/18 32/1906/18 31/35/18
f 33/38/19 32/1906/19 34/37/19
f 38/40/20 33/38/20 35/39/20
f 37/42/21 39/1907/21 38/40/21
f 40/43/22 39/1907/22 37/42/22
f 41/45/23 40/43/23 42/44/23
f 44/47/24 46/1908/24 41/48/24
f 47/50/25 46/1908/25 44/47/25
f 50/52/26 48/1909/26 47/50/26
f 49/53/27 48/1909/27 50/52/27
f 52/55/28 54/1910/28 49/53/28
f 55/56/29 54/1910/29 52/55/29
f 58/58/30 56/1911/30 55/56/30
f 57/59/31 56/1911/31 58/58/31
f 62/61/32 57/1912/32 59/62/32
f 63/64/33 62/61/33 60/63/33
f 64/5/1009 63/64/1009 61/65/1009
f 66/66/35 68/69/35 67/67/35
f 68/69/36 70/71/36 69/70/36
f 70/71/37 72/73/37 71/72/37
f 72/73/38 74/1913/38 73/74/38
f 74/75/39 76/78/39 75/76/39
f 76/78/40 78/80/40 77/79/40
f 78/80/1010 80/1914/1010 79/81/1010
f 79/81/1011 80/1914/1011 82/82/1011
f 82/82/1012 84/1915/1012 83/84/1012
f 83/84/1013 84/1915/1013 86/85/1013
f 86/85/45 88/88/45 87/87/45
f 88/88/46 90/1916/46 89/89/46
f 90/90/47 92/93/47 91/91/47
f 92/93/48 94/95/48 93/94/48
f 94/95/49 96/97/49 95/96/49
f 96/97/50 98/1917/50 97/98/50
f 97/98/51 98/1917/51 100/99/51
f 99/100/52 100/99/52 102/101/52
f 101/102/53 102/101/53 104/103/53
f 103/104/54 104/103/54 106/105/54
f 105/107/55 106/1918/55 108/108/55
f 107/109/56 108/108/56 110/110/56
f 109/111/1014 110/110/1014 112/112/1014
f 111/113/1015 112/112/1015 114/114/1015
f 113/115/59 114/114/59 116/116/59
f 116/116/1016 118/1919/1016 117/118/1016
f 117/118/1017 118/1919/1017 120/119/1017
f 119/120/62 120/119/62 122/121/62
f 121/123/63 122/1920/63 124/124/63
f 123/125/64 124/124/64 126/126/64
f 70/1921/1018 68/1922/1018 80/1923/1018
f 68/1922/1019 66/1924/1019 118/1925/1019
f 66/1924/1020 128/1926/1020 118/1925/1020
f 128/1926/1021 126/1927/1021 118/1925/1021
f 126/1927/1022 124/1928/1022 118/1925/1022
f 124/1928/1023 122/1929/1023 118/1925/1023
f 122/1929/1024 120/1930/1024 118/1925/1024
f 118/1925/1025 116/1931/1025 114/1932/1025
f 112/128/65 110/1933/65 108/1934/65
f 118/1925/1026 114/1932/1026 112/128/1026
f 68/1922/1027 118/1925/1027 84/130/1027
f 74/1935/1028 72/1936/1028 80/1923/1028
f 72/1936/1029 70/1921/1029 80/1923/1029
f 78/1937/1030 76/1938/1030 80/1923/1030
f 76/1938/1031 74/1935/1031 80/1923/1031
f 84/130/1032 82/1939/1032 80/1923/1032
f 80/1923/1033 68/1922/1033 84/130/1033
f 118/1925/1034 112/128/1034 84/130/1034
f 112/128/65 108/1934/65 106/1940/65
f 106/1940/65 104/1941/65 112/128/65
f 104/1941/65 102/1942/65 112/128/65
f 102/1942/65 100/1943/65 112/128/65
f 100/1943/65 98/129/65 112/128/65
f 98/129/65 96/1944/65 84/130/65
f 96/1944/65 94/1945/65 84/130/65
f 94/1945/65 92/1946/65 84/130/65
f 92/1946/65 90/1947/65 84/130/65
f 90/1947/65 88/1948/65 84/130/65
f 88/1948/65 86/1949/65 84/130/65
f 125/127/66 126/126/66 128/131/66
f 127/132/67 128/131/67 66/66/67
f 127/134/1035 65/1950/1035 67/1951/1035
f 67/1951/68 69/1952/68 71/1953/68
f 71/1953/68 73/1954/68 75/1955/68
f 75/1955/68 77/1956/68 79/135/68
f 79/135/68 81/1957/68 83/1958/68
f 83/1958/68 85/1959/68 87/1960/68
f 87/1960/68 89/1961/68 91/1962/68
f 91/1962/68 93/1963/68 95/1964/68
f 95/1964/68 97/1965/68 103/1966/68
f 97/1965/68 99/1967/68 103/1966/68
f 99/1967/68 101/1968/68 103/1966/68
f 103/1966/68 105/1969/68 107/1970/68
f 107/1970/68 109/1971/68 111/1972/68
f 111/1972/68 113/1973/68 119/133/68
f 113/1973/68 115/1974/68 119/133/68
f 115/1974/68 117/1975/68 119/133/68
f 119/133/68 121/1976/68 123/1977/68
f 123/1977/68 125/1978/68 127/134/68
f 127/134/68 67/1951/68 71/1953/68
f 71/1953/68 75/1955/68 127/134/68
f 75/1955/68 79/135/68 127/134/68
f 79/135/68 83/1958/68 111/1972/68
f 83/1958/68 87/1960/68 111/1972/68
f 87/1960/68 91/1962/68 95/1964/68
f 103/1966/68 107/1970/68 95/1964/68
f 107/1970/68 111/1972/68 95/1964/68
f 119/133/68 123/1977/68 127/134/68
f 87/1960/68 95/1964/68 111/1972/68
f 111/1972/68 119/133/68 79/135/68
f 129/138/69 130/1979/69 136/1980/69
f 136/1980/69 133/136/69 129/138/69
f 149/139/1036 150/1981/1036 132/140/1036
f 150/1981/1037 152/160/1037 132/140/1037
f 135/1982/1038 146/1983/1038 131/137/1038
f 146/1983/1039 149/139/1039 131/137/1039
f 131/137/1040 133/136/1040 135/1982/1040
f 134/141/1041 133/145/1041 136/142/1041
f 144/144/72 135/1984/72 133/145/72
f 134/148/1042 137/1985/1042 139/146/1042
f 137/1985/1043 138/1986/1043 139/146/1043
f 139/146/73 140/150/73 142/147/73
f 140/150/343 141/169/343 145/1987/343
f 145/1987/1044 143/149/1044 140/150/1044
f 142/147/1045 143/149/1045 144/151/1045
f 143/152/1046 146/155/1046 135/153/1046
f 146/155/77 143/152/77 147/156/77
f 150/1981/1047 151/1988/1047 152/160/1047
f 151/1988/1048 157/158/1048 152/160/1048
f 157/158/1049 156/1989/1049 153/159/1049
f 152/160/79 153/159/79 155/161/79
f 157/165/1050 151/1990/1050 164/1991/1050
f 162/163/80 159/1992/80 158/164/80
f 157/165/1051 164/1991/1051 162/163/1051
f 158/166/1052 159/1993/1052 161/167/1052
f 162/171/1053 164/1994/1053 141/169/1053
f 164/1994/1054 165/1995/1054 141/169/1054
f 166/1996/1054 145/1987/1054 141/169/1054
f 165/1995/1054 166/1996/1054 141/169/1054
f 167/170/1055 163/1997/1055 162/171/1055
f 167/170/83 141/169/83 169/172/83
f 226/207/116 225/174/116 194/176/116
f 228/209/117 224/206/117 225/174/117
f 227/210/118 226/207/118 229/208/118
f 290/212/119 228/209/119 226/207/119
f 229/208/120 194/176/120 195/177/120
f 230/211/121 229/208/121 231/213/121
f 231/213/122 195/177/122 196/178/122
f 232/214/123 231/213/123 233/215/123
f 233/215/124 196/178/124 197/179/124
f 234/216/125 233/215/125 235/217/125
f 197/179/126 198/180/126 237/219/126
f 236/218/127 235/217/127 237/219/127
f 198/180/128 199/181/128 239/221/128
f 237/219/129 239/221/129 240/222/129
f 199/181/130 200/182/130 241/223/130
f 239/221/131 241/223/131 242/224/131
f 200/182/132 201/183/132 243/225/132
f 241/223/1056 243/225/1056 244/226/1056
f 201/183/134 202/184/134 245/227/134
f 243/225/135 245/227/135 246/228/135
f 202/184/136 203/185/136 247/229/136
f 245/227/137 247/229/137 248/230/137
f 203/185/138 204/186/138 249/231/138
f 247/229/139 249/231/139 250/232/139
f 204/186/140 205/187/140 251/233/140
f 249/231/141 251/233/141 252/234/141
f 205/187/142 206/188/142 253/235/142
f 251/233/143 253/235/143 254/236/143
f 206/188/144 207/189/144 255/237/144
f 253/235/145 255/237/145 256/238/145
f 207/189/146 208/190/146 257/239/146
f 255/237/147 257/239/147 258/240/147
f 208/190/148 209/191/148 259/241/148
f 257/239/149 259/241/149 260/242/149
f 209/191/1057 210/192/1057 261/243/1057
f 259/241/151 261/243/151 262/244/151
f 210/192/152 211/193/152 263/245/152
f 261/243/153 263/245/153 264/246/153
f 211/193/154 212/194/154 265/247/154
f 263/245/155 265/247/155 266/248/155
f 212/194/156 213/195/156 267/249/156
f 265/247/1058 267/249/1058 268/250/1058
f 213/195/1059 214/196/1059 269/251/1059
f 267/249/159 269/251/159 270/252/159
f 214/196/160 215/197/160 271/253/160
f 269/251/161 271/253/161 272/254/161
f 215/197/162 216/198/162 273/255/162
f 271/253/163 273/255/163 274/256/163
f 216/198/164 217/199/164 275/257/164
f 273/255/165 275/257/165 276/258/165
f 275/257/166 217/199/166 218/200/166
f 276/258/167 275/257/167 277/259/167
f 277/259/168 218/200/168 219/201/168
f 278/260/169 277/259/169 279/261/169
f 279/261/170 219/201/170 220/202/170
f 280/262/171 279/261/171 281/263/171
f 281/263/172 220/202/172 221/203/172
f 282/264/173 281/263/173 283/265/173
f 283/265/174 221/203/174 222/204/174
f 284/266/175 283/265/175 285/267/175
f 285/267/176 222/204/176 223/205/176
f 286/268/177 285/267/177 287/269/177
f 287/269/178 223/205/178 224/206/178
f 288/270/179 287/269/179 228/209/179
f 289/271/180 288/270/180 290/212/180
f 351/273/181 286/268/181 288/270/181
f 291/272/182 290/212/182 227/210/182
f 292/275/1060 291/272/1060 293/274/1060
f 354/277/184 289/271/184 291/272/184
f 293/274/185 227/210/185 230/211/185
f 294/276/186 293/274/186 295/278/186
f 295/278/187 230/211/187 232/214/187
f 296/279/188 295/278/188 297/280/188
f 297/280/189 232/214/189 234/216/189
f 298/281/190 297/280/190 299/282/190
f 299/282/191 234/216/191 236/218/191
f 300/283/192 299/282/192 301/284/192
f 301/284/193 236/218/193 238/220/193
f 302/285/194 301/284/194 303/286/194
f 303/286/195 238/220/195 240/222/195
f 304/287/196 303/286/196 305/288/196
f 240/222/197 242/224/197 307/290/197
f 305/288/198 307/290/198 308/291/198
f 242/224/199 244/226/199 309/292/199
f 307/293/200 309/297/200 310/294/200
f 244/226/201 246/228/201 311/296/201
f 309/297/202 311/300/202 312/298/202
f 246/228/203 248/230/203 313/299/203
f 311/300/204 313/303/204 314/301/204
f 248/230/205 250/232/205 315/302/205
f 313/303/206 315/306/206 316/304/206
f 250/232/207 252/234/207 317/305/207
f 315/306/208 317/1998/208 318/307/208
f 252/234/209 254/236/209 319/308/209
f 317/305/210 319/308/210 320/309/210
f 254/236/211 256/238/211 321/311/211
f 319/308/212 321/311/212 322/312/212
f 256/238/1061 258/240/1061 323/313/1061
f 321/314/214 323/318/214 324/315/214
f 258/240/215 260/242/215 325/317/215
f 323/318/216 325/321/216 326/319/216
f 260/242/217 262/244/217 327/320/217
f 325/321/218 327/324/218 328/322/218
f 262/244/219 264/246/219 329/323/219
f 327/324/220 329/327/220 330/325/220
f 264/246/221 266/248/221 331/326/221
f 329/327/222 331/330/222 332/328/222
f 266/248/223 268/250/223 333/329/223
f 331/330/224 333/1999/224 334/331/224
f 268/250/225 270/252/225 335/332/225
f 333/329/226 335/332/226 336/333/226
f 270/252/227 272/254/227 337/335/227
f 335/332/228 337/335/228 338/336/228
f 272/254/229 274/256/229 339/337/229
f 337/335/230 339/337/230 340/338/230
f 339/337/231 274/256/231 276/258/231
f 340/338/232 339/337/232 341/339/232
f 341/339/233 276/258/233 278/260/233
f 342/342/234 341/2000/234 343/343/234
f 343/341/235 278/260/235 280/262/235
f 344/344/236 343/343/236 345/346/236
f 345/345/237 280/262/237 282/264/237
f 346/349/238 345/345/238 347/348/238
f 347/348/239 282/264/239 284/266/239
f 348/350/240 347/348/240 349/351/240
f 349/351/1062 284/266/1062 286/268/1062
f 350/352/242 349/351/242 351/273/242
f 352/353/243 351/273/243 289/271/243
f 353/354/244 352/353/244 354/277/244
f 415/356/245 350/439/245 352/357/245
f 355/359/246 354/2001/246 292/360/246
f 356/362/247 355/359/247 357/361/247
f 417/364/248 353/2002/248 355/359/248
f 357/361/249 292/360/249 294/365/249
f 358/363/250 357/361/250 359/366/250
f 359/366/251 294/365/251 296/368/251
f 360/367/1063 359/366/1063 361/369/1063
f 361/369/253 296/368/253 298/371/253
f 362/370/254 361/369/254 363/372/254
f 363/372/255 298/371/255 300/374/255
f 364/373/256 363/372/256 365/375/256
f 365/375/257 300/374/257 302/377/257
f 366/376/258 365/375/258 367/378/258
f 367/380/259 302/2003/259 304/381/259
f 368/379/260 367/378/260 369/383/260
f 369/382/261 304/381/261 306/385/261
f 370/387/1064 369/382/1064 371/386/1064
f 306/385/263 308/295/263 373/389/263
f 371/386/264 373/389/264 374/390/264
f 308/295/265 310/294/265 375/391/265
f 373/389/266 375/391/266 376/392/266
f 310/294/267 312/298/267 377/393/267
f 375/391/268 377/393/268 378/394/268
f 312/298/269 314/301/269 379/395/269
f 377/393/270 379/395/270 380/396/270
f 314/301/271 316/304/271 381/397/271
f 379/395/272 381/397/272 382/398/272
f 316/304/273 318/307/273 383/399/273
f 381/397/274 383/399/274 384/400/274
f 318/307/275 320/2004/275 385/401/275
f 383/399/276 385/401/276 386/402/276
f 320/403/277 322/316/277 387/404/277
f 385/405/278 387/404/278 388/406/278
f 322/316/279 324/315/279 389/408/279
f 387/404/280 389/408/280 390/409/280
f 324/315/281 326/319/281 391/410/281
f 389/408/282 391/410/282 392/411/282
f 326/319/283 328/322/283 393/412/283
f 391/410/284 393/412/284 394/413/284
f 328/322/285 330/325/285 395/414/285
f 393/412/286 395/414/286 396/415/286
f 330/325/287 332/328/287 397/416/287
f 395/414/288 397/416/288 398/417/288
f 332/328/289 334/331/289 399/418/289
f 397/416/290 399/418/290 400/419/290
f 334/331/291 336/2005/291 401/420/291
f 399/418/292 401/420/292 402/421/292
f 336/422/293 338/427/293 403/423/293
f 401/424/294 403/423/294 404/425/294
f 338/427/295 340/2006/295 405/428/295
f 403/423/296 405/428/296 406/429/296
f 405/428/297 340/2006/297 342/342/297
f 406/429/298 405/428/298 407/430/298
f 407/430/299 342/342/299 344/344/299
f 408/431/300 407/430/300 409/432/300
f 409/432/301 344/344/301 346/347/301
f 410/433/302 409/432/302 411/434/302
f 411/434/303 346/347/303 348/436/303
f 412/435/304 411/434/304 413/437/304
f 413/437/305 348/436/305 350/439/305
f 414/438/306 413/437/306 415/356/306
f 416/440/307 415/356/307 353/358/307
f 421/2007/308 418/2008/308 419/2009/308
f 419/2009/308 478/2010/308 421/2007/308
f 478/2010/308 477/2011/308 421/2007/308
f 477/2011/308 476/2012/308 475/2013/308
f 475/2013/308 470/2014/308 469/2015/308
f 469/2015/308 468/2016/308 467/2017/308
f 467/2017/308 462/2018/308 461/442/308
f 461/442/308 460/2019/308 453/443/308
f 460/2019/308 459/2020/308 453/443/308
f 459/2020/308 454/2021/308 453/443/308
f 453/443/308 452/2022/308 451/2023/308
f 451/2023/308 446/2024/308 453/443/308
f 446/2024/308 445/444/308 453/443/308
f 445/444/308 444/2025/308 443/2026/308
f 443/2026/308 438/2027/308 437/2028/308
f 437/2028/308 436/2029/308 435/2030/308
f 435/2030/308 430/2031/308 429/2032/308
f 429/2032/308 428/2033/308 421/2007/308
f 428/2033/308 427/2034/308 421/2007/308
f 427/2034/308 422/2035/308 421/2007/308
f 477/2011/308 475/2013/308 429/2032/308
f 475/2013/308 469/2015/308 429/2032/308
f 469/2015/308 467/2017/308 437/2028/308
f 467/2017/308 461/442/308 437/2028/308
f 445/444/308 443/2026/308 461/442/308
f 443/2026/308 437/2028/308 461/442/308
f 437/2028/308 435/2030/308 469/2015/308
f 435/2030/308 429/2032/308 469/2015/308
f 421/2007/308 477/2011/308 429/2032/308
f 418/445/309 420/2036/309 481/446/309
f 423/448/310 420/2036/310 418/445/310
f 424/450/311 423/448/311 421/449/311
f 480/453/1065 481/2037/1065 420/2038/1065
f 420/2038/1065 423/2039/1065 424/2040/1065
f 424/2040/1066 425/2041/1066 426/2042/1066
f 426/2042/1067 431/2043/1067 432/454/1067
f 432/454/312 433/2044/312 434/2045/312
f 434/2045/312 439/2046/312 440/2047/312
f 440/2047/1068 441/2048/1068 442/2049/1068
f 442/2049/1069 447/2050/1069 448/2051/1069
f 448/2051/312 449/2052/312 456/2053/312
f 449/2052/1068 450/2054/1068 456/2053/1068
f 450/2054/1065 455/2055/1065 456/2053/1065
f 456/2053/1067 457/2056/1067 458/2057/1067
f 458/2057/312 463/2058/312 464/2059/312
f 464/2059/312 465/2060/312 466/2061/312
f 466/2061/312 471/2062/312 472/2063/312
f 472/2063/1070 473/2064/1070 474/452/1070
f 474/452/1071 479/2065/1071 480/453/1071
f 480/453/312 420/2038/312 424/2040/312
f 424/2040/312 426/2042/312 480/453/312
f 426/2042/312 432/454/312 480/453/312
f 432/454/312 434/2045/312 464/2059/312
f 434/2045/312 440/2047/312 464/2059/312
f 440/2047/312 442/2049/312 464/2059/312
f 442/2049/312 448/2051/312 464/2059/312
f 456/2053/312 458/2057/312 448/2051/312
f 458/2057/312 464/2059/312 448/2051/312
f 464/2059/312 466/2061/312 432/454/312
f 466/2061/312 472/2063/312 432/454/312
f 472/2063/312 474/452/312 432/454/312
f 425/455/313 424/450/313 422/451/313
f 428/457/314 426/2066/314 425/455/314
f 431/458/315 426/2067/315 428/459/315
f 430/461/316 432/2068/316 431/458/316
f 433/462/317 432/2068/317 430/461/317
f 434/464/318 433/462/318 435/463/318
f 439/466/319 434/464/319 436/465/319
f 440/468/320 439/466/320 437/467/320
f 443/470/321 441/2069/321 440/468/321
f 442/471/322 441/2069/322 443/470/322
f 445/473/323 447/2070/323 442/474/323
f 448/476/324 447/2070/324 445/473/324
f 451/478/325 449/2071/325 448/476/325
f 450/479/326 449/2071/326 451/478/326
f 453/481/327 455/2072/327 450/479/327
f 456/482/328 455/2072/328 453/481/328
f 459/484/329 457/2073/329 456/482/329
f 458/485/330 457/2073/330 459/484/330
f 461/487/331 463/2074/331 458/488/331
f 464/490/332 463/2074/332 461/487/332
f 467/492/333 465/2075/333 464/490/333
f 466/493/334 465/2075/334 467/492/334
f 471/495/335 466/493/335 468/494/335
f 470/497/336 472/2076/336 471/495/336
f 473/498/337 472/2076/337 470/497/337
f 476/500/338 474/2077/338 473/498/338
f 479/501/339 474/2078/339 476/502/339
f 478/504/340 480/505/340 479/501/340
f 419/447/341 481/446/341 480/505/341
f 486/506/342 485/2079/342 482/507/342
f 482/509/343 484/2080/343 489/510/343
f 487/512/344 484/2081/344 482/513/344
f 488/515/69 487/2082/69 485/516/69
f 489/518/345 484/2083/345 487/519/345
f 489/521/346 488/2084/346 486/522/346
f 490/524/347 493/529/347 494/525/347
f 495/527/348 493/529/348 490/524/348
f 493/529/349 496/532/349 497/530/349
f 498/531/350 496/532/350 493/529/350
f 496/532/351 499/535/351 500/533/351
f 501/534/352 499/535/352 496/532/352
f 499/535/353 502/538/353 503/536/353
f 504/537/354 502/538/354 499/535/354
f 502/538/355 505/541/355 506/539/355
f 507/540/356 505/541/356 502/538/356
f 505/541/357 508/2085/357 509/542/357
f 510/543/358 508/548/358 505/544/358
f 511/546/359 512/550/359 509/547/359
f 510/543/360 513/551/360 511/546/360
f 514/549/361 515/553/361 512/550/361
f 513/551/362 516/554/362 514/549/362
f 517/552/363 518/556/363 515/553/363
f 516/554/364 519/557/364 517/552/364
f 520/555/365 521/559/365 518/556/365
f 519/557/366 522/560/366 520/555/366
f 523/558/367 524/562/367 521/559/367
f 522/560/368 525/563/368 523/558/368
f 526/561/369 527/565/369 524/562/369
f 525/563/370 528/566/370 526/561/370
f 529/564/371 530/568/371 527/565/371
f 528/566/372 531/569/372 529/564/372
f 532/567/373 533/571/373 530/568/373
f 531/569/374 534/572/374 532/567/374
f 535/570/375 536/2086/375 533/571/375
f 534/572/376 537/2087/376 535/570/376
f 540/573/377 538/577/377 537/574/377
f 541/576/378 539/651/378 538/577/378
f 543/578/379 541/576/379 540/573/379
f 542/579/380 540/573/380 534/575/380
f 545/581/381 543/578/381 542/579/381
f 544/582/382 542/579/382 531/580/382
f 547/584/383 545/581/383 544/582/383
f 546/585/384 544/582/384 528/583/384
f 549/587/385 547/584/385 546/585/385
f 548/588/386 546/585/386 525/586/386
f 551/590/387 549/587/387 548/588/387
f 550/591/388 548/588/388 522/589/388
f 553/593/389 551/590/389 550/591/389
f 552/594/390 550/591/390 519/592/390
f 555/596/391 553/593/391 552/594/391
f 554/597/392 552/594/392 516/595/392
f 557/599/393 555/596/393 554/597/393
f 556/600/394 554/597/394 513/598/394
f 557/599/395 556/600/395 558/602/395
f 556/600/396 510/601/396 507/604/396
f 559/603/397 558/602/397 560/605/397
f 558/602/398 507/604/398 504/607/398
f 561/606/399 560/605/399 562/608/399
f 560/605/400 504/607/400 501/610/400
f 563/609/401 562/608/401 564/611/401
f 562/608/402 501/610/402 498/613/402
f 565/612/403 564/611/403 566/614/403
f 564/611/404 498/613/404 495/616/404
f 567/615/405 566/614/405 568/617/405
f 566/614/406 495/616/406 492/619/406
f 572/620/407 567/615/407 569/618/407
f 573/622/408 572/620/408 570/621/408
f 575/624/409 574/625/409 572/620/409
f 574/625/410 565/612/410 567/615/410
f 577/626/411 576/627/411 574/625/411
f 576/627/412 563/609/412 565/612/412
f 579/628/413 578/629/413 576/627/413
f 578/629/414 561/606/414 563/609/414
f 581/630/415 580/631/415 578/629/415
f 580/631/416 559/603/416 561/606/416
f 583/632/417 582/633/417 580/631/417
f 582/633/418 557/599/418 559/603/418
f 583/632/419 585/635/419 584/634/419
f 582/633/420 584/634/420 555/596/420
f 585/635/421 587/637/421 586/636/421
f 584/634/422 586/636/422 553/593/422
f 587/637/423 589/639/423 588/638/423
f 586/636/424 588/638/424 551/590/424
f 589/639/425 591/641/425 590/640/425
f 588/638/426 590/640/426 549/587/426
f 591/641/427 593/643/427 592/642/427
f 590/640/428 592/642/428 547/584/428
f 593/643/429 595/645/429 594/644/429
f 592/642/430 594/644/430 545/581/430
f 595/645/431 597/647/431 596/646/431
f 594/644/432 596/646/432 543/578/432
f 597/647/433 599/649/433 598/648/433
f 596/646/434 598/648/434 541/576/434
f 599/649/435 601/2088/435 600/650/435
f 598/648/436 600/650/436 539/651/436
f 604/652/437 602/2089/437 601/653/437
f 603/655/438 602/2089/438 604/652/438
f 605/656/439 604/652/439 606/657/439
f 606/657/440 604/652/440 599/654/440
f 607/658/441 606/657/441 608/660/441
f 608/660/442 606/657/442 597/659/442
f 609/661/443 608/660/443 610/663/443
f 610/663/444 608/660/444 595/662/444
f 611/664/445 610/663/445 612/666/445
f 612/666/446 610/663/446 593/665/446
f 613/667/447 612/666/447 614/669/447
f 614/669/448 612/666/448 591/668/448
f 615/670/449 614/669/449 616/672/449
f 616/672/450 614/669/450 589/671/450
f 617/673/451 616/672/451 618/675/451
f 618/675/452 616/672/452 587/674/452
f 619/676/453 618/675/453 620/678/453
f 620/678/454 618/675/454 585/677/454
f 623/681/455 621/2090/455 620/682/455
f 620/682/456 583/2091/456 581/684/456
f 625/685/457 623/681/457 622/683/457
f 622/683/458 581/684/458 579/687/458
f 627/688/459 625/685/459 624/686/459
f 624/686/460 579/687/460 577/690/460
f 629/691/461 627/688/461 626/689/461
f 626/689/462 577/690/462 575/693/462
f 631/694/463 629/691/463 628/692/463
f 628/692/464 575/693/464 573/696/464
f 633/697/465 631/694/465 630/695/465
f 630/695/466 573/696/466 571/699/466
f 634/700/467 636/704/467 631/701/467
f 635/703/468 637/705/468 636/704/468
f 637/705/469 639/708/469 638/706/469
f 636/704/470 638/706/470 629/707/470
f 639/708/471 641/711/471 640/709/471
f 638/706/472 640/709/472 627/710/472
f 641/711/473 643/714/473 642/712/473
f 640/709/474 642/712/474 625/713/474
f 643/714/475 645/717/475 644/715/475
f 642/712/476 644/715/476 623/716/476
f 645/717/477 647/721/477 646/718/477
f 644/715/478 646/718/478 621/719/478
f 649/720/479 648/722/479 646/718/479
f 648/722/480 619/725/480 621/719/480
f 651/723/481 650/724/481 648/722/481
f 650/724/482 617/728/482 619/725/482
f 653/726/483 652/727/483 650/724/483
f 652/727/484 615/731/484 617/728/484
f 655/729/485 654/730/485 652/727/485
f 654/730/486 613/734/486 615/731/486
f 657/732/487 656/733/487 654/730/487
f 656/733/488 611/737/488 613/734/488
f 659/735/489 658/736/489 656/733/489
f 658/736/490 609/740/490 611/737/490
f 661/738/491 660/739/491 658/736/491
f 660/739/492 607/743/492 609/740/492
f 663/741/493 662/742/493 660/739/493
f 662/742/494 605/746/494 607/743/494
f 665/744/495 664/745/495 662/742/495
f 664/745/496 603/2092/496 605/746/496
f 666/747/497 665/744/497 663/741/497
f 536/749/498 666/747/498 667/748/498
f 533/750/499 667/748/499 668/751/499
f 667/748/500 663/741/500 661/738/500
f 530/752/501 668/751/501 669/753/501
f 668/751/502 661/738/502 659/735/502
f 527/754/503 669/753/503 670/755/503
f 669/753/504 659/735/504 657/732/504
f 524/756/505 670/755/505 671/757/505
f 670/755/506 657/732/506 655/729/506
f 521/758/507 671/757/507 672/759/507
f 671/757/508 655/729/508 653/726/508
f 518/760/509 672/759/509 673/761/509
f 672/759/510 653/726/510 651/723/510
f 515/762/511 673/761/511 674/763/511
f 673/761/512 651/723/512 649/720/512
f 512/764/513 674/763/513 675/765/513
f 674/763/514 649/720/514 647/721/514
f 506/767/515 509/766/515 675/765/515
f 676/768/516 675/765/516 647/721/516
f 503/769/517 506/767/517 676/768/517
f 677/770/518 676/768/518 645/717/518
f 500/771/519 503/769/519 677/770/519
f 678/772/520 677/770/520 643/714/520
f 497/773/521 500/771/521 678/772/521
f 679/774/522 678/772/522 641/711/522
f 494/775/523 497/773/523 679/774/523
f 680/776/524 679/774/524 639/708/524
f 491/777/525 494/775/525 680/776/525
f 681/778/526 680/776/526 637/705/526
f 686/779/527 682/783/527 683/780/527
f 684/782/528 1252/817/528 683/780/528
f 685/784/529 1253/1562/529 684/782/529
f 685/784/530 682/783/530 686/779/530
f 689/785/531 686/779/531 687/786/531
f 687/786/532 686/779/532 688/781/532
f 1256/789/533 685/1566/533 689/790/533
f 690/791/534 689/790/534 691/792/534
f 692/793/535 691/792/535 693/794/535
f 691/787/536 687/786/536 696/796/536
f 694/795/537 693/794/537 695/798/537
f 693/797/538 696/796/538 697/800/538
f 697/800/539 696/796/539 698/802/539
f 696/796/540 687/786/540 701/788/540
f 699/804/541 698/807/541 700/805/541
f 698/807/542 701/809/542 702/808/542
f 701/809/543 688/814/543 704/810/543
f 700/805/544 702/808/544 703/811/544
f 702/808/545 704/810/545 705/813/545
f 688/814/546 683/2093/546 706/815/546
f 704/810/547 706/815/547 708/816/547
f 1252/817/548 707/1563/548 706/818/548
f 707/819/549 709/820/549 708/816/549
f 709/820/550 711/823/550 710/821/550
f 705/813/551 708/816/551 710/821/551
f 711/823/552 1257/1570/552 712/824/552
f 713/822/553 710/821/553 712/824/553
f 703/811/554 705/813/554 713/822/554
f 714/826/555 713/822/555 715/825/555
f 716/828/556 715/831/556 717/829/556
f 715/831/557 712/836/557 720/832/557
f 717/829/558 719/834/558 759/833/558
f 720/832/559 722/838/559 719/834/559
f 1257/835/560 721/1569/560 720/832/560
f 720/832/561 721/1569/561 723/837/561
f 722/838/562 723/837/562 725/839/562
f 722/838/563 724/840/563 727/841/563
f 724/842/564 725/1567/564 1255/843/564
f 724/842/565 726/844/565 729/845/565
f 719/847/566 727/846/566 728/848/566
f 727/846/567 729/845/567 730/850/567
f 729/845/568 690/791/568 692/793/568
f 726/844/569 1256/789/569 690/791/569
f 728/848/570 730/850/570 731/851/570
f 730/850/571 692/793/571 694/795/571
f 732/852/572 731/851/572 733/853/572
f 731/851/573 694/795/573 736/799/573
f 734/854/574 733/853/574 735/855/574
f 733/853/575 736/799/575 737/857/575
f 736/799/576 695/798/576 739/858/576
f 735/855/577 737/857/577 738/859/577
f 737/857/578 739/858/578 740/861/578
f 739/862/816 741/866/816 742/863/816
f 695/865/1072 697/2094/1072 741/866/1072
f 742/863/581 741/866/581 743/867/581
f 741/866/582 697/2094/582 699/869/582
f 744/870/583 743/873/583 745/871/583
f 743/873/584 699/804/584 748/806/584
f 746/872/585 745/871/585 747/874/585
f 745/871/586 748/806/586 749/876/586
f 748/806/587 700/805/587 751/812/587
f 747/874/588 749/876/588 750/877/588
f 749/876/589 751/812/589 752/879/589
f 751/812/590 703/811/590 714/826/590
f 750/877/591 752/879/591 753/880/591
f 752/879/592 714/826/592 716/827/592
f 754/882/593 753/885/593 755/883/593
f 753/885/594 716/828/594 718/830/594
f 755/883/595 757/887/595 758/886/595
f 718/830/596 759/833/596 757/887/596
f 757/888/597 732/852/597 734/854/597
f 759/849/598 728/848/598 732/852/598
f 756/890/599 758/2095/599 760/891/599
f 758/889/600 734/854/600 763/856/600
f 761/892/601 760/891/601 762/894/601
f 760/891/602 763/2096/602 764/896/602
f 763/856/603 735/855/603 766/860/603
f 762/894/604 764/896/604 765/898/604
f 764/897/605 766/860/605 767/900/605
f 766/860/606 738/859/606 769/902/606
f 765/901/607 767/900/607 768/903/607
f 767/900/608 769/902/608 770/905/608
f 769/906/609 771/910/609 772/907/609
f 738/909/610 740/864/610 771/910/610
f 771/910/611 773/912/611 774/911/611
f 740/864/612 742/863/612 773/912/612
f 774/911/613 773/912/613 775/913/613
f 773/912/614 742/863/614 744/868/614
f 776/914/615 775/913/615 777/915/615
f 775/913/1073 744/868/1073 746/917/1073
f 778/918/617 777/921/617 779/919/617
f 777/921/618 746/872/618 782/875/618
f 780/920/619 779/919/619 781/922/619
f 779/919/620 782/875/620 783/924/620
f 782/875/621 747/874/621 785/878/621
f 781/925/622 783/2097/622 784/926/622
f 783/924/623 785/878/623 786/928/623
f 785/878/624 750/877/624 754/881/624
f 784/926/625 786/930/625 761/892/625
f 786/930/626 754/2098/626 756/890/626
f 787/927/627 784/926/627 788/895/627
f 788/895/628 762/894/628 791/899/628
f 815/932/629 787/927/629 789/931/629
f 789/931/630 791/899/630 792/934/630
f 791/899/631 765/898/631 794/935/631
f 790/933/632 792/934/632 793/936/632
f 792/934/633 794/935/633 795/938/633
f 794/904/634 768/903/634 797/939/634
f 793/936/635 795/938/635 796/941/635
f 795/940/636 797/939/636 798/943/636
f 797/939/637 799/946/637 800/945/637
f 768/903/638 770/905/638 799/946/638
f 799/947/639 801/950/639 802/948/639
f 770/908/640 772/907/640 801/950/640
f 801/950/641 803/952/641 804/951/641
f 772/907/1074 774/911/1074 803/952/1074
f 804/951/643 803/952/643 805/953/643
f 803/952/644 774/911/644 776/914/644
f 806/954/645 805/953/645 807/955/645
f 805/953/646 776/914/646 778/916/646
f 808/957/647 807/960/647 809/958/647
f 807/960/648 778/918/648 780/920/648
f 810/959/649 809/958/649 811/961/649
f 809/958/650 780/920/650 814/923/650
f 812/963/651 811/966/651 813/964/651
f 811/966/652 814/967/652 815/932/652
f 814/967/653 781/925/653 787/927/653
f 813/964/1075 815/932/1075 790/933/1075
f 816/965/655 813/964/655 817/937/655
f 817/937/656 793/936/656 820/942/656
f 841/969/657 816/965/657 818/968/657
f 818/968/658 820/942/658 821/971/658
f 820/942/659 796/941/659 823/972/659
f 819/970/660 821/971/660 822/973/660
f 821/971/661 823/972/661 824/975/661
f 823/976/662 825/979/662 826/977/662
f 796/944/663 798/943/663 825/979/663
f 825/979/664 827/981/664 828/980/664
f 798/943/665 800/945/665 827/981/665
f 827/982/666 829/985/666 830/983/666
f 800/949/667 802/948/667 829/985/667
f 829/985/668 831/987/668 832/986/668
f 802/948/669 804/951/669 831/987/669
f 832/986/670 831/987/670 833/988/670
f 831/987/671 804/951/671 806/954/671
f 834/989/672 833/988/672 835/990/672
f 833/988/673 806/954/673 808/956/673
f 836/992/674 835/995/674 837/993/674
f 835/995/675 808/957/675 810/959/675
f 838/994/676 837/993/676 839/996/676
f 837/993/677 810/959/677 812/962/677
f 840/998/678 839/1000/678 841/969/678
f 839/1000/679 812/963/679 816/965/679
f 842/999/680 841/969/680 819/970/680
f 840/998/681 842/999/681 843/1001/681
f 842/999/682 844/974/682 845/1003/682
f 845/1003/683 844/974/683 822/973/683
f 843/1001/684 845/1003/684 846/1005/684
f 846/1005/685 845/1003/685 847/1004/685
f 848/1007/686 847/1004/686 849/1008/686
f 847/1004/687 822/973/687 824/975/687
f 850/1010/688 849/1013/688 851/1011/688
f 849/1013/689 824/978/689 826/977/689
f 852/1012/690 851/1011/690 853/1014/690
f 851/1011/691 826/977/691 828/980/691
f 854/1016/692 853/1019/692 855/1017/692
f 853/1019/693 828/984/693 830/983/693
f 856/1018/694 855/1017/694 857/1020/694
f 855/1017/695 830/983/695 832/986/695
f 857/1020/696 859/1023/696 860/1022/696
f 832/986/697 834/989/697 859/1023/697
f 859/1023/698 861/1025/698 862/1024/698
f 834/989/699 836/991/699 861/1025/699
f 861/1026/700 863/1029/700 864/1027/700
f 836/992/701 838/994/701 863/1029/701
f 863/1029/702 865/1031/702 866/1030/702
f 838/994/703 840/997/703 865/1031/703
f 865/1002/704 843/1001/704 868/1006/704
f 864/1027/705 866/1030/705 867/1033/705
f 866/1032/706 868/1006/706 869/1035/706
f 868/1006/707 846/1005/707 871/1037/707
f 867/1036/708 869/1035/708 870/1038/708
f 869/1035/709 871/1037/709 872/1040/709
f 872/1040/710 871/1037/710 873/1041/710
f 871/1037/711 846/1005/711 848/1007/711
f 874/1042/712 873/1041/712 875/1043/712
f 873/1041/713 848/1007/713 850/1009/713
f 876/1045/714 875/1048/714 877/1046/714
f 875/1048/715 850/1010/715 852/1012/715
f 878/1047/716 877/1046/716 879/1049/716
f 877/1046/717 852/1012/717 854/1015/717
f 880/1051/718 879/1054/718 881/1052/718
f 879/1054/719 854/1016/719 856/1018/719
f 882/1053/720 881/1052/720 883/1055/720
f 881/1052/721 856/1018/721 858/1021/721
f 883/1055/722 885/1058/722 886/1057/722
f 858/1021/723 860/1022/723 885/1058/723
f 885/1058/724 887/1060/724 888/1059/724
f 860/1022/725 862/1024/725 887/1060/725
f 887/1061/726 889/1034/726 890/1062/726
f 862/1028/727 864/1027/727 889/1034/727
f 889/1034/728 867/1033/728 892/1064/728
f 888/1063/729 890/1062/729 891/1065/729
f 890/1062/730 892/1064/730 893/1067/730
f 892/1064/731 870/2099/731 895/1068/731
f 891/1065/732 893/1067/732 894/1069/732
f 893/1067/819 895/1068/819 896/1071/819
f 895/1072/734 897/2100/734 898/1073/734
f 870/1038/735 872/1040/735 897/1075/735
f 898/1073/736 897/2100/736 899/1077/736
f 897/1075/737 872/1040/737 874/1042/737
f 900/1080/738 899/1083/738 901/1081/738
f 899/1083/739 874/2101/739 876/1045/739
f 902/1082/740 901/1081/740 903/1084/740
f 901/1081/741 876/1045/741 878/1047/741
f 904/1085/742 903/1084/742 905/1086/742
f 903/1084/743 878/1047/743 880/1050/743
f 906/1087/744 905/1086/744 907/1088/744
f 905/1090/745 880/1051/745 882/1053/745
f 908/1092/746 907/1091/746 909/1093/746
f 907/1091/747 882/1053/747 884/1056/747
f 909/1093/748 911/1096/748 912/1095/748
f 884/1056/749 886/1057/749 911/1096/749
f 911/1097/750 913/1066/750 914/1098/750
f 886/1057/751 888/1059/751 913/1100/751
f 913/1066/752 891/1065/752 916/1070/752
f 912/1099/753 914/1098/753 915/1101/753
f 914/1098/754 916/1070/754 917/1103/754
f 916/1070/755 894/1069/755 919/1104/755
f 915/1101/756 917/1103/756 918/1105/756
f 917/1103/757 919/1104/757 920/1107/757
f 919/1108/758 921/1112/758 922/1109/758
f 894/1069/759 896/1071/759 921/1111/759
f 921/1112/760 923/1114/760 924/1113/760
f 896/1074/761 898/1073/761 923/1114/761
f 924/1113/762 923/1114/762 925/1115/762
f 923/1114/763 898/1073/763 900/1078/763
f 926/1117/764 925/1120/764 927/1118/764
f 925/1120/765 900/1080/765 902/1082/765
f 928/1119/766 927/1118/766 929/1121/766
f 927/1118/767 902/1082/767 904/1085/767
f 930/1122/768 929/1121/768 931/1123/768
f 929/1121/769 904/1085/769 906/1087/769
f 932/1124/770 931/1123/770 933/1125/770
f 931/1123/771 906/1087/771 908/1089/771
f 934/1127/772 933/2102/772 935/1128/772
f 933/1130/773 908/1092/773 910/1094/773
f 935/1128/774 937/2103/774 938/1132/774
f 910/1094/775 912/1095/775 937/1133/775
f 937/1102/776 915/1101/776 940/1106/776
f 936/1129/777 938/1132/777 939/1135/777
f 938/1134/778 940/1106/778 941/1137/778
f 940/1106/779 918/1105/779 943/1139/779
f 939/1138/780 941/1137/780 942/1140/780
f 941/1137/781 943/1139/781 944/1142/781
f 943/1139/782 945/1144/782 946/1143/782
f 918/1105/783 920/1107/783 945/1144/783
f 945/1145/784 947/1148/784 948/1146/784
f 920/1110/785 922/1109/785 947/1148/785
f 947/1148/786 949/1150/786 950/1149/786
f 922/1109/787 924/1113/787 949/1150/787
f 950/1149/788 949/1150/788 951/1151/788
f 949/1150/789 924/1113/789 926/1116/789
f 952/1153/790 951/1156/790 953/1154/790
f 951/1156/791 926/1117/791 928/1119/791
f 954/1155/792 953/1154/792 955/1157/792
f 953/1154/793 928/1119/793 930/1122/793
f 956/1158/794 955/1157/794 957/1159/794
f 955/1157/795 930/1122/795 932/1124/795
f 958/1160/796 957/1159/796 959/1161/796
f 957/1159/797 932/1124/797 934/1126/797
f 960/1163/798 959/1165/798 961/1136/798
f 959/1165/799 934/1127/799 936/1129/799
f 961/1136/800 939/1135/800 964/1166/800
f 985/1167/801 960/1163/801 962/1164/801
f 962/1164/802 964/1166/802 965/1169/802
f 964/1141/803 942/1140/803 967/1170/803
f 963/1168/560 965/1169/560 966/1172/560
f 965/1171/552 967/1170/552 968/1174/552
f 967/1170/550 969/1177/550 970/1176/550
f 942/1140/804 944/1142/804 969/1177/804
f 969/1177/549 971/1179/549 972/1178/549
f 944/1142/805 946/1143/805 971/1179/805
f 971/1180/548 973/1183/548 974/1181/548
f 946/1147/806 948/1146/806 973/1183/806
f 973/1183/528 975/1185/528 976/1184/528
f 948/1146/807 950/1149/807 975/1185/807
f 976/1184/529 975/1185/529 977/1186/529
f 975/1185/808 950/1149/808 952/1152/808
f 978/1188/809 977/1191/809 979/1189/809
f 977/1191/810 952/1153/810 954/1155/810
f 980/1190/811 979/1189/811 981/1192/811
f 979/1189/812 954/1155/812 956/1158/812
f 982/1193/564 981/1192/564 983/1194/564
f 981/1192/813 956/1158/813 958/1160/813
f 984/1196/562 983/1198/562 985/1167/562
f 983/1198/814 958/2104/814 960/1163/814
f 986/1197/561 985/1167/561 963/1168/561
f 984/1196/563 986/1197/563 987/1199/563
f 986/1197/559 988/1173/559 989/1201/559
f 989/1201/557 988/1173/557 966/1172/557
f 987/1199/558 989/1201/558 990/1203/558
f 990/1203/556 989/1201/556 991/1202/556
f 992/1206/555 991/1209/555 993/1207/555
f 991/1209/553 966/1175/553 968/1174/553
f 994/1208/554 993/1207/554 995/1210/554
f 993/1207/551 968/1174/551 970/1176/551
f 996/1211/545 995/1210/545 997/1212/545
f 995/1210/547 970/1176/547 972/1178/547
f 998/1213/543 997/1212/543 999/1214/543
f 997/1212/546 972/1178/546 974/1216/546
f 1000/1217/532 999/1220/532 1001/1218/532
f 999/1220/527 974/1181/527 976/1184/527
f 1001/1218/531 1003/1222/531 1004/1221/531
f 976/1184/530 978/1187/530 1003/1222/530
f 1003/1223/534 1005/1226/534 1006/1224/534
f 978/1188/533 980/1190/533 1005/1226/533
f 1005/1226/568 1007/1228/568 1008/1227/568
f 980/1190/569 982/1193/569 1007/1228/569
f 1007/1228/567 1009/1230/567 1010/1229/567
f 982/1193/565 984/1195/565 1009/1230/565
f 1009/1230/566 987/2105/566 1012/1231/566
f 1008/1227/570 1010/1229/570 1011/1232/570
f 1010/1229/598 1012/1231/598 1013/1234/598
f 1012/1204/596 990/1203/596 1015/1235/596
f 1011/1232/597 1013/1234/597 1014/1237/597
f 1013/1236/595 1015/1235/595 1016/1239/595
f 1016/1239/593 1015/1235/593 1017/1241/593
f 1015/1235/594 990/1203/594 992/1205/594
f 1018/1243/591 1017/1246/591 1019/1244/591
f 1017/1246/592 992/1206/592 994/1208/592
f 1020/1245/589 1019/1244/589 1021/1247/589
f 1019/1244/590 994/1208/590 996/1211/590
f 1022/1248/587 1021/1247/587 1023/1249/587
f 1021/1247/544 996/1211/544 998/1213/544
f 1024/1250/541 1023/1249/541 1025/1251/541
f 1023/1249/542 998/1213/542 1000/1215/542
f 1026/1253/539 1025/1256/539 1027/1254/539
f 1025/1256/540 1000/1217/540 1002/1219/540
f 1027/1254/538 1029/1258/538 1030/1257/538
f 1002/1219/536 1004/1221/536 1029/1258/536
f 1029/1259/537 1031/1262/537 1032/1260/537
f 1004/1225/535 1006/1224/535 1031/1262/535
f 1031/1262/573 1033/1233/573 1034/1263/573
f 1006/1224/571 1008/1227/571 1033/1233/571
f 1033/1233/572 1011/1232/572 1036/1238/572
f 1032/1260/575 1034/1263/575 1035/1264/575
f 1034/1263/574 1036/1238/574 1037/1266/574
f 1036/1238/600 1014/1237/600 1039/1267/600
f 1035/1264/603 1037/1266/603 1038/1268/603
f 1037/1270/602 1039/1273/602 1040/1271/602
f 1039/1273/601 1041/1276/601 1042/1274/601
f 1014/1275/599 1016/2106/599 1041/1276/599
f 1042/1274/625 1041/1276/625 1043/1277/625
f 1041/1276/626 1016/2106/626 1018/1279/626
f 1044/1280/623 1043/1283/623 1045/1281/623
f 1043/1283/624 1018/1243/624 1020/1245/624
f 1046/1282/621 1045/1281/621 1047/1284/621
f 1045/1281/588 1020/1245/588 1022/1248/588
f 1048/1285/585 1047/1284/585 1049/1286/585
f 1047/1284/586 1022/1248/586 1024/1250/586
f 1050/1287/583 1049/1286/583 1051/1288/583
f 1049/1286/584 1024/1250/584 1026/1252/584
f 1052/1290/581 1051/1293/581 1053/1291/581
f 1051/1293/582 1026/2107/582 1028/1294/582
f 1053/1291/816 1055/1296/816 1056/1295/816
f 1028/1294/1072 1030/2108/1072 1055/1296/1072
f 1055/1297/578 1057/1265/578 1058/1298/578
f 1030/1261/576 1032/1260/576 1057/1265/576
f 1057/1265/577 1035/1264/577 1060/1269/577
f 1056/1295/610 1058/2109/610 1059/1300/610
f 1058/1298/606 1060/1269/606 1061/1302/606
f 1060/1269/605 1038/1268/605 1063/1304/605
f 1059/1303/608 1061/1302/608 1062/1305/608
f 1061/1302/607 1063/1304/607 1064/1307/607
f 1063/1308/631 1065/1311/631 1066/1309/631
f 1038/1272/1076 1040/1271/1076 1065/1311/1076
f 1065/1311/630 1067/1313/630 1068/1312/630
f 1040/1271/628 1042/1274/628 1067/1313/628
f 1068/1312/629 1067/1313/629 1069/1314/629
f 1067/1313/627 1042/1274/627 1044/1278/627
f 1070/1315/653 1069/1314/653 1071/1316/653
f 1069/1314/622 1044/1278/622 1046/1318/622
f 1072/1319/619 1071/1322/619 1073/1320/619
f 1071/1322/620 1046/1282/620 1048/1285/620
f 1074/1321/617 1073/1320/617 1075/1323/617
f 1073/1320/618 1048/1285/618 1050/1287/618
f 1076/1325/615 1075/1328/615 1077/1326/615
f 1075/1328/1073 1050/2110/1073 1052/1290/1073
f 1078/1327/613 1077/1326/613 1079/1329/613
f 1077/1326/614 1052/1290/614 1054/1292/614
f 1079/1329/611 1081/1301/611 1082/1331/611
f 1054/1292/612 1056/1295/612 1081/1301/612
f 1081/1301/609 1059/1300/609 1084/1332/609
f 1080/1330/1074 1082/1331/1074 1083/1333/1074
f 1082/1331/640 1084/1332/640 1085/1335/640
f 1084/1306/638 1062/1305/638 1087/1336/638
f 1083/1333/639 1085/1335/639 1086/1338/639
f 1085/1337/637 1087/1336/637 1088/1340/637
f 1087/1336/636 1089/1343/636 1090/1342/636
f 1062/1305/634 1064/1307/634 1089/1343/634
f 1089/1344/635 1091/1347/635 1092/1345/635
f 1064/1310/633 1066/1309/633 1091/1347/633
f 1091/1347/656 1093/1349/656 1094/1348/656
f 1066/1309/632 1068/1312/632 1093/1349/632
f 1094/1348/655 1093/1349/655 1095/1350/655
f 1093/1349/654 1068/1312/654 1070/1315/654
f 1096/1351/651 1095/1350/651 1097/1352/651
f 1095/1350/652 1070/1315/652 1072/1317/652
f 1098/1354/649 1097/1357/649 1099/1355/649
f 1097/1357/650 1072/1319/650 1074/1321/650
f 1100/1356/647 1099/1355/647 1101/1358/647
f 1099/1355/648 1074/1321/648 1076/1324/648
f 1102/1360/645 1101/1363/645 1103/1361/645
f 1101/1363/646 1076/1325/646 1078/1327/646
f 1104/1362/643 1103/1361/643 1105/1334/643
f 1103/1361/644 1078/1327/644 1080/1330/644
f 1105/1334/641 1083/1333/641 1108/1339/641
f 1129/1365/671 1104/1362/671 1106/1364/671
f 1106/1364/669 1108/1339/669 1109/1367/669
f 1108/1339/667 1086/1338/667 1111/1368/667
f 1107/1366/668 1109/1367/668 1110/1369/668
f 1109/1367/666 1111/1368/666 1112/1371/666
f 1111/1372/664 1113/1375/664 1114/1373/664
f 1086/1341/665 1088/1340/665 1113/1375/665
f 1113/1375/662 1115/1377/662 1116/1376/662
f 1088/1340/663 1090/1342/663 1115/1377/663
f 1115/1378/661 1117/1381/661 1118/1379/661
f 1090/1346/659 1092/1345/659 1117/1381/659
f 1117/1381/660 1119/1383/660 1120/1382/660
f 1092/1345/658 1094/1348/658 1119/1383/658
f 1120/1382/680 1119/1383/680 1121/1384/680
f 1119/1383/657 1094/1348/657 1096/1351/657
f 1122/1385/678 1121/1384/678 1123/1386/678
f 1121/1384/679 1096/1351/679 1098/1353/679
f 1124/1388/676 1123/1391/676 1125/1389/676
f 1123/1391/677 1098/1354/677 1100/1356/677
f 1126/1390/674 1125/1389/674 1127/1392/674
f 1125/1389/675 1100/1356/675 1102/1359/675
f 1128/1394/672 1127/1396/672 1129/1365/672
f 1127/1396/673 1102/1360/673 1104/1362/673
f 1130/1395/670 1129/1365/670 1107/1366/670
f 1128/1394/699 1130/1395/699 1131/1397/699
f 1130/1395/697 1132/1370/697 1133/1399/697
f 1133/1399/695 1132/1370/695 1110/1369/695
f 1131/1397/696 1133/1399/696 1134/1401/696
f 1134/1401/694 1133/1399/694 1135/1400/694
f 1136/1403/692 1135/1400/692 1137/1404/692
f 1135/1400/693 1110/1369/693 1112/1371/693
f 1138/1406/690 1137/1409/690 1139/1407/690
f 1137/1409/691 1112/1374/691 1114/1373/691
f 1140/1408/688 1139/1407/688 1141/1410/688
f 1139/1407/689 1114/1373/689 1116/1376/689
f 1142/1412/686 1141/1415/686 1143/1413/686
f 1141/1415/687 1116/1380/687 1118/1379/687
f 1144/1414/685 1143/1413/685 1145/1416/685
f 1143/1413/683 1118/1379/683 1120/1382/683
f 1145/1416/684 1147/1419/684 1148/1418/684
f 1120/1382/682 1122/1385/682 1147/1419/682
f 1147/1419/704 1149/1421/704 1150/1420/704
f 1122/1385/681 1124/1387/681 1149/1421/681
f 1149/1422/702 1151/1425/702 1152/1423/702
f 1124/1388/703 1126/1390/703 1151/1425/703
f 1151/1425/700 1153/1427/700 1154/1426/700
f 1126/1390/701 1128/1393/701 1153/1427/701
f 1153/1398/698 1131/1397/698 1156/1402/698
f 1152/1423/727 1154/1426/727 1155/1429/727
f 1154/1428/725 1156/1402/725 1157/1431/725
f 1156/1402/723 1134/1401/723 1159/1433/723
f 1155/1432/724 1157/1431/724 1158/1434/724
f 1157/1431/817 1159/1433/817 1160/1436/817
f 1160/1436/720 1159/1433/720 1161/1437/720
f 1159/1433/721 1134/1401/721 1136/1403/721
f 1162/1438/718 1161/1437/718 1163/1439/718
f 1161/1437/719 1136/1403/719 1138/1405/719
f 1164/1441/716 1163/1444/716 1165/1442/716
f 1163/1444/717 1138/1406/717 1140/1408/717
f 1166/1443/714 1165/1442/714 1167/1445/714
f 1165/1442/715 1140/1408/715 1142/1411/715
f 1168/1447/712 1167/1450/712 1169/1448/712
f 1167/1450/713 1142/1412/713 1144/1414/713
f 1170/1449/1077 1169/1448/1077 1171/1451/1077
f 1169/1448/711 1144/1414/711 1146/1417/711
f 1171/1451/709 1173/1454/709 1174/1453/709
f 1146/1417/707 1148/1418/707 1173/1454/707
f 1173/1454/708 1175/1456/708 1176/1455/708
f 1148/1418/706 1150/1420/706 1175/1456/706
f 1175/1457/728 1177/1430/728 1178/1458/728
f 1150/1424/705 1152/1423/705 1177/1430/705
f 1177/1430/726 1155/1429/726 1180/1460/726
f 1176/1459/730 1178/1458/730 1179/1461/730
f 1178/1458/729 1180/1460/729 1181/1463/729
f 1180/1435/751 1158/1434/751 1183/1464/751
f 1179/1461/752 1181/1463/752 1182/1466/752
f 1181/1463/750 1183/2111/750 1184/1468/750
f 1183/1464/748 1185/1471/748 1186/1469/748
f 1158/1434/749 1160/1436/749 1185/1471/749
f 1186/1469/746 1185/1471/746 1187/1472/746
f 1185/1471/747 1160/1436/747 1162/1438/747
f 1188/1474/818 1187/2112/818 1189/1475/818
f 1187/1472/745 1162/1438/745 1164/1440/745
f 1190/1476/742 1189/1475/742 1191/1478/742
f 1189/1475/743 1164/1441/743 1166/1443/743
f 1192/1479/740 1191/1478/740 1193/1480/740
f 1191/1478/741 1166/1443/741 1168/1446/741
f 1194/1481/738 1193/1480/738 1195/1482/738
f 1193/1480/739 1168/1446/739 1170/1484/739
f 1196/1485/736 1195/2113/736 1197/1486/736
f 1195/1488/737 1170/1449/737 1172/1452/737
f 1197/1486/734 1199/2114/734 1200/1490/734
f 1172/1452/735 1174/1453/735 1199/1491/735
f 1199/1492/819 1201/1462/819 1202/1493/819
f 1174/1495/731 1176/1459/731 1201/1462/731
f 1201/1462/732 1179/1461/732 1204/1467/732
f 1200/1494/759 1202/1493/759 1203/1496/759
f 1202/1493/755 1204/1467/755 1205/1498/755
f 1204/1467/754 1182/1466/754 1207/1499/754
f 1203/1496/757 1205/1498/757 1206/1500/757
f 1205/1498/756 1207/1499/756 1208/1502/756
f 1207/1499/776 1209/1504/776 1210/1503/776
f 1182/1466/753 1184/1468/753 1209/1504/753
f 1209/1505/774 1211/2115/774 1212/1506/774
f 1184/1470/775 1186/1469/775 1211/1508/775
f 1212/1506/772 1211/2115/772 1213/1510/772
f 1211/1508/773 1186/1469/773 1188/1473/773
f 1214/1513/770 1213/1516/770 1215/1514/770
f 1213/1516/771 1188/1474/771 1190/1476/771
f 1216/1515/768 1215/1514/768 1217/1517/768
f 1215/1514/769 1190/1476/769 1192/1479/769
f 1218/1518/766 1217/1517/766 1219/1519/766
f 1217/1517/767 1192/1479/767 1194/1481/767
f 1220/1520/764 1219/1519/764 1221/1521/764
f 1219/1519/765 1194/1481/765 1196/1483/765
f 1222/1523/762 1221/1526/762 1223/1524/762
f 1221/1526/763 1196/1485/763 1198/1487/763
f 1223/1524/760 1225/1528/760 1226/1527/760
f 1198/1487/761 1200/1490/761 1225/1528/761
f 1225/1528/758 1203/2116/758 1228/1529/758
f 1224/1525/787 1226/1527/787 1227/1530/787
f 1226/1527/785 1228/1529/785 1229/1532/785
f 1228/1501/783 1206/1500/783 1231/1533/783
f 1227/1530/784 1229/1532/784 1230/1535/784
f 1229/1534/782 1231/1533/782 1232/1537/782
f 1231/1533/781 1233/1540/781 1234/1539/781
f 1206/1500/779 1208/1502/779 1233/1540/779
f 1233/1540/780 1235/1542/780 1236/1541/780
f 1208/1502/778 1210/1503/778 1235/1542/778
f 1235/1543/800 1237/1546/800 1238/1544/800
f 1210/1507/777 1212/1506/777 1237/1546/777
f 1238/1544/798 1237/1546/798 1239/1547/798
f 1237/1546/799 1212/1506/799 1214/1511/799
f 1240/1549/796 1239/1552/796 1241/1550/796
f 1239/1552/797 1214/1513/797 1216/1515/797
f 1242/1551/794 1241/1550/794 1243/1553/794
f 1241/1550/795 1216/1515/795 1218/1518/795
f 1244/1554/792 1243/1553/792 1245/1555/792
f 1243/1553/793 1218/1518/793 1220/1520/793
f 1246/1556/790 1245/1555/790 1247/1557/790
f 1245/1555/791 1220/1520/791 1222/1522/791
f 1248/1559/788 1247/1561/788 1249/1531/788
f 1247/1561/789 1222/1523/789 1224/1525/789
f 1249/1531/786 1227/1530/786 1251/1536/786
f 1253/1562/808 1248/1559/808 1250/1560/808
f 1250/1560/807 1251/1536/807 1252/817/807
f 1251/1536/806 1230/1535/806 707/1563/806
f 1254/1564/810 1246/1556/810 1248/1558/810
f 1256/789/809 1254/1564/809 1253/1565/809
f 1255/843/812 1244/1554/812 1246/1556/812
f 726/844/811 1255/843/811 1254/1564/811
f 725/1567/813 1242/1551/813 1244/1554/813
f 723/837/814 1240/1548/814 1242/1568/814
f 721/1569/801 1238/1544/801 1240/1548/801
f 1236/1545/802 1238/1544/802 721/1569/802
f 1234/1539/803 1236/1541/803 1257/1570/803
f 1232/1537/804 1234/1539/804 711/823/804
f 1230/1538/805 1232/1537/805 709/820/805
f 1258/1571/821 1261/1576/821 1262/1572/821
f 1263/1574/822 1261/1576/822 1258/1571/822
f 1261/1576/823 1264/1579/823 1265/1577/823
f 1266/1578/824 1264/1579/824 1261/1576/824
f 1264/1579/825 1267/1582/825 1268/1580/825
f 1269/1581/826 1267/1582/826 1264/1579/826
f 1267/1582/827 1270/1585/827 1271/1583/827
f 1272/1584/828 1270/1585/828 1267/1582/828
f 1270/1585/829 1273/1588/829 1274/1586/829
f 1275/1587/1078 1273/1588/1078 1270/1585/1078
f 1273/1588/831 1276/1592/831 1277/1589/831
f 1278/1590/832 1276/1592/832 1273/1588/832
f 1279/1591/833 1280/2117/833 1277/1589/833
f 1278/1590/834 1281/2118/834 1279/1591/834
f 1282/1593/835 1283/1598/835 1280/1594/835
f 1281/1596/836 1284/1599/836 1282/1593/836
f 1285/1597/837 1286/1601/837 1283/1598/837
f 1284/1599/1079 1287/1602/1079 1285/1597/1079
f 1288/1600/839 1289/1604/839 1286/1601/839
f 1287/1602/840 1290/1605/840 1288/1600/840
f 1291/1603/841 1292/1607/841 1289/1604/841
f 1290/1605/842 1293/1608/842 1291/1603/842
f 1294/1606/843 1295/1610/843 1292/1607/843
f 1293/1608/844 1296/1611/844 1294/1606/844
f 1297/1609/845 1298/1613/845 1295/1610/845
f 1296/1611/846 1299/1614/846 1297/1609/846
f 1300/1612/847 1301/1616/847 1298/1613/847
f 1299/1614/848 1302/1617/848 1300/1612/848
f 1303/1615/849 1304/2119/849 1301/1616/849
f 1302/1617/850 1305/2120/850 1303/1615/850
f 1308/1618/851 1306/1622/851 1305/1619/851
f 1309/1621/852 1307/1696/852 1306/1622/852
f 1311/1623/853 1309/1621/853 1308/1618/853
f 1310/1624/854 1308/1618/854 1302/1620/854
f 1313/1626/855 1311/1623/855 1310/1624/855
f 1312/1627/856 1310/1624/856 1299/1625/856
f 1315/1629/857 1313/1626/857 1312/1627/857
f 1314/1630/858 1312/1627/858 1296/1628/858
f 1317/1632/859 1315/1629/859 1314/1630/859
f 1316/1633/860 1314/1630/860 1293/1631/860
f 1319/1635/861 1317/1632/861 1316/1633/861
f 1318/1636/862 1316/1633/862 1290/1634/862
f 1321/1638/863 1319/1635/863 1318/1636/863
f 1320/1639/864 1318/1636/864 1287/1637/864
f 1323/1641/865 1321/1638/865 1320/1639/865
f 1322/1642/866 1320/1639/866 1284/1640/866
f 1325/1644/867 1323/1641/867 1322/1642/867
f 1324/1645/868 1322/1642/868 1281/1643/868
f 1325/1644/869 1324/1645/869 1326/1647/869
f 1324/1645/870 1278/1646/870 1275/1649/870
f 1327/1648/871 1326/1647/871 1328/1650/871
f 1326/1647/872 1275/1649/872 1272/1652/872
f 1329/1651/873 1328/1650/873 1330/1653/873
f 1328/1650/874 1272/1652/874 1269/1655/874
f 1331/1654/875 1330/1653/875 1332/1656/875
f 1330/1653/1080 1269/1655/1080 1266/1658/1080
f 1333/1657/877 1332/1656/877 1334/1659/877
f 1332/1656/878 1266/1658/878 1263/1661/878
f 1335/1660/879 1334/1659/879 1336/1662/879
f 1334/1659/880 1263/1661/880 1260/1664/880
f 1340/1665/881 1335/1660/881 1337/1663/881
f 1341/1667/882 1340/1665/882 1338/1666/882
f 1343/1669/883 1342/1670/883 1340/1665/883
f 1342/1670/884 1333/1657/884 1335/1660/884
f 1345/1671/885 1344/1672/885 1342/1670/885
f 1344/1672/886 1331/1654/886 1333/1657/886
f 1347/1673/887 1346/1674/887 1344/1672/887
f 1346/1674/888 1329/1651/888 1331/1654/888
f 1349/1675/889 1348/1676/889 1346/1674/889
f 1348/1676/890 1327/1648/890 1329/1651/890
f 1351/1677/1081 1350/1678/1081 1348/1676/1081
f 1350/1678/892 1325/1644/892 1327/1648/892
f 1351/1677/893 1353/1680/893 1352/1679/893
f 1350/1678/894 1352/1679/894 1323/1641/894
f 1353/1680/895 1355/1682/895 1354/1681/895
f 1352/1679/896 1354/1681/896 1321/1638/896
f 1355/1682/897 1357/1684/897 1356/1683/897
f 1354/1681/898 1356/1683/898 1319/1635/898
f 1357/1684/899 1359/1686/899 1358/1685/899
f 1356/1683/900 1358/1685/900 1317/1632/900
f 1359/1686/901 1361/1688/901 1360/1687/901
f 1358/1685/902 1360/1687/902 1315/1629/902
f 1361/1688/903 1363/1690/903 1362/1689/903
f 1360/1687/904 1362/1689/904 1313/1626/904
f 1363/1690/905 1365/1692/905 1364/1691/905
f 1362/1689/906 1364/1691/906 1311/1623/906
f 1365/1692/907 1367/1694/907 1366/1693/907
f 1364/1691/908 1366/1693/908 1309/1621/908
f 1367/1694/909 1369/2121/909 1368/1695/909
f 1366/1693/910 1368/1695/910 1307/1696/910
f 1372/1697/1082 1370/2122/1082 1369/1698/1082
f 1371/1700/912 1370/2122/912 1372/1697/912
f 1373/1701/913 1372/1697/913 1374/1702/913
f 1374/1702/914 1372/1697/914 1367/1699/914
f 1375/1703/915 1374/1702/915 1376/1705/915
f 1376/1705/916 1374/1702/916 1365/1704/916
f 1377/1706/917 1376/1705/917 1378/1708/917
f 1378/1708/918 1376/1705/918 1363/1707/918
f 1379/1709/919 1378/1708/919 1380/1711/919
f 1380/1711/920 1378/1708/920 1361/1710/920
f 1381/1712/921 1380/1711/921 1382/1714/921
f 1382/1714/922 1380/1711/922 1359/1713/922
f 1383/1715/1083 1382/1714/1083 1384/1717/1083
f 1384/1717/924 1382/1714/924 1357/1716/924
f 1385/1718/1084 1384/1717/1084 1386/1720/1084
f 1386/1720/926 1384/1717/926 1355/1719/926
f 1387/1721/927 1386/1720/927 1388/1723/927
f 1388/1723/928 1386/1720/928 1353/1722/928
f 1391/1726/929 1389/2123/929 1388/1727/929
f 1388/1727/1085 1351/2124/1085 1349/1729/1085
f 1393/1730/931 1391/1726/931 1390/1728/931
f 1390/1728/932 1349/1729/932 1347/1732/932
f 1395/1733/933 1393/1730/933 1392/1731/933
f 1392/1731/934 1347/1732/934 1345/1735/934
f 1397/1736/935 1395/1733/935 1394/1734/935
f 1394/1734/936 1345/1735/936 1343/1738/936
f 1399/1739/937 1397/1736/937 1396/1737/937
f 1396/1737/938 1343/1738/938 1341/1741/938
f 1401/1742/939 1399/1739/939 1398/1740/939
f 1398/1740/940 1341/1741/940 1339/1744/940
f 1402/1745/941 1404/1749/941 1399/1746/941
f 1403/1748/942 1405/1750/942 1404/1749/942
f 1405/1750/943 1407/1753/943 1406/1751/943
f 1404/1749/944 1406/1751/944 1397/1752/944
f 1407/1753/945 1409/1756/945 1408/1754/945
f 1406/1751/946 1408/1754/946 1395/1755/946
f 1409/1756/947 1411/1759/947 1410/1757/947
f 1408/1754/948 1410/1757/948 1393/1758/948
f 1411/1759/949 1413/1762/949 1412/1760/949
f 1410/1757/950 1412/1760/950 1391/1761/950
f 1413/1762/951 1415/1766/951 1414/1763/951
f 1412/1760/952 1414/1763/952 1389/1764/952
f 1417/1765/953 1416/1767/953 1414/1763/953
f 1416/1767/954 1387/1770/954 1389/1764/954
f 1419/1768/955 1418/1769/955 1416/1767/955
f 1418/1769/956 1385/1773/956 1387/1770/956
f 1421/1771/957 1420/1772/957 1418/1769/957
f 1420/1772/958 1383/1776/958 1385/1773/958
f 1423/1774/959 1422/1775/959 1420/1772/959
f 1422/1775/960 1381/1779/960 1383/1776/960
f 1425/1777/961 1424/1778/961 1422/1775/961
f 1424/1778/962 1379/1782/962 1381/1779/962
f 1427/1780/963 1426/1781/963 1424/1778/963
f 1426/1781/964 1377/1785/964 1379/1782/964
f 1429/1783/965 1428/1784/965 1426/1781/965
f 1428/1784/966 1375/1788/966 1377/1785/966
f 1431/1786/967 1430/1787/967 1428/1784/967
f 1430/1787/968 1373/1791/968 1375/1788/968
f 1433/1789/969 1432/1790/969 1430/1787/969
f 1432/1790/970 1371/2125/970 1373/1791/970
f 1434/1792/971 1433/1789/971 1431/1786/971
f 1304/1794/972 1434/1792/972 1435/1793/972
f 1301/1795/973 1435/1793/973 1436/1796/973
f 1435/1793/974 1431/1786/974 1429/1783/974
f 1298/1797/975 1436/1796/975 1437/1798/975
f 1436/1796/976 1429/1783/976 1427/1780/976
f 1295/1799/977 1437/1798/977 1438/1800/977
f 1437/1798/978 1427/1780/978 1425/1777/978
f 1292/1801/979 1438/1800/979 1439/1802/979
f 1438/1800/980 1425/1777/980 1423/1774/980
f 1289/1803/981 1439/1802/981 1440/1804/981
f 1439/1802/982 1423/1774/982 1421/1771/982
f 1286/1805/983 1440/1804/983 1441/1806/983
f 1440/1804/984 1421/1771/984 1419/1768/984
f 1283/1807/985 1441/1806/985 1442/1808/985
f 1441/1806/986 1419/1768/986 1417/1765/986
f 1280/1809/987 1442/1808/987 1443/1810/987
f 1442/1808/988 1417/1765/988 1415/1766/988
f 1274/1812/989 1277/1811/989 1443/1810/989
f 1444/1813/990 1443/1810/990 1415/1766/990
f 1271/1814/991 1274/1812/991 1444/1813/991
f 1445/1815/992 1444/1813/992 1413/1762/992
f 1268/1816/993 1271/1814/993 1445/1815/993
f 1446/1817/994 1445/1815/994 1411/1759/994
f 1265/1818/995 1268/1816/995 1446/1817/995
f 1447/1819/996 1446/1817/996 1409/1756/996
f 1262/1820/997 1265/1818/997 1447/1819/997
f 1448/1821/998 1447/1819/998 1407/1753/998
f 1259/1822/999 1262/1820/999 1448/1821/999
f 1449/1823/1000 1448/1821/1000 1405/1750/1000
f 1451/1824/72 1454/2126/72 1453/1825/72
f 1452/1827/1001 1457/2127/1001 1451/1828/1001
f 1455/1830/1002 1452/2128/1002 1450/1831/1002
f 1454/1833/1003 1456/2129/1003 1455/1834/1003
f 1457/1836/1004 1452/2130/1004 1455/1837/1004
f 1457/1839/1005 1456/2131/1005 1454/1840/1005
l 177 176
l 178 177
l 179 180
l 180 181
l 183 182
l 185 184
l 186 187
l 187 188
l 190 189
l 191 190
