# Blender 5.1.0
# www.blender.org
mtllib bat.mtl
o 円柱.007
v 1.071226 4.912413 -0.939905
v 0.345703 4.916064 0.418790
v -0.846519 4.913437 -0.543655
v 0.532455 4.910963 -1.479205
v 0.979230 4.914925 -0.004936
v -0.554939 4.915331 0.160975
v -0.404082 4.911211 -1.372213
v 1.127876 4.912915 -0.752968
v 0.151487 4.916115 0.437937
v -0.827391 4.912915 -0.738063
v 0.704567 4.911211 -1.387119
v 0.855425 4.915331 0.146069
v -0.678745 4.914925 0.009969
v -0.231970 4.910963 -1.464300
v 1.147005 4.913437 -0.558561
v -0.045218 4.916064 0.433695
v -0.770740 4.912413 -0.924999
v 0.855425 4.911544 -1.263192
v 0.704567 4.915665 0.269997
v -0.770740 4.914462 -0.162312
v -0.045218 4.910811 -1.521006
v 1.127876 4.913961 -0.364154
v -0.231970 4.915912 0.376989
v -0.678745 4.911949 -1.097280
v 0.979230 4.911949 -1.112186
v 0.532455 4.915912 0.362083
v -0.827391 4.913961 -0.349248
v 0.345703 4.910811 -1.535912
v 1.071226 4.914462 -0.177218
v -0.404082 4.915665 0.284903
v -0.554939 4.911544 -1.248286
v 0.148998 4.910760 -1.540154
v 1.071242 4.271273 -0.938180
v 0.345719 4.274924 0.420514
v -0.846503 4.272298 -0.541931
v 0.532471 4.269824 -1.477481
v 0.979246 4.273785 -0.003212
v -0.554923 4.274191 0.162700
v -0.404066 4.270071 -1.370489
v 1.127892 4.271776 -0.751244
v 0.151504 4.274975 0.439662
v -0.827375 4.271776 -0.736338
v 0.704583 4.270071 -1.385394
v 0.855440 4.274191 0.147794
v -0.678729 4.273785 0.011694
v -0.231954 4.269824 -1.462575
v 1.147021 4.272298 -0.556836
v -0.045202 4.274924 0.435420
v -0.770724 4.271273 -0.923274
v 0.855440 4.270404 -1.261467
v 0.704583 4.274525 0.271721
v -0.770724 4.273322 -0.160588
v -0.045202 4.269671 -1.519282
v 1.127892 4.272821 -0.362429
v -0.231954 4.274772 0.378713
v -0.678729 4.270809 -1.095556
v 0.979246 4.270809 -1.110461
v 0.532471 4.274772 0.363808
v -0.827375 4.272821 -0.347524
v 0.345719 4.269671 -1.534187
v 1.071242 4.273322 -0.175493
v -0.404066 4.274525 0.286627
v -0.554923 4.270404 -1.246561
v 0.149014 4.269620 -1.538429
v 0.148774 13.745787 -1.564297
v 0.121801 17.963730 -2.030968
v 0.345479 13.745838 -1.560055
v 0.412239 17.963779 -2.002334
v 0.532232 13.745991 -1.503348
v 0.691517 17.963930 -1.917533
v 0.704343 13.746237 -1.411262
v 0.948900 17.964178 -1.779823
v 0.855201 13.746571 -1.287335
v 1.174498 17.964510 -1.594496
v 0.979006 13.746975 -1.136329
v 1.359642 17.964918 -1.368676
v 1.071002 13.747440 -0.964048
v 1.497216 17.965382 -1.111039
v 1.127652 13.747942 -0.777112
v 1.581934 17.965879 -0.831487
v 1.146781 13.748465 -0.582704
v 1.610540 17.966404 -0.540762
v 1.127652 13.748987 -0.388297
v 1.581934 17.966921 -0.250037
v 1.071002 13.749489 -0.201361
v 1.497216 17.967424 0.029515
v 0.979006 13.749952 -0.029079
v 1.359642 17.967890 0.287152
v 0.855201 13.750357 0.121926
v 1.174498 17.968296 0.512972
v 0.704343 13.750692 0.245854
v 0.948900 17.968624 0.698299
v 0.532232 13.750938 0.337940
v 0.691517 17.968876 0.836009
v 0.345479 13.751091 0.394646
v 0.412239 17.969028 0.920810
v 0.151264 13.751141 0.413794
v 0.121801 17.969078 0.949444
v -0.045442 13.751091 0.409552
v -0.168638 17.969028 0.920810
v -0.232194 13.750938 0.352846
v -0.447915 17.968876 0.836009
v -0.404306 13.750692 0.260759
v -0.705298 17.968624 0.698299
v -0.555163 13.750357 0.136832
v -0.930896 17.968296 0.512972
v -0.678968 13.749952 -0.014174
v -1.116040 17.967890 0.287152
v -0.770964 13.749489 -0.186455
v -1.253614 17.967424 0.029515
v -0.827615 13.748987 -0.373391
v -1.338332 17.966921 -0.250037
v -0.846743 13.748465 -0.567799
v -1.366938 17.966404 -0.540762
v -0.827615 13.747942 -0.762206
v -1.338332 17.965879 -0.831487
v -0.770964 13.747440 -0.949142
v -1.253614 17.965382 -1.111039
v -0.678968 13.746975 -1.121423
v -1.116040 17.964918 -1.368676
v -0.555163 13.746571 -1.272429
v -0.930896 17.964510 -1.594496
v -0.404306 13.746237 -1.396357
v -0.705298 17.964178 -1.779823
v -0.232194 13.745991 -1.488443
v -0.447915 17.963930 -1.917533
v -0.045442 13.745838 -1.545150
v -0.168638 17.963779 -2.002334
v 0.412474 17.960424 -2.004404
v 0.691976 17.960577 -1.919534
v 0.949567 17.960823 -1.781713
v 1.175347 17.961157 -1.596238
v 1.360640 17.961561 -1.370235
v 1.498325 17.962027 -1.112390
v 1.583112 17.962528 -0.832612
v 1.611740 17.963049 -0.541653
v 1.583112 17.963573 -0.250694
v 1.498325 17.964075 0.029084
v 1.360640 17.964539 0.286929
v 1.175347 17.964943 0.512931
v 0.949567 17.965277 0.698407
v 0.691976 17.965525 0.836228
v 0.412474 17.965677 0.921097
v 0.121801 17.965727 0.949754
v -0.168872 17.965677 0.921097
v -0.448374 17.965525 0.836228
v -0.705965 17.965277 0.698407
v -0.931745 17.964943 0.512931
v -1.117038 17.964539 0.286929
v -1.254724 17.964075 0.029084
v -1.339510 17.963573 -0.250694
v -1.368139 17.963049 -0.541653
v -1.339510 17.962528 -0.832612
v -1.254724 17.962027 -1.112390
v -1.117038 17.961561 -1.370235
v -0.931745 17.961157 -1.596238
v -0.705965 17.960823 -1.781713
v -0.448374 17.960577 -1.919534
v -0.168872 17.960424 -2.004404
v 0.121801 17.960373 -2.033061
v 0.362342 15.924185 -1.698614
v 0.579376 15.924303 -1.632712
v 0.779396 15.924494 -1.525694
v 0.954716 15.924753 -1.381671
v 1.098596 15.925066 -1.206179
v 1.205509 15.925428 -1.005962
v 1.271346 15.925817 -0.788714
v 1.293576 15.926222 -0.562783
v 1.271346 15.926628 -0.336852
v 1.205509 15.927019 -0.119604
v 1.098596 15.927378 0.080614
v 0.954716 15.927692 0.256105
v 0.779396 15.927952 0.400128
v 0.579376 15.928144 0.507146
v 0.362342 15.928263 0.573048
v 0.136633 15.928301 0.595300
v -0.090522 15.928263 0.581709
v -0.307556 15.928144 0.515808
v -0.507577 15.927952 0.408789
v -0.682896 15.927692 0.264767
v -0.826777 15.927378 0.089275
v -0.933690 15.927019 -0.110942
v -0.999526 15.926628 -0.328191
v -1.021757 15.926222 -0.554121
v -0.999526 15.925817 -0.780053
v -0.933690 15.925428 -0.997301
v -0.826777 15.925066 -1.197518
v -0.682896 15.924753 -1.373010
v -0.507577 15.924494 -1.517033
v -0.307556 15.924303 -1.624051
v -0.090522 15.924185 -1.689953
v 0.135187 15.924145 -1.712205
v 0.148677 3.628480 -1.817209
v 0.401170 3.628532 -1.811765
v 0.640887 3.628684 -1.738976
v 0.861812 3.628931 -1.620773
v 1.055454 3.629265 -1.461698
v 1.214372 3.629669 -1.267865
v 1.332459 3.630133 -1.046723
v 1.405176 3.630636 -0.806769
v 1.429730 3.631158 -0.557226
v 1.405176 3.631681 -0.307682
v 1.332459 3.632182 -0.067729
v 1.214372 3.632645 0.153414
v 1.055454 3.633051 0.347246
v 0.861812 3.633385 0.506321
v 0.640887 3.633632 0.624524
v 0.401170 3.633785 0.697313
v 0.151873 3.633835 0.721891
v -0.100621 3.633785 0.716446
v -0.340338 3.633632 0.643657
v -0.561263 3.633385 0.525454
v -0.754905 3.633051 0.366379
v -0.913823 3.632645 0.172547
v -1.031910 3.632182 -0.048596
v -1.104627 3.631681 -0.288549
v -1.129181 3.631158 -0.538093
v -1.104627 3.630636 -0.787636
v -1.031910 3.630133 -1.027589
v -0.913823 3.629669 -1.248732
v -0.754905 3.629265 -1.442565
v -0.561263 3.628931 -1.601640
v -0.340338 3.628684 -1.719843
v -0.100621 3.628532 -1.792632
v 0.452993 19.510786 -2.210198
v 0.121801 19.510731 -2.242850
v 0.771458 19.510960 -2.113498
v 1.064958 19.511244 -1.956464
v 1.322212 19.511621 -1.745133
v 1.533334 19.512087 -1.487625
v 1.690213 19.512617 -1.193837
v 1.786818 19.513184 -0.875059
v 1.819438 19.513781 -0.543539
v 1.786818 19.514370 -0.212020
v 1.690213 19.514944 0.106759
v 1.533334 19.515474 0.400547
v 1.322212 19.515938 0.658054
v 1.064958 19.516312 0.869386
v 0.771458 19.516598 1.026418
v 0.452993 19.516773 1.123119
v 0.121801 19.516829 1.155771
v -0.209392 19.516773 1.123119
v -0.527857 19.516598 1.026418
v -0.821356 19.516312 0.869386
v -1.078610 19.515938 0.658054
v -1.289733 19.515474 0.400547
v -1.446612 19.514944 0.106759
v -1.543217 19.514370 -0.212020
v -1.575837 19.513781 -0.543539
v -1.543217 19.513184 -0.875059
v -1.446612 19.512617 -1.193837
v -1.289733 19.512087 -1.487625
v -1.078610 19.511621 -1.745133
v -0.821356 19.511244 -1.956464
v -0.527857 19.510960 -2.113498
v -0.209392 19.510786 -2.210198
v 0.838363 27.674833 1.173461
v -1.435104 27.669857 -1.599496
v 1.162089 27.674517 1.000256
v -1.608139 27.670443 -1.275451
v 1.445836 27.674105 0.767160
v -1.714693 27.671066 -0.923843
v 1.678702 27.673594 0.483133
v -1.750672 27.671724 -0.558182
v 1.851737 27.673008 0.159089
v -1.714693 27.672377 -0.192520
v 1.958291 27.672377 -0.192520
v -1.608139 27.673008 0.159089
v 1.994271 27.671724 -0.558182
v -1.435104 27.673594 0.483133
v 1.958291 27.671066 -0.923843
v -1.202238 27.674105 0.767160
v 1.851737 27.670443 -1.275451
v -0.918490 27.674517 1.000256
v 0.121799 27.668362 -2.432499
v 1.678702 27.669857 -1.599496
v -0.594765 27.674833 1.173461
v -0.243502 27.668423 -2.396484
v 1.445836 27.669344 -1.883523
v -0.243502 27.675028 1.280121
v -0.594765 27.668615 -2.289825
v 1.162089 27.668928 -2.116619
v 0.121799 27.675085 1.316135
v 0.487100 27.675028 1.280121
v -0.918490 27.668928 -2.116619
v -1.202238 27.669344 -1.883523
v 0.838363 27.668615 -2.289825
v 0.487100 27.668423 -2.396484
v 0.441760 34.334240 -2.182970
v 0.121797 34.334209 -2.214515
v 0.749427 34.334347 -2.089550
v 1.032974 34.334526 -1.937840
v 1.281505 34.334751 -1.733674
v 1.485470 34.335041 -1.484898
v 1.637029 34.335365 -1.201072
v 1.730359 34.335712 -0.893102
v 1.761873 34.336079 -0.572824
v 1.730359 34.336441 -0.252546
v 1.637029 34.336796 0.055425
v 1.485470 34.337120 0.339251
v 1.281505 34.337402 0.588027
v 1.032974 34.337635 0.792193
v 0.749427 34.337814 0.943901
v 0.441760 34.337921 1.037323
v 0.121797 34.337952 1.068868
v -0.198166 34.337921 1.037323
v -0.505832 34.337814 0.943901
v -0.789380 34.337635 0.792193
v -1.037911 34.337402 0.588027
v -1.241876 34.337120 0.339251
v -1.393435 34.336796 0.055425
v -1.486764 34.336441 -0.252546
v -1.518278 34.336079 -0.572824
v -1.486764 34.335712 -0.893102
v -1.393435 34.335365 -1.201072
v -1.241876 34.335041 -1.484898
v -1.037911 34.334751 -1.733674
v -0.789380 34.334526 -1.937840
v -0.505832 34.334347 -2.089550
v -0.198166 34.334240 -2.182970
v 0.465979 23.595863 1.181148
v -1.125680 23.590508 -1.799569
v 0.465979 23.589640 -2.282870
v 0.796931 23.589821 -2.182378
v -0.858338 23.590118 -2.019187
v 0.121800 23.595921 1.215080
v 1.101938 23.590118 -2.019187
v -0.553331 23.589821 -2.182378
v -0.222379 23.595863 1.181148
v 1.369279 23.590508 -1.799569
v -0.222379 23.589640 -2.282870
v -0.553331 23.595682 1.080656
v 1.588681 23.590990 -1.531965
v 0.121800 23.589582 -2.316802
v -0.858338 23.595383 0.917466
v 1.751710 23.591543 -1.226657
v -1.125680 23.594995 0.697848
v 1.852103 23.592133 -0.895379
v -1.345081 23.594513 0.430244
v 1.886003 23.592751 -0.550861
v -1.508111 23.593960 0.124936
v 1.852103 23.593367 -0.206342
v -1.608504 23.593367 -0.206342
v 1.751710 23.593960 0.124936
v -1.642403 23.592751 -0.550861
v 1.588681 23.594513 0.430244
v -1.608504 23.592133 -0.895379
v 1.369279 23.594995 0.697848
v -1.508111 23.591543 -1.226657
v 1.101938 23.595383 0.917466
v -1.345081 23.590990 -1.531965
v 0.796931 23.595682 1.080656
v 1.205504 31.747595 -2.188982
v 0.121798 31.754421 1.387040
v 2.072418 31.750698 -0.565503
v -1.500083 31.752769 0.519272
v 2.034937 31.749969 -0.946425
v -1.500083 31.748632 -1.650277
v 0.868268 31.754141 1.238411
v -0.961908 31.747595 -2.188982
v -1.257499 31.753334 0.815153
v 1.205504 31.753794 1.057978
v 1.923936 31.749277 -1.312708
v -1.680340 31.749277 -1.312708
v 0.868268 31.747252 -2.369416
v -0.961908 31.753794 1.057978
v 1.501094 31.753334 0.815153
v 0.121798 31.746975 -2.518045
v -1.791341 31.749969 -0.946425
v 1.743679 31.748632 -1.650277
v 1.743679 31.752769 0.519272
v -0.624672 31.754141 1.238411
v -1.828822 31.750698 -0.565503
v -0.258749 31.747040 -2.480527
v 1.923936 31.752121 0.181703
v 1.501094 31.748060 -1.946158
v -1.791341 31.751417 -0.184580
v -0.258749 31.754354 1.349522
v 2.034937 31.751417 -0.184580
v -0.624672 31.747252 -2.369416
v -1.680340 31.752121 0.181703
v 0.502345 31.747040 -2.480527
v -1.257499 31.748060 -1.946158
v 0.502345 31.754354 1.349522
v 1.189600 29.708340 -2.161495
v 0.121799 29.714663 1.362045
v 2.043791 29.711212 -0.561842
v -1.476280 29.713129 0.507012
v 2.006860 29.710533 -0.937174
v -1.476280 29.709295 -1.630696
v 0.857313 29.714401 1.215597
v -0.946003 29.708340 -2.161495
v -1.237255 29.713654 0.798551
v 1.189600 29.714079 1.037811
v 1.897488 29.709894 -1.298081
v -1.653891 29.709894 -1.298081
v 0.857313 29.708019 -2.339282
v -0.946003 29.714079 1.037811
v 1.480852 29.713654 0.798551
v 0.121799 29.707760 -2.485729
v -1.763263 29.710533 -0.937174
v 1.719877 29.709295 -1.630696
v 1.719877 29.713129 0.507012
v -0.613716 29.714401 1.215597
v -1.800194 29.711212 -0.561842
v -0.253164 29.707821 -2.448762
v 1.897488 29.712530 0.174398
v 1.480852 29.708767 -1.922235
v -1.763263 29.711880 -0.186510
v -0.253164 29.714603 1.325078
v 2.006860 29.711880 -0.186510
v -0.613716 29.708019 -2.339282
v -1.653891 29.712530 0.174398
v 0.496761 29.707821 -2.448762
v -1.237255 29.708767 -1.922235
v 0.496761 29.714603 1.325078
v 0.469774 25.635382 1.196591
v -1.139439 25.629969 -1.817002
v 0.469774 25.629091 -2.305633
v 0.804377 25.629272 -2.204033
v -0.869149 25.629574 -2.039042
v 0.121799 25.635441 1.230897
v 1.112749 25.629574 -2.039042
v -0.560778 25.629272 -2.204033
v -0.226175 25.635382 1.196591
v 1.383038 25.629969 -1.817002
v -0.226175 25.629091 -2.305633
v -0.560778 25.635201 1.094991
v 1.604859 25.630457 -1.546446
v 0.121799 25.629032 -2.339940
v -0.869149 25.634895 0.930000
v 1.769687 25.631016 -1.237771
v -1.139439 25.634504 0.707960
v 1.871188 25.631611 -0.902839
v -1.361260 25.634016 0.437404
v 1.905460 25.632236 -0.554521
v -1.526088 25.633457 0.128729
v 1.871188 25.632860 -0.206203
v -1.627588 25.632860 -0.206203
v 1.769687 25.633457 0.128729
v -1.661861 25.632236 -0.554521
v 1.604859 25.634016 0.437404
v -1.627588 25.631611 -0.902839
v 1.383038 25.634504 0.707960
v -1.526088 25.631016 -1.237771
v 1.112749 25.634895 0.930000
v -1.361260 25.630457 -1.546446
v 0.804377 25.635201 1.094991
v 0.771458 21.550446 -2.117158
v -0.821356 21.550732 -1.960125
v 0.121800 21.556314 1.152110
v 1.064957 21.550732 -1.960125
v -0.527857 21.550446 -2.117158
v -0.209392 21.556259 1.119458
v 1.322211 21.551107 -1.748793
v -0.209392 21.550272 -2.213858
v -0.527857 21.556086 1.022758
v 1.533334 21.551573 -1.491286
v 0.121800 21.550217 -2.246511
v -0.821356 21.555798 0.865725
v 1.690212 21.552103 -1.197498
v -1.078611 21.555426 0.654394
v 1.786818 21.552670 -0.878719
v -1.289733 21.554960 0.396886
v 1.819438 21.553267 -0.547200
v -1.446612 21.554428 0.103098
v 1.786818 21.553858 -0.215681
v -1.543217 21.553858 -0.215681
v 1.690212 21.554428 0.103098
v -1.575837 21.553267 -0.547200
v 1.533334 21.554960 0.396886
v -1.543217 21.552670 -0.878719
v 1.322211 21.555426 0.654394
v -1.446612 21.552103 -1.197498
v 1.064957 21.555798 0.865725
v -1.289733 21.551573 -1.491286
v 0.771458 21.556086 1.022758
v 0.452993 21.556259 1.119458
v -1.078611 21.551107 -1.748793
v 0.452993 21.550272 -2.213858
v 0.506213 33.786709 -2.503652
v -1.271518 33.787678 -1.963852
v 0.506213 33.793659 1.365326
v 1.216519 33.787239 -2.209144
v 0.121798 33.793720 1.403225
v 2.092244 33.790184 -0.569163
v -1.516568 33.792149 0.526637
v 2.054382 33.789486 -0.953957
v -1.516568 33.788216 -1.664963
v 0.875855 33.793453 1.253086
v -0.972923 33.787239 -2.209144
v -1.271518 33.792686 0.825525
v 1.216519 33.793121 1.070818
v 1.942252 33.788830 -1.323963
v -1.698657 33.788830 -1.323963
v 0.875855 33.786911 -2.391412
v -0.972923 33.793121 1.070818
v 1.515113 33.792686 0.825525
v 0.121798 33.786644 -2.541551
v -1.810787 33.789486 -0.953957
v 1.760163 33.788216 -1.664963
v 1.760163 33.792149 0.526637
v -0.632259 33.793453 1.253086
v -1.848648 33.790184 -0.569163
v -0.262617 33.786709 -2.503652
v 1.942252 33.791534 0.185637
v 1.515113 33.787678 -1.963852
v -1.810787 33.790871 -0.184369
v -0.262617 33.793659 1.365326
v 2.054382 33.790871 -0.184369
v -0.632259 33.786911 -2.391412
v -1.698657 33.791534 0.185637
v 0.130515 13.745998 -1.564395
v 0.327223 13.746347 -1.560291
v 0.514014 13.746782 -1.503715
v 0.686190 13.747292 -1.411749
v 0.837133 13.747854 -1.287928
v 0.961044 13.748446 -1.137009
v 1.053159 13.749050 -0.964792
v 1.109940 13.749638 -0.777895
v 1.129204 13.750189 -0.583501
v 1.110211 13.750683 -0.389081
v 1.053690 13.751099 -0.202105
v 0.961815 13.751423 -0.029759
v 0.838115 13.751640 0.121333
v 0.687344 13.751747 0.245366
v 0.515297 13.751732 0.337573
v 0.328584 13.751602 0.394410
v 0.134382 13.751358 0.413694
v -0.062326 13.751009 0.409590
v -0.249118 13.750572 0.353014
v -0.421293 13.750065 0.261049
v -0.572236 13.749502 0.137227
v -0.696147 13.748909 -0.013692
v -0.788262 13.748306 -0.185909
v -0.845043 13.747719 -0.372806
v -0.864307 13.747168 -0.567199
v -0.845314 13.746674 -0.761620
v -0.788794 13.746258 -0.948596
v -0.696918 13.745934 -1.120942
v -0.573218 13.745716 -1.272034
v -0.422447 13.745611 -1.396067
v -0.250400 13.745625 -1.488274
v -0.063687 13.745754 -1.545111
v 0.964400 11.579603 -1.130112
v 0.518653 11.582890 0.344470
v -0.841687 11.578876 -0.365909
v 0.330579 11.577505 -1.553394
v 1.057047 11.582256 -0.195208
v -0.417937 11.581223 0.267945
v -0.569861 11.576874 -1.265137
v 0.133871 11.577156 -1.557498
v 1.056516 11.580208 -0.957895
v 0.331941 11.582760 0.401307
v -0.860951 11.578323 -0.560302
v 0.517371 11.577940 -1.496818
v 0.965171 11.582579 -0.022862
v -0.568880 11.580660 0.144124
v -0.419091 11.576769 -1.389170
v 1.113297 11.580795 -0.770998
v 0.137739 11.582514 0.420591
v -0.841957 11.577831 -0.754723
v 0.689547 11.578449 -1.404852
v 0.841471 11.582798 0.128230
v -0.692790 11.580067 -0.006795
v -0.247043 11.576780 -1.481377
v 1.132560 11.581347 -0.576604
v -0.058970 11.582167 0.416487
v -0.785437 11.577415 -0.941699
v 0.840490 11.579012 -1.281030
v 0.690701 11.582903 0.252263
v -0.784906 11.579464 -0.179012
v -0.060331 11.576912 -1.538214
v 1.113567 11.581841 -0.382184
v -0.245761 11.581730 0.359911
v -0.693561 11.577089 -1.114045
v 0.979070 11.578131 -1.129431
v 0.532296 11.582092 0.344838
v -0.827551 11.580141 -0.366493
v 0.345543 11.576992 -1.553157
v 1.071066 11.580643 -0.194463
v -0.404242 11.581844 0.267658
v -0.555099 11.577724 -1.265531
v 0.148838 11.576941 -1.557399
v 1.071066 11.578594 -0.957150
v 0.345543 11.582245 0.401545
v -0.846679 11.579618 -0.560901
v 0.532296 11.577143 -1.496451
v 0.979070 11.581104 -0.022181
v -0.555099 11.581512 0.143730
v -0.404242 11.577393 -1.389459
v 1.127716 11.579096 -0.770213
v 0.151328 11.582294 0.420692
v -0.827551 11.579096 -0.755308
v 0.704407 11.577393 -1.404364
v 0.855265 11.581512 0.128824
v -0.678904 11.581104 -0.007276
v -0.232130 11.577143 -1.481545
v 1.146845 11.579618 -0.575806
v -0.045378 11.582245 0.416450
v -0.770900 11.578594 -0.942244
v 0.855265 11.577724 -1.280437
v 0.704407 11.581844 0.252752
v -0.770900 11.580643 -0.179557
v -0.045378 11.576992 -1.538251
v 1.127716 11.580141 -0.381399
v -0.232130 11.582092 0.359744
v -0.678904 11.578131 -1.114525
v 1.071098 10.041533 -0.953701
v 0.345575 10.045183 0.404994
v -0.846647 10.042556 -0.557451
v 0.532328 10.040081 -1.493001
v 0.979102 10.044043 -0.018732
v -0.555067 10.044449 0.147179
v -0.404210 10.040330 -1.386009
v 1.127748 10.042034 -0.766764
v 0.151360 10.045233 0.424141
v -0.827519 10.042034 -0.751859
v 0.704439 10.040330 -1.400915
v 0.855297 10.044449 0.132273
v -0.678872 10.044043 -0.003827
v -0.232098 10.040081 -1.478096
v 1.146877 10.042556 -0.572357
v -0.045346 10.045183 0.419899
v -0.770868 10.041533 -0.938795
v 0.855297 10.040663 -1.276988
v 0.704439 10.044783 0.256201
v -0.770868 10.043581 -0.176108
v -0.045346 10.039929 -1.534802
v 1.127748 10.043079 -0.377950
v -0.232098 10.045030 0.363193
v -0.678872 10.041068 -1.111076
v 0.979102 10.041068 -1.125982
v 0.532328 10.045030 0.348287
v -0.827519 10.043079 -0.363044
v 0.345575 10.039929 -1.549708
v 1.071098 10.043581 -0.191014
v -0.404210 10.044783 0.271107
v -0.555067 10.040663 -1.262082
v 0.148870 10.039879 -1.553950
v 1.071130 8.759253 -0.950252
v 0.979134 8.758788 -1.122533
v 0.345607 8.762903 0.408443
v 0.532359 8.762751 0.351736
v -0.846615 8.760277 -0.554002
v -0.827487 8.760799 -0.359595
v 0.532359 8.757803 -1.489552
v 0.345607 8.757650 -1.546259
v 0.979134 8.761765 -0.015283
v 1.071130 8.761301 -0.187565
v -0.555035 8.762170 0.150628
v -0.404178 8.762505 0.274556
v -0.404178 8.758050 -1.382560
v -0.555035 8.758383 -1.258633
v 1.127780 8.759754 -0.763315
v 0.151392 8.762954 0.427590
v -0.827487 8.759754 -0.748410
v 0.704471 8.758050 -1.397466
v 0.855329 8.762170 0.135722
v -0.678841 8.761765 -0.000378
v -0.232066 8.757803 -1.474647
v 1.146909 8.760277 -0.568908
v -0.045314 8.762903 0.423348
v -0.770836 8.759253 -0.935346
v 0.855329 8.758383 -1.273539
v 0.704471 8.762505 0.259650
v -0.770836 8.761301 -0.172659
v -0.045314 8.757650 -1.531353
v 1.127780 8.760799 -0.374501
v -0.232066 8.762751 0.366642
v -0.678841 8.758788 -1.107627
v 0.148902 8.757599 -1.550501
v 1.071098 10.041533 -0.953701
v 0.345575 10.045183 0.404994
v -0.846647 10.042556 -0.557451
v 0.532328 10.040081 -1.493001
v 0.979102 10.044043 -0.018732
v -0.555067 10.044449 0.147179
v -0.404210 10.040330 -1.386009
v 1.127748 10.042034 -0.766764
v 0.151360 10.045233 0.424141
v -0.827519 10.042034 -0.751859
v 0.704439 10.040330 -1.400915
v 0.855297 10.044449 0.132273
v -0.678872 10.044043 -0.003827
v -0.232098 10.040081 -1.478096
v 1.146877 10.042556 -0.572357
v -0.045346 10.045183 0.419899
v -0.770868 10.041533 -0.938795
v 0.855297 10.040663 -1.276988
v 0.704439 10.044783 0.256201
v -0.770868 10.043581 -0.176108
v -0.045346 10.039929 -1.534802
v 1.127748 10.043079 -0.377950
v -0.232098 10.045030 0.363193
v -0.678872 10.041068 -1.111076
v 0.979102 10.041068 -1.125982
v 0.532328 10.045030 0.348287
v -0.827519 10.043079 -0.363044
v 0.345575 10.039929 -1.549708
v 1.071098 10.043581 -0.191014
v -0.404210 10.044783 0.271107
v -0.555067 10.040663 -1.262082
v 0.148870 10.039879 -1.553950
v 1.071130 8.759253 -0.950252
v 0.979134 8.758788 -1.122533
v 0.345607 8.762903 0.408443
v 0.532359 8.762751 0.351736
v -0.846615 8.760277 -0.554002
v -0.827487 8.760799 -0.359595
v 0.532359 8.757803 -1.489552
v 0.345607 8.757650 -1.546259
v 0.979134 8.761765 -0.015283
v 1.071130 8.761301 -0.187565
v -0.555035 8.762170 0.150628
v -0.404178 8.762505 0.274556
v -0.404178 8.758050 -1.382560
v -0.555035 8.758383 -1.258633
v 1.127780 8.759754 -0.763315
v 0.151392 8.762954 0.427590
v -0.827487 8.759754 -0.748410
v 0.704471 8.758050 -1.397466
v 0.855329 8.762170 0.135722
v -0.678841 8.761765 -0.000378
v -0.232066 8.757803 -1.474647
v 1.146909 8.760277 -0.568908
v -0.045314 8.762903 0.423348
v -0.770836 8.759253 -0.935346
v 0.855329 8.758383 -1.273539
v 0.704471 8.762505 0.259650
v -0.770836 8.761301 -0.172659
v -0.045314 8.757650 -1.531353
v 1.127780 8.760799 -0.374501
v -0.232066 8.762751 0.366642
v -0.678841 8.758788 -1.107627
v 0.148902 8.757599 -1.550501
v 0.979166 7.476508 -1.119084
v 0.532391 7.480471 0.355185
v -0.827455 7.478520 -0.356146
v 0.345639 7.475370 -1.542810
v 1.071162 7.479021 -0.184116
v -0.404146 7.480224 0.278005
v -0.555003 7.476103 -1.255184
v 0.148934 7.475319 -1.547052
v 1.071162 7.476972 -0.946803
v 0.345639 7.480623 0.411892
v -0.846583 7.477997 -0.550553
v 0.532391 7.475523 -1.486103
v 0.979166 7.479484 -0.011834
v -0.555003 7.479890 0.154077
v -0.404146 7.475770 -1.379112
v 1.127812 7.477475 -0.759866
v 0.151424 7.480674 0.431039
v -0.827455 7.477475 -0.744961
v 0.704503 7.475770 -1.394017
v 0.855361 7.479890 0.139171
v -0.678809 7.479484 0.003071
v -0.232034 7.475523 -1.471198
v 1.146941 7.477997 -0.565459
v -0.045282 7.480623 0.426797
v -0.770804 7.476972 -0.931897
v 0.855361 7.476103 -1.270090
v 0.704503 7.480224 0.263099
v -0.770804 7.479021 -0.169210
v -0.045282 7.475370 -1.527905
v 1.127812 7.478520 -0.371052
v -0.232034 7.480471 0.370091
v -0.678809 7.476508 -1.104178
v 1.071194 6.194693 -0.943354
v 0.345671 6.198344 0.415341
v -0.846551 6.195717 -0.547104
v 0.532423 6.193243 -1.482654
v 0.979198 6.197205 -0.008385
v -0.554971 6.197610 0.157526
v -0.404114 6.193491 -1.375662
v 1.127844 6.195195 -0.756417
v 0.151456 6.198394 0.434488
v -0.827423 6.195195 -0.741512
v 0.704535 6.193491 -1.390568
v 0.855393 6.197610 0.142620
v -0.678777 6.197205 0.006520
v -0.232002 6.193243 -1.467749
v 1.146973 6.195717 -0.562010
v -0.045250 6.198344 0.430246
v -0.770772 6.194693 -0.928448
v 0.855393 6.193824 -1.266641
v 0.704535 6.197945 0.266548
v -0.770772 6.196742 -0.165761
v -0.045250 6.193091 -1.524455
v 1.127844 6.196240 -0.367603
v -0.232002 6.198191 0.373540
v -0.678777 6.194229 -1.100729
v 0.979198 6.194229 -1.115635
v 0.532423 6.198191 0.358634
v -0.827423 6.196240 -0.352697
v 0.345671 6.193091 -1.539361
v 1.071194 6.196742 -0.180667
v -0.404114 6.197945 0.281454
v -0.554971 6.193824 -1.251735
v 0.148966 6.193040 -1.543603
v 0.979166 7.476508 -1.119084
v 0.532391 7.480471 0.355185
v -0.827455 7.478520 -0.356146
v 0.345639 7.475370 -1.542810
v 1.071162 7.479021 -0.184116
v -0.404146 7.480224 0.278005
v -0.555003 7.476103 -1.255184
v 0.148934 7.475319 -1.547052
v 1.071162 7.476972 -0.946803
v 0.345639 7.480623 0.411892
v -0.846583 7.477997 -0.550553
v 0.532391 7.475523 -1.486103
v 0.979166 7.479484 -0.011834
v -0.555003 7.479890 0.154077
v -0.404146 7.475770 -1.379112
v 1.127812 7.477475 -0.759866
v 0.151424 7.480674 0.431039
v -0.827455 7.477475 -0.744961
v 0.704503 7.475770 -1.394017
v 0.855361 7.479890 0.139171
v -0.678809 7.479484 0.003071
v -0.232034 7.475523 -1.471198
v 1.146941 7.477997 -0.565459
v -0.045282 7.480623 0.426797
v -0.770804 7.476972 -0.931897
v 0.855361 7.476103 -1.270090
v 0.704503 7.480224 0.263099
v -0.770804 7.479021 -0.169210
v -0.045282 7.475370 -1.527905
v 1.127812 7.478520 -0.371052
v -0.232034 7.480471 0.370091
v -0.678809 7.476508 -1.104178
v 1.071194 6.194693 -0.943354
v 0.345671 6.198344 0.415341
v -0.846551 6.195717 -0.547104
v 0.532423 6.193243 -1.482654
v 0.979198 6.197205 -0.008385
v -0.554971 6.197610 0.157526
v -0.404114 6.193491 -1.375662
v 1.127844 6.195195 -0.756417
v 0.151456 6.198394 0.434488
v -0.827423 6.195195 -0.741512
v 0.704535 6.193491 -1.390568
v 0.855393 6.197610 0.142620
v -0.678777 6.197205 0.006520
v -0.232002 6.193243 -1.467749
v 1.146973 6.195717 -0.562010
v -0.045250 6.198344 0.430246
v -0.770772 6.194693 -0.928448
v 0.855393 6.193824 -1.266641
v 0.704535 6.197945 0.266548
v -0.770772 6.196742 -0.165761
v -0.045250 6.193091 -1.524455
v 1.127844 6.196240 -0.367603
v -0.232002 6.198191 0.373540
v -0.678777 6.194229 -1.100729
v 0.979198 6.194229 -1.115635
v 0.532423 6.198191 0.358634
v -0.827423 6.196240 -0.352697
v 0.345671 6.193091 -1.539361
v 1.071194 6.196742 -0.180667
v -0.404114 6.197945 0.281454
v -0.554971 6.193824 -1.251735
v 0.148966 6.193040 -1.543603
v 1.071226 4.912413 -0.939905
v 0.345703 4.916064 0.418790
v -0.846519 4.913437 -0.543655
v 0.532455 4.910963 -1.479205
v 0.979230 4.914925 -0.004936
v -0.554939 4.915331 0.160975
v -0.404082 4.911211 -1.372213
v 1.127876 4.912915 -0.752968
v 0.151487 4.916115 0.437937
v -0.827391 4.912915 -0.738063
v 0.704567 4.911211 -1.387119
v 0.855425 4.915331 0.146069
v -0.678745 4.914925 0.009969
v -0.231970 4.910963 -1.464300
v 1.147005 4.913437 -0.558561
v -0.045218 4.916064 0.433695
v -0.770740 4.912413 -0.924999
v 0.855425 4.911544 -1.263192
v 0.704567 4.915665 0.269997
v -0.770740 4.914462 -0.162312
v -0.045218 4.910811 -1.521006
v 1.127876 4.913961 -0.364154
v -0.231970 4.915912 0.376989
v -0.678745 4.911949 -1.097280
v 0.979230 4.911949 -1.112186
v 0.532455 4.915912 0.362083
v -0.827391 4.913961 -0.349248
v 0.345703 4.910811 -1.535912
v 1.071226 4.914462 -0.177218
v -0.404082 4.915665 0.284903
v -0.554939 4.911544 -1.248286
v 0.148998 4.910760 -1.540154
v 0.148677 3.628480 -1.817209
v 0.401170 3.628532 -1.811765
v 0.640887 3.628684 -1.738976
v 0.861812 3.628931 -1.620773
v 1.055454 3.629265 -1.461698
v 1.214372 3.629669 -1.267865
v 1.332459 3.630133 -1.046723
v 1.405176 3.630636 -0.806769
v 1.429730 3.631158 -0.557226
v 1.405176 3.631681 -0.307682
v 1.332459 3.632182 -0.067729
v 1.214372 3.632645 0.153414
v 1.055454 3.633051 0.347246
v 0.861812 3.633385 0.506321
v 0.640887 3.633632 0.624524
v 0.401170 3.633785 0.697313
v 0.151873 3.633835 0.721891
v -0.100621 3.633785 0.716446
v -0.340338 3.633632 0.643657
v -0.561263 3.633385 0.525454
v -0.754905 3.633051 0.366379
v -0.913823 3.632645 0.172547
v -1.031910 3.632182 -0.048596
v -1.104627 3.631681 -0.288549
v -1.129181 3.631158 -0.538093
v -1.104627 3.630636 -0.787636
v -1.031910 3.630133 -1.027589
v -0.913823 3.629669 -1.248732
v -0.754905 3.629265 -1.442565
v -0.561263 3.628931 -1.601640
v -0.340338 3.628684 -1.719843
v -0.100621 3.628532 -1.792632
v 1.071242 4.271273 -0.938180
v 0.345719 4.274924 0.420514
v -0.846503 4.272298 -0.541931
v 0.532471 4.269824 -1.477481
v 0.979246 4.273785 -0.003212
v -0.554923 4.274191 0.162700
v -0.404066 4.270071 -1.370489
v 1.127892 4.271776 -0.751244
v 0.151504 4.274975 0.439662
v -0.827375 4.271776 -0.736338
v 0.704583 4.270071 -1.385394
v 0.855440 4.274191 0.147794
v -0.678729 4.273785 0.011694
v -0.231954 4.269824 -1.462575
v 1.147021 4.272298 -0.556836
v -0.045202 4.274924 0.435420
v -0.770724 4.271273 -0.923274
v 0.855440 4.270404 -1.261467
v 0.704583 4.274525 0.271721
v -0.770724 4.273322 -0.160588
v -0.045202 4.269671 -1.519282
v 1.127892 4.272821 -0.362429
v -0.231954 4.274772 0.378713
v -0.678729 4.270809 -1.095556
v 0.979246 4.270809 -1.110461
v 0.532471 4.274772 0.363808
v -0.827375 4.272821 -0.347524
v 0.345719 4.269671 -1.534187
v 1.071242 4.273322 -0.175493
v -0.404066 4.274525 0.286627
v -0.554923 4.270404 -1.246561
v 0.149014 4.269620 -1.538429
vn -0.7074 -0.0019 -0.7068
vn -0.8317 -0.0015 -0.5552
vn -0.3830 0.0025 0.9237
vn -0.5559 0.0022 0.8312
vn 0.9240 0.0011 0.3824
vn 0.9808 0.0005 0.1949
vn -0.0383 -0.0027 -0.9993
vn -0.1953 -0.0026 -0.9807
vn 0.1575 -0.0027 -0.9875
vn -0.9240 0.0010 0.3824
vn -0.9808 0.0005 0.1949
vn 0.5559 0.0022 0.8312
vn 0.3830 0.0025 0.9237
vn 0.8317 -0.0015 -0.5552
vn 0.7074 -0.0019 -0.7068
vn 0.7075 -0.0019 -0.7068
vn -0.9240 -0.0011 -0.3824
vn -0.1575 0.0027 0.9875
vn 1.0000 -0.0000 -0.0000
vn -0.3830 -0.0025 -0.9237
vn -0.8317 0.0015 0.5552
vn 0.7075 0.0019 0.7068
vn 0.7074 0.0019 0.7068
vn 0.5559 -0.0022 -0.8312
vn -0.9808 -0.0005 -0.1949
vn 0.0383 0.0027 0.9993
vn 0.9808 -0.0005 -0.1949
vn -0.5559 -0.0022 -0.8312
vn -0.7074 0.0019 0.7068
vn -0.7075 0.0019 0.7068
vn 0.8317 0.0015 0.5552
vn 0.3830 -0.0025 -0.9237
vn -1.0000 -0.0000 -0.0000
vn 0.1953 0.0026 0.9807
vn 0.9240 -0.0010 -0.3824
vn -0.7075 -0.0019 -0.7068
vn -0.0000 -1.0000 0.0018
vn -0.0183 -0.1109 -0.9937
vn 0.1915 -0.1523 -0.9696
vn 0.1748 -0.1084 -0.9786
vn 0.3787 -0.1496 -0.9134
vn 0.3809 -0.1067 -0.9184
vn 0.5499 -0.1493 -0.8218
vn 0.5529 -0.1064 -0.8264
vn 0.7035 -0.1065 -0.7027
vn 0.6998 -0.1494 -0.6986
vn 0.8270 -0.1071 -0.5519
vn 0.8226 -0.1500 -0.5484
vn 0.9187 -0.1081 -0.3800
vn 0.9137 -0.1511 -0.3773
vn 0.9750 -0.1095 -0.1936
vn 0.9695 -0.1525 -0.1917
vn 0.9938 -0.1112 0.0002
vn 0.9880 -0.1543 0.0010
vn 0.9745 -0.1132 0.1938
vn 0.9685 -0.1564 0.1936
vn 0.9178 -0.1154 0.3799
vn 0.9119 -0.1587 0.3785
vn 0.8259 -0.1177 0.5514
vn 0.8202 -0.1611 0.5489
vn 0.7023 -0.1200 0.7017
vn 0.6972 -0.1635 0.6980
vn 0.5517 -0.1223 0.8250
vn 0.5475 -0.1658 0.8202
vn 0.3800 -0.1244 0.9166
vn 0.3768 -0.1680 0.9109
vn 0.1937 -0.1262 0.9729
vn 0.1918 -0.1698 0.9666
vn 0.0197 -0.1267 0.9917
vn 0.0009 -0.1695 0.9855
vn -0.1757 -0.1265 0.9763
vn -0.1927 -0.1684 0.9667
vn -0.3798 -0.1262 0.9164
vn -0.3775 -0.1693 0.9104
vn -0.5514 -0.1267 0.8246
vn -0.6970 -0.1700 0.6967
vn -0.7016 -0.1268 0.7012
vn -0.8194 -0.1699 0.5475
vn -0.8249 -0.1267 0.5509
vn -0.9104 -0.1694 0.3774
vn -0.9165 -0.1262 0.3795
vn -0.9666 -0.1687 0.1928
vn -0.9730 -0.1254 0.1936
vn -0.9858 -0.1677 0.0008
vn -0.9922 -0.1243 0.0002
vn -0.9673 -0.1664 -0.1914
vn -0.9734 -0.1230 -0.1932
vn -0.9117 -0.1650 -0.3763
vn -0.9172 -0.1216 -0.3793
vn -0.8210 -0.1634 -0.5470
vn -0.8258 -0.1200 -0.5510
vn -0.6987 -0.1618 -0.6969
vn -0.7026 -0.1183 -0.7017
vn -0.5494 -0.1601 -0.8201
vn -0.5522 -0.1166 -0.8255
vn -0.3788 -0.1585 -0.9118
vn -0.3805 -0.1150 -0.9176
vn -0.1934 -0.1570 -0.9685
vn -0.1940 -0.1135 -0.9744
vn -0.0004 -0.1557 -0.9878
vn -0.1944 -0.0691 -0.9785
vn -0.0369 -0.0661 -0.9971
vn -0.3816 -0.0706 -0.9216
vn -0.5541 -0.0722 -0.8293
vn -0.7051 -0.0739 -0.7052
vn -0.8291 -0.0756 -0.5540
vn -0.9211 -0.0773 -0.3817
vn -0.9777 -0.0788 -0.1947
vn -0.9968 -0.0801 -0.0003
vn -0.9776 -0.0812 0.1940
vn -0.9210 -0.0820 0.3809
vn -0.8289 -0.0826 0.5532
vn -0.7050 -0.0827 0.7044
vn -0.5539 -0.0826 0.8285
vn -0.3815 -0.0821 0.9207
vn -0.1575 -0.0830 0.9840
vn 0.0386 -0.0828 0.9958
vn 0.1951 -0.0816 0.9774
vn 0.3823 -0.0798 0.9206
vn 0.5548 -0.0778 0.8283
vn 0.7059 -0.0757 0.7043
vn 0.8299 -0.0734 0.5531
vn 0.9219 -0.0712 0.3808
vn 0.9786 -0.0691 0.1938
vn 0.9977 -0.0672 -0.0006
vn 0.9786 -0.0656 -0.1949
vn 0.9220 -0.0643 -0.3819
vn 0.8299 -0.0633 -0.5543
vn 0.7060 -0.0628 -0.7054
vn 0.5549 -0.0627 -0.8296
vn 0.3824 -0.0630 -0.9218
vn 0.1574 -0.0639 -0.9855
vn -0.0000 -1.0000 0.0021
vn -0.7913 0.5157 -0.3284
vn -0.7127 0.5149 -0.4764
vn -0.7914 0.5158 -0.3282
vn -0.0000 -0.1357 -0.9908
vn 0.1948 -0.0686 -0.9784
vn 0.1935 -0.1357 -0.9717
vn 0.9157 -0.1331 0.3792
vn 0.9786 -0.0664 0.1946
vn 0.9219 -0.0661 0.3816
vn -0.3796 -0.1323 0.9157
vn -0.5547 -0.0653 0.8295
vn -0.5509 -0.1324 0.8240
vn -0.7011 -0.1351 -0.7002
vn -0.8299 -0.0678 -0.5538
vn -0.7059 -0.0681 -0.7051
vn 0.8242 -0.1348 -0.5500
vn 0.9219 -0.0675 -0.3814
vn 0.9157 -0.1345 -0.3787
vn 0.1935 -0.1322 0.9722
vn 0.3821 -0.0652 0.9218
vn 0.1948 -0.0651 0.9787
vn -0.9720 -0.1334 0.1934
vn -0.9978 -0.0668 0.0001
vn -0.9910 -0.1338 0.0002
vn 0.3821 -0.0685 -0.9216
vn 0.3796 -0.1355 -0.9152
vn 0.8242 -0.1328 0.5504
vn 0.8299 -0.0658 0.5541
vn -0.7059 -0.0655 0.7053
vn -0.7011 -0.1326 0.7006
vn -0.5509 -0.1354 -0.8235
vn -0.5547 -0.0683 -0.8292
vn 0.9786 -0.0671 -0.1944
vn 0.9720 -0.1341 -0.1929
vn -0.0000 -0.1321 0.9912
vn -0.0000 -0.0650 0.9979
vn -0.9720 -0.1341 -0.1929
vn -0.9786 -0.0671 -0.1944
vn 0.5547 -0.0683 -0.8292
vn 0.5509 -0.1354 -0.8235
vn 0.7011 -0.1326 0.7006
vn 0.7059 -0.0655 0.7053
vn -0.8299 -0.0658 0.5541
vn -0.8242 -0.1328 0.5504
vn -0.3796 -0.1355 -0.9152
vn -0.3821 -0.0685 -0.9216
vn 0.9978 -0.0668 0.0001
vn 0.9910 -0.1338 0.0002
vn -0.1948 -0.0651 0.9787
vn -0.1935 -0.1322 0.9722
vn -0.9157 -0.1345 -0.3787
vn -0.9219 -0.0675 -0.3814
vn 0.7059 -0.0681 -0.7051
vn 0.7011 -0.1351 -0.7002
vn 0.5509 -0.1324 0.8240
vn 0.5547 -0.0653 0.8295
vn -0.9219 -0.0661 0.3816
vn -0.9157 -0.1331 0.3792
vn -0.1935 -0.1357 -0.9717
vn -0.1948 -0.0686 -0.9784
vn 0.9720 -0.1334 0.1934
vn -0.3821 -0.0652 0.9218
vn -0.8242 -0.1348 -0.5500
vn 0.8299 -0.0678 -0.5538
vn 0.3796 -0.1323 0.9157
vn -0.9786 -0.0664 0.1946
vn -0.0000 -0.0686 -0.9976
vn -0.9235 -0.0346 -0.3821
vn -0.8314 -0.0276 -0.5550
vn -0.9237 -0.0272 -0.3822
vn 0.4743 0.5225 0.7085
vn 0.3268 0.5230 0.7872
vn 0.3267 0.5230 0.7872
vn -0.7126 0.5148 -0.4766
vn -0.6064 0.5142 -0.6065
vn 0.1666 0.5233 0.8357
vn 0.1665 0.5234 0.8357
vn 0.1675 0.5129 -0.8420
vn 0.3284 0.5131 -0.7930
vn 0.3285 0.5131 -0.7930
vn -0.6064 0.5141 -0.6066
vn -0.4767 0.5136 -0.7134
vn -0.0000 0.5235 0.8521
vn -0.0000 0.5235 0.8520
vn 0.4766 0.5135 -0.7135
vn 0.4767 0.5136 -0.7134
vn -0.4766 0.5135 -0.7135
vn -0.3285 0.5131 -0.7930
vn -0.1665 0.5234 0.8357
vn 0.6064 0.5141 -0.6066
vn 0.6064 0.5142 -0.6065
vn -0.3284 0.5131 -0.7930
vn -0.1675 0.5129 -0.8420
vn -0.1666 0.5233 0.8357
vn -0.3267 0.5230 0.7872
vn 0.7126 0.5148 -0.4766
vn 0.7127 0.5149 -0.4764
vn -0.1675 0.5128 -0.8420
vn -0.0000 0.5128 -0.8585
vn -0.3268 0.5230 0.7872
vn -0.4743 0.5225 0.7085
vn 0.7913 0.5157 -0.3284
vn 0.7914 0.5158 -0.3282
vn -0.0000 -0.0284 -0.9996
vn 0.1952 -0.0357 -0.9801
vn 0.1952 -0.0283 -0.9804
vn -0.4745 0.5224 0.7085
vn -0.6038 0.5218 0.6026
vn 0.8396 0.5167 -0.1677
vn 0.8396 0.5168 -0.1675
vn -0.6040 0.5217 0.6025
vn -0.7103 0.5209 0.4735
vn 0.8556 0.5177 -0.0009
vn 0.8555 0.5178 -0.0007
vn -0.7105 0.5208 0.4733
vn -0.7895 0.5199 0.3261
vn 0.8387 0.5188 0.1657
vn 0.8386 0.5189 0.1660
vn -0.7897 0.5198 0.3258
vn -0.8386 0.5189 0.1660
vn 0.7897 0.5198 0.3258
vn 0.7895 0.5199 0.3261
vn -0.8387 0.5188 0.1657
vn -0.8555 0.5178 -0.0007
vn 0.7105 0.5208 0.4733
vn 0.7103 0.5209 0.4735
vn -0.8556 0.5177 -0.0009
vn -0.8396 0.5168 -0.1675
vn 0.6040 0.5217 0.6025
vn 0.6038 0.5218 0.6026
vn -0.8396 0.5167 -0.1677
vn 0.4745 0.5224 0.7085
vn -0.0000 1.0000 -0.0012
vn -0.0000 1.0000 -0.0011
vn -0.9994 -0.0339 0.0001
vn -0.9805 -0.0269 -0.1948
vn -0.9996 -0.0266 -0.0000
vn -0.1952 -0.0357 -0.9801
vn -0.1952 -0.0283 -0.9804
vn 0.5556 -0.0324 0.8308
vn 0.3829 -0.0249 0.9235
vn 0.5557 -0.0251 0.8310
vn 0.8312 -0.0329 0.5549
vn 0.7072 -0.0253 0.7066
vn 0.8314 -0.0256 0.5550
vn -0.3829 -0.0249 0.9235
vn -0.5556 -0.0324 0.8308
vn -0.5557 -0.0251 0.8310
vn -0.8312 -0.0349 -0.5548
vn -0.7072 -0.0278 -0.7065
vn -0.9803 -0.0342 -0.1947
vn 0.8314 -0.0276 -0.5550
vn 0.9235 -0.0346 -0.3821
vn 0.9237 -0.0272 -0.3822
vn 0.3828 -0.0322 0.9233
vn 0.1952 -0.0248 0.9804
vn 0.7070 -0.0326 0.7064
vn -0.7070 -0.0326 0.7064
vn -0.7072 -0.0253 0.7066
vn 0.3828 -0.0356 -0.9232
vn 0.3829 -0.0282 -0.9234
vn 0.9803 -0.0342 -0.1947
vn 0.9805 -0.0269 -0.1948
vn -0.7070 -0.0352 -0.7063
vn -0.5557 -0.0281 -0.8309
vn -0.8312 -0.0329 0.5549
vn -0.8314 -0.0256 0.5550
vn -0.0000 -0.0321 0.9995
vn -0.0000 -0.0248 0.9997
vn 0.9994 -0.0339 0.0001
vn 0.9996 -0.0266 -0.0000
vn 0.5556 -0.0354 -0.8307
vn 0.5557 -0.0281 -0.8309
vn -0.9235 -0.0332 0.3822
vn -0.9237 -0.0259 0.3823
vn -0.5556 -0.0354 -0.8307
vn -0.3829 -0.0282 -0.9234
vn 0.9805 -0.0262 0.1949
vn -0.1952 -0.0248 0.9804
vn -0.9803 -0.0335 0.1949
vn -0.9805 -0.0262 0.1949
vn 0.7070 -0.0352 -0.7063
vn 0.7072 -0.0278 -0.7065
vn 0.9803 -0.0335 0.1949
vn 0.9237 -0.0259 0.3823
vn -0.3828 -0.0356 -0.9232
vn -0.3828 -0.0322 0.9233
vn 0.7074 -0.0176 -0.7066
vn 0.8315 -0.0221 -0.5550
vn 0.8316 -0.0173 -0.5551
vn 0.9235 -0.0332 0.3822
vn 0.8312 -0.0349 -0.5548
vn 0.1675 0.5128 -0.8420
vn 0.9238 -0.0204 0.3823
vn 0.8316 -0.0153 0.5552
vn 0.9239 -0.0156 0.3823
vn -0.1952 -0.0146 0.9806
vn -0.3829 -0.0194 0.9236
vn -0.3829 -0.0147 0.9237
vn -0.9806 -0.0207 0.1949
vn -0.9999 -0.0163 -0.0000
vn -0.9807 -0.0160 0.1949
vn -0.3829 -0.0227 -0.9235
vn -0.1952 -0.0181 -0.9806
vn -0.3829 -0.0180 -0.9236
vn 0.9806 -0.0207 0.1949
vn 0.9807 -0.0160 0.1949
vn 0.5559 -0.0178 -0.8311
vn 0.7073 -0.0223 -0.7066
vn -0.9239 -0.0156 0.3823
vn -0.0000 -0.0193 0.9998
vn -0.0000 -0.0146 0.9999
vn 0.9999 -0.0163 -0.0000
vn -0.5558 -0.0226 -0.8310
vn -0.5559 -0.0178 -0.8311
vn -0.8316 -0.0153 0.5552
vn -0.9238 -0.0204 0.3823
vn 0.3829 -0.0180 -0.9236
vn 0.5558 -0.0226 -0.8310
vn 0.9807 -0.0167 -0.1949
vn 0.9998 -0.0211 -0.0000
vn 0.1952 -0.0146 0.9806
vn -0.7074 -0.0151 0.7067
vn -0.8315 -0.0201 0.5551
vn -0.7073 -0.0223 -0.7066
vn -0.7074 -0.0176 -0.7066
vn 0.9239 -0.0170 -0.3823
vn 0.9806 -0.0214 -0.1948
vn 0.1952 -0.0181 -0.9806
vn 0.3829 -0.0227 -0.9235
vn -0.5559 -0.0148 0.8311
vn -0.7073 -0.0198 0.7066
vn 0.7073 -0.0198 0.7066
vn 0.5559 -0.0148 0.8311
vn 0.7074 -0.0151 0.7067
vn 0.3829 -0.0194 0.9236
vn 0.3829 -0.0147 0.9237
vn 0.9238 -0.0218 -0.3822
vn -0.9806 -0.0214 -0.1948
vn -0.9239 -0.0170 -0.3823
vn -0.9807 -0.0167 -0.1949
vn -0.8315 -0.0221 -0.5550
vn -0.8316 -0.0173 -0.5551
vn -0.5558 -0.0196 0.8311
vn 0.8315 -0.0201 0.5551
vn 0.5558 -0.0196 0.8311
vn -0.1952 -0.0228 -0.9805
vn -0.0000 -0.0181 -0.9998
vn -0.9998 -0.0211 -0.0000
vn 0.1952 -0.0228 -0.9805
vn -0.9238 -0.0218 -0.3822
vn -0.0000 -0.0210 -0.9998
vn 0.1953 -0.0136 -0.9807
vn 0.1952 -0.0209 -0.9805
vn 0.7074 -0.0106 0.7067
vn 0.5558 -0.0177 0.8311
vn 0.7073 -0.0179 0.7067
vn -0.9806 -0.0195 -0.1948
vn -0.9239 -0.0126 -0.3823
vn -0.9238 -0.0198 -0.3823
vn 0.8317 -0.0109 0.5552
vn 0.8316 -0.0182 0.5551
vn -0.9998 -0.0191 -0.0000
vn -0.9808 -0.0122 -0.1949
vn 0.9239 -0.0112 0.3824
vn 0.9238 -0.0185 0.3823
vn -0.9806 -0.0188 0.1949
vn -0.9999 -0.0119 -0.0000
vn 0.9808 -0.0115 0.1949
vn 0.9806 -0.0188 0.1949
vn -0.9238 -0.0185 0.3823
vn -0.9808 -0.0115 0.1949
vn 0.9999 -0.0119 -0.0000
vn 0.9998 -0.0191 -0.0000
vn -0.8316 -0.0182 0.5551
vn -0.9239 -0.0112 0.3824
vn 0.9808 -0.0122 -0.1949
vn 0.9806 -0.0195 -0.1948
vn -0.7073 -0.0179 0.7067
vn -0.8317 -0.0109 0.5552
vn 0.9239 -0.0126 -0.3823
vn 0.9238 -0.0198 -0.3823
vn -0.5558 -0.0177 0.8311
vn -0.7074 -0.0106 0.7067
vn 0.8317 -0.0129 -0.5551
vn 0.8316 -0.0202 -0.5551
vn -0.3829 -0.0175 0.9236
vn -0.5559 -0.0104 0.8312
vn -0.1953 -0.0136 -0.9807
vn -0.1952 -0.0209 -0.9805
vn 0.7074 -0.0132 -0.7067
vn 0.7073 -0.0204 -0.7066
vn -0.1952 -0.0174 0.9806
vn -0.3830 -0.0102 0.9237
vn -0.3829 -0.0208 -0.9235
vn 0.5559 -0.0134 -0.8311
vn 0.5558 -0.0207 -0.8310
vn -0.0000 -0.0101 0.9999
vn -0.0000 -0.0174 0.9998
vn -0.5558 -0.0207 -0.8310
vn -0.3830 -0.0135 -0.9237
vn 0.3830 -0.0135 -0.9237
vn 0.3829 -0.0208 -0.9235
vn 0.1952 -0.0174 0.9806
vn -0.7073 -0.0204 -0.7066
vn -0.5559 -0.0134 -0.8311
vn 0.3830 -0.0102 0.9237
vn 0.3829 -0.0175 0.9236
vn -0.8316 -0.0202 -0.5551
vn -0.7074 -0.0132 -0.7067
vn 0.5559 -0.0104 0.8312
vn -0.8317 -0.0129 -0.5551
vn 0.1952 -0.0321 0.9802
vn -0.1952 -0.0321 0.9802
vn -0.0000 -0.0357 -0.9994
vn -0.1952 -0.0193 0.9806
vn 0.1952 -0.0193 0.9806
vn -0.0000 -0.0229 -0.9997
vn -0.0000 -0.0137 -0.9999
vn 0.1953 -0.0115 -0.9807
vn 0.7074 -0.0085 0.7067
vn -0.9240 -0.0104 -0.3823
vn 0.8317 -0.0087 0.5552
vn -0.9808 -0.0101 -0.1949
vn 0.9240 -0.0090 0.3824
vn -1.0000 -0.0097 -0.0000
vn 0.9808 -0.0094 0.1949
vn -0.9808 -0.0094 0.1949
vn 1.0000 -0.0097 -0.0000
vn -0.9240 -0.0090 0.3824
vn 0.9808 -0.0101 -0.1949
vn -0.8317 -0.0087 0.5552
vn 0.9240 -0.0104 -0.3823
vn -0.7074 -0.0085 0.7067
vn 0.8317 -0.0107 -0.5552
vn -0.5559 -0.0082 0.8312
vn -0.1953 -0.0115 -0.9807
vn 0.7074 -0.0110 -0.7067
vn -0.1953 -0.0101 0.9807
vn -0.3830 -0.0081 0.9237
vn 0.5559 -0.0112 -0.8312
vn -0.0000 -0.0079 1.0000
vn -0.3830 -0.0114 -0.9237
vn 0.3830 -0.0114 -0.9237
vn 0.1953 -0.0101 0.9807
vn -0.5559 -0.0112 -0.8312
vn 0.3830 -0.0081 0.9237
vn -0.7074 -0.0110 -0.7067
vn 0.5559 -0.0082 0.8312
vn -0.8317 -0.0107 -0.5552
vn 0.9237 0.0002 -0.3830
vn 0.8313 -0.0005 -0.5558
vn 0.1960 0.0034 0.9806
vn 0.3836 0.0035 0.9235
vn 0.3837 0.0035 0.9235
vn -0.9807 -0.0009 0.1956
vn -1.0000 -0.0015 0.0007
vn 0.3823 -0.0023 -0.9240
vn 0.1568 -0.0029 -0.9876
vn 0.8321 0.0031 0.5546
vn 0.9243 0.0026 0.3817
vn -0.5554 0.0018 0.8316
vn -0.7069 0.0012 0.7073
vn -0.5553 0.0018 0.8316
vn -0.7079 -0.0033 -0.7063
vn -0.5565 -0.0035 -0.8308
vn -0.7080 -0.0033 -0.7062
vn 0.9807 0.0009 -0.1956
vn 0.9238 0.0002 -0.3830
vn 0.0390 0.0032 0.9992
vn 0.1959 0.0034 0.9806
vn -0.9810 -0.0021 -0.1942
vn 0.5553 -0.0018 -0.8316
vn 0.3824 -0.0023 -0.9240
vn 0.7080 0.0033 0.7062
vn -0.7070 0.0012 0.7072
vn -0.8313 0.0005 0.5558
vn -0.3837 -0.0035 -0.9235
vn 1.0000 0.0015 -0.0007
vn -0.1568 0.0029 0.9876
vn -0.9809 -0.0021 -0.1943
vn -0.9243 -0.0026 -0.3817
vn 0.7069 -0.0012 -0.7073
vn 0.5554 -0.0018 -0.8316
vn 0.5565 0.0035 0.8308
vn 0.7079 0.0033 0.7063
vn -0.9237 -0.0002 0.3830
vn -0.3836 -0.0035 -0.9235
vn -0.1960 -0.0034 -0.9806
vn 0.9810 0.0021 0.1942
vn -0.3823 0.0023 0.9240
vn -0.8321 -0.0031 -0.5546
vn 0.7070 -0.0012 -0.7072
vn -0.9238 -0.0002 0.3830
vn -0.0390 -0.0032 -0.9992
vn -0.1959 -0.0034 -0.9806
vn 0.9809 0.0021 0.1943
vn -0.3824 0.0023 0.9240
vn 0.8317 -0.0012 -0.5552
vn 0.9240 -0.0008 -0.3824
vn 0.3830 0.0021 0.9238
vn 0.1953 0.0022 0.9807
vn 0.3830 0.0021 0.9237
vn -0.9808 0.0004 0.1949
vn 0.1575 -0.0022 -0.9875
vn 0.3830 -0.0021 -0.9237
vn 0.9240 0.0009 0.3824
vn 0.8317 0.0013 0.5552
vn 0.9240 0.0009 0.3823
vn -0.7074 0.0016 0.7068
vn -0.5560 0.0019 0.8312
vn -0.5559 0.0019 0.8312
vn -0.5560 -0.0019 -0.8312
vn -0.7074 -0.0016 -0.7068
vn -0.7075 -0.0016 -0.7067
vn 0.9240 -0.0008 -0.3823
vn 0.9808 -0.0004 -0.1949
vn 0.0383 0.0022 0.9993
vn 0.5559 -0.0019 -0.8312
vn 0.7075 0.0016 0.7067
vn -0.8317 0.0012 0.5552
vn -0.7075 0.0016 0.7067
vn -0.3830 -0.0021 -0.9237
vn -0.5559 -0.0019 -0.8312
vn -0.1575 0.0022 0.9875
vn -0.9240 -0.0009 -0.3823
vn 0.5560 -0.0019 -0.8312
vn 0.7074 -0.0016 -0.7068
vn 0.7074 0.0016 0.7068
vn 0.5560 0.0019 0.8312
vn -0.9240 0.0008 0.3824
vn -0.1953 -0.0022 -0.9807
vn -0.3830 -0.0021 -0.9238
vn -0.3830 0.0021 0.9237
vn -0.8317 -0.0013 -0.5552
vn -0.9240 -0.0009 -0.3824
vn 0.7075 -0.0016 -0.7067
vn 0.5559 0.0019 0.8312
vn -0.9240 0.0008 0.3823
vn -0.0383 -0.0022 -0.9993
vn 0.7605 0.4037 -0.5085
vn 0.8450 0.4037 -0.3507
vn 0.7604 0.4038 -0.5086
vn 0.3508 0.4030 0.8453
vn 0.1789 0.4030 0.8975
vn 0.3509 0.4031 0.8452
vn -0.8973 0.4043 0.1771
vn -0.9150 0.4034 -0.0007
vn -0.8972 0.4043 0.1776
vn 0.1427 0.4036 -0.9037
vn 0.3500 0.4039 -0.8452
vn 0.1451 0.4036 -0.9033
vn 0.8459 0.4033 0.3491
vn 0.7616 0.4033 0.5074
vn 0.8459 0.4033 0.3490
vn -0.5083 0.4073 0.7588
vn -0.6466 0.4067 0.6453
vn -0.5081 0.4073 0.7590
vn -0.6477 0.4002 -0.6483
vn -0.5093 0.3996 -0.7622
vn -0.6480 0.4002 -0.6480
vn 0.8451 0.4036 -0.3506
vn 0.8972 0.4036 -0.1793
vn 0.1789 0.4030 0.8976
vn 0.0346 0.4027 0.9147
vn -0.9150 0.4035 -0.0012
vn -0.8977 0.4025 -0.1791
vn 0.5081 0.4039 -0.7607
vn 0.7615 0.4032 0.5075
vn 0.6479 0.4032 0.6463
vn -0.6469 0.4067 0.6450
vn -0.7604 0.4060 0.5069
vn -0.5090 0.3997 -0.7623
vn -0.3509 0.3992 -0.8470
vn 0.8973 0.4035 -0.1792
vn 0.9150 0.4035 -0.0010
vn -0.1428 0.4077 0.9019
vn 0.0356 0.4027 0.9147
vn -0.8976 0.4026 -0.1796
vn -0.8460 0.4017 -0.3507
vn 0.5082 0.4039 -0.7607
vn 0.6467 0.4038 -0.6471
vn 0.5092 0.4031 0.7604
vn -0.7606 0.4060 0.5065
vn -0.8450 0.4052 0.3490
vn -0.3507 0.3992 -0.8471
vn -0.1790 0.3989 -0.8994
vn 0.9150 0.4034 -0.0009
vn 0.8977 0.4034 0.1774
vn -0.3500 0.4077 0.8434
vn -0.1451 0.4077 0.9015
vn -0.8457 0.4017 -0.3512
vn -0.7616 0.4009 -0.5091
vn 0.6468 0.4038 -0.6470
vn -0.8452 0.4052 0.3485
vn -0.0347 0.3985 -0.9165
vn -0.0357 0.3985 -0.9165
vn -0.1788 0.3989 -0.8994
vn 0.8977 0.4033 0.1775
vn -0.3502 0.4077 0.8433
vn -0.7614 0.4009 -0.5095
vn -0.5478 -0.1698 0.8192
vn 0.0002 -1.0000 0.0015
vn 0.0001 -1.0000 0.0019
vn 0.0001 -1.0000 0.0020
vn 0.0001 -1.0000 0.0021
vn 0.0002 -1.0000 0.0016
vn -0.0000 -0.0115 -0.9999
vn -0.1953 -0.0080 0.9807
vn 0.1953 -0.0080 0.9807
vt 0.968232 0.866044
vt 0.933214 0.858474
vt 0.968320 0.858428
vt 0.933292 0.790151
vt 0.968605 0.781426
vt 0.968382 0.790266
vt 0.949589 0.008940
vt 0.984760 0.018779
vt 0.949654 0.018823
vt 0.968129 0.906065
vt 0.933008 0.895424
vt 0.968114 0.895378
vt 0.933057 0.916798
vt 0.933023 0.906111
vt 0.984619 0.106301
vt 0.949501 0.116959
vt 0.949512 0.106263
vt 0.933136 0.841768
vt 0.968129 0.831978
vt 0.968227 0.841882
vt 0.949654 0.060386
vt 0.984695 0.069235
vt 0.949589 0.069280
vt 0.984782 0.153837
vt 0.949601 0.146232
vt 0.984708 0.146270
vt 0.933126 0.799993
vt 0.968216 0.800107
vt 0.949694 0.029315
vt 0.984800 0.029271
vt 0.933020 0.884927
vt 0.968126 0.884881
vt 0.984653 0.095811
vt 0.949546 0.095773
vt 0.933297 0.850699
vt 0.968387 0.850814
vt 0.984607 0.076798
vt 0.949501 0.076843
vt 0.949546 0.137336
vt 0.984653 0.137373
vt 0.968135 0.810794
vt 0.933045 0.810680
vt 0.984814 0.039968
vt 0.949708 0.040013
vt 0.933060 0.875022
vt 0.968166 0.874976
vt 0.984708 0.085931
vt 0.949601 0.085893
vt 0.933514 0.858314
vt 0.968605 0.858428
vt 0.968320 0.935432
vt 0.933124 0.926639
vt 0.968230 0.926593
vt 0.984619 0.127489
vt 0.949512 0.127451
vt 0.933008 0.821366
vt 0.968098 0.821481
vt 0.984800 0.050459
vt 0.949694 0.050504
vt 0.933126 0.866090
vt 0.984782 0.077040
vt 0.949675 0.077002
vt 0.984607 0.000000
vt 0.984695 0.008895
vt 0.968163 0.916751
vt 0.984608 0.116997
vt 0.933038 0.831863
vt 0.984760 0.060342
vt 0.680404 0.644883
vt 0.712060 0.641756
vt 0.742500 0.650993
vt 0.808163 0.290526
vt 0.824808 0.179152
vt 0.820454 0.290486
vt 0.839537 0.179059
vt 0.831891 0.290414
vt 0.852766 0.178935
vt 0.842163 0.290318
vt 0.622937 0.410992
vt 0.644707 0.522466
vt 0.635917 0.522365
vt 0.634257 0.411123
vt 0.655043 0.522542
vt 0.647568 0.411220
vt 0.666528 0.522588
vt 0.662358 0.411280
vt 0.678721 0.522604
vt 0.678060 0.411300
vt 0.691152 0.522589
vt 0.694070 0.411280
vt 0.703345 0.522542
vt 0.709773 0.411220
vt 0.714831 0.522467
vt 0.724565 0.411123
vt 0.725169 0.522365
vt 0.622937 0.179662
vt 0.644471 0.291347
vt 0.635622 0.291591
vt 0.634334 0.179347
vt 0.654850 0.291167
vt 0.647701 0.179116
vt 0.666361 0.291059
vt 0.662524 0.178977
vt 0.678560 0.291026
vt 0.678235 0.178935
vt 0.690980 0.291070
vt 0.694229 0.178992
vt 0.703271 0.291176
vt 0.709891 0.179145
vt 0.714708 0.291366
vt 0.724621 0.179390
vt 0.724981 0.291620
vt 0.749974 0.522367
vt 0.751184 0.411105
vt 0.760306 0.522455
vt 0.765971 0.411189
vt 0.771788 0.522520
vt 0.781670 0.411241
vt 0.783979 0.522560
vt 0.797679 0.411259
vt 0.796410 0.522574
vt 0.813382 0.411241
vt 0.808603 0.522561
vt 0.828175 0.411189
vt 0.820090 0.522520
vt 0.841491 0.411105
vt 0.830430 0.522455
vt 0.852816 0.410992
vt 0.839224 0.522367
vt 0.752802 0.290313
vt 0.749249 0.179059
vt 0.761653 0.290409
vt 0.762617 0.179152
vt 0.772033 0.290481
vt 0.777441 0.179209
vt 0.783544 0.290526
vt 0.793152 0.179228
vt 0.795744 0.290540
vt 0.809146 0.179209
vt 0.797515 0.409734
vt 0.808202 0.409722
vt 0.787018 0.409718
vt 0.777113 0.409676
vt 0.768181 0.409608
vt 0.760565 0.409517
vt 0.825396 0.641627
vt 0.832963 0.641560
vt 0.816499 0.641674
vt 0.806615 0.641699
vt 0.796123 0.641701
vt 0.785426 0.641680
vt 0.774937 0.641637
vt 0.765056 0.641574
vt 0.756166 0.641492
vt 0.718083 0.410992
vt 0.709243 0.410770
vt 0.699401 0.410603
vt 0.688714 0.410523
vt 0.678028 0.410486
vt 0.667531 0.410516
vt 0.657626 0.410614
vt 0.648695 0.410775
vt 0.641080 0.410992
vt 0.718486 0.641513
vt 0.709591 0.641609
vt 0.699708 0.641683
vt 0.689216 0.641733
vt 0.678519 0.641756
vt 0.668027 0.641751
vt 0.658145 0.641720
vt 0.649251 0.641662
vt 0.641688 0.641581
vt 0.828730 0.409626
vt 0.837569 0.409539
vt 0.818889 0.409691
vt 0.920908 0.691082
vt 0.923589 0.704536
vt 0.785201 0.704813
vt 0.444696 0.000127
vt 0.470962 0.030077
vt 0.455984 0.030217
vt 0.563309 0.896585
vt 0.582282 0.811932
vt 0.578959 0.896530
vt 0.122524 0.896505
vt 0.111011 0.812004
vt 0.127865 0.811903
vt 0.286371 0.896597
vt 0.307158 0.811969
vt 0.299591 0.896916
vt 0.503460 0.896428
vt 0.483203 0.811672
vt 0.496189 0.811815
vt 0.045589 0.896555
vt 0.056987 0.812039
vt 0.060368 0.896624
vt 0.240023 0.896164
vt 0.221330 0.811167
vt 0.239231 0.811110
vt 0.393961 0.896547
vt 0.413117 0.811938
vt 0.409652 0.896540
vt 0.599064 0.811829
vt 0.593676 0.896440
vt 0.135826 0.896383
vt 0.143034 0.811763
vt 0.334208 0.896242
vt 0.342248 0.811737
vt 0.347504 0.896364
vt 0.516818 0.896522
vt 0.511421 0.811923
vt 0.074878 0.812073
vt 0.076057 0.896654
vt 0.256004 0.896213
vt 0.257454 0.811167
vt 0.424433 0.896498
vt 0.429973 0.811889
vt 0.614137 0.811689
vt 0.606895 0.896317
vt 0.196157 0.896597
vt 0.176225 0.811969
vt 0.189210 0.811604
vt 0.359097 0.811844
vt 0.362279 0.896457
vt 0.531630 0.896581
vt 0.528312 0.811990
vt 0.093120 0.812061
vt 0.092054 0.896643
vt 0.275300 0.811333
vt 0.271654 0.896359
vt 0.437738 0.896422
vt 0.445144 0.811803
vt 0.020979 0.896313
vt 0.024968 0.811841
vt 0.032289 0.896450
vt 0.209513 0.896360
vt 0.204440 0.811334
vt 0.376985 0.811915
vt 0.377966 0.896519
vt 0.547328 0.896602
vt 0.546213 0.812014
vt 0.107744 0.896593
vt 0.292083 0.811604
vt 0.449054 0.896316
vt 0.458048 0.811682
vt 0.040135 0.811960
vt 0.224325 0.896213
vt 0.395225 0.811946
vt 0.564436 0.811994
vt 0.451996 0.365192
vt 0.462274 0.476694
vt 0.448716 0.476821
vt 0.199731 0.029506
vt 0.224523 0.000051
vt 0.219335 0.029312
vt 0.484843 0.000000
vt 0.486035 0.030244
vt 0.470962 0.030078
vt 0.241817 -0.000000
vt 0.240113 0.029246
vt 0.585963 0.030380
vt 0.596775 0.000130
vt 0.605442 0.030260
vt 0.497389 0.000130
vt 0.503714 0.030369
vt 0.259423 0.000056
vt 0.261265 0.029312
vt 0.611338 0.000000
vt 0.622937 0.030097
vt 0.512104 0.000226
vt 0.523319 0.030447
vt 0.281979 0.029505
vt -0.000000 0.030097
vt 0.026294 0.000159
vt 0.014970 0.030279
vt 0.528422 0.000286
vt 0.544097 0.030475
vt 0.276664 0.000215
vt 0.301458 0.029820
vt 0.040946 0.000284
vt 0.032573 0.030418
vt 0.545716 0.000306
vt 0.565249 0.030452
vt 0.292877 0.000473
vt 0.318955 0.030243
vt 0.057227 0.000370
vt 0.052134 0.030509
vt 0.564606 0.477027
vt 0.584694 0.365342
vt 0.583356 0.476962
vt 0.330642 -0.000000
vt 0.336553 0.030140
vt 0.318955 0.029979
vt 0.074511 0.000414
vt 0.072900 0.030549
vt 0.345289 0.000127
vt 0.356109 0.030264
vt 0.092134 0.000414
vt 0.094073 0.030534
vt 0.361566 0.000221
vt 0.376871 0.030346
vt 0.109419 0.000370
vt 0.114840 0.030468
vt 0.378848 0.000279
vt 0.398043 0.030383
vt 0.125702 0.000284
vt 0.134402 0.030351
vt 0.396470 0.000299
vt 0.418810 0.030373
vt 0.140356 0.000159
vt 0.152008 0.030189
vt 0.413755 0.000279
vt 0.438374 0.030317
vt 0.152819 0.000000
vt 0.166982 0.029987
vt 0.430039 0.000221
vt 0.182054 0.029820
vt 0.208206 0.000207
vt 0.769292 0.158949
vt 0.754653 0.168743
vt 0.642891 0.146512
vt 0.416671 0.365341
vt 0.432776 0.476912
vt 0.415066 0.476962
vt 0.544910 0.365433
vt 0.545459 0.477048
vt 0.201267 0.364545
vt 0.220954 0.476138
vt 0.203208 0.476314
vt 0.170146 0.365245
vt 0.187206 0.476598
vt 0.173563 0.476981
vt 0.295292 0.476598
vt 0.314563 0.365245
vt 0.311130 0.476981
vt 0.475411 0.365055
vt 0.492901 0.476839
vt 0.479256 0.476688
vt 0.435262 0.365288
vt 0.037693 0.476994
vt 0.053912 0.365463
vt 0.055399 0.477076
vt 0.219897 0.364361
vt 0.239762 0.476079
vt 0.184469 0.364843
vt 0.324677 0.476606
vt 0.338504 0.365119
vt 0.340606 0.476752
vt 0.603205 0.365229
vt 0.600988 0.476853
vt 0.073646 0.365501
vt 0.074196 0.477112
vt 0.489735 0.365214
vt 0.508904 0.476952
vt 0.357087 0.365237
vt 0.358309 0.476864
vt 0.259741 0.364361
vt 0.258909 0.476139
vt 0.093766 0.365487
vt 0.093362 0.477100
vt 0.619830 0.365074
vt 0.616825 0.476706
vt 0.376818 0.365315
vt 0.377103 0.476938
vt 0.506535 0.365332
vt 0.526651 0.477023
vt 0.112161 0.477039
vt 0.277659 0.476314
vt 0.396937 0.365350
vt 0.396268 0.476971
vt 0.008207 0.476703
vt 0.018596 0.365245
vt 0.021758 0.476868
vt 0.113500 0.365425
vt 0.129869 0.476934
vt 0.525166 0.365406
vt 0.297936 0.364843
vt 0.024895 0.700167
vt 0.038268 0.588655
vt 0.040062 0.700287
vt 0.132090 0.365314
vt 0.145806 0.476787
vt 0.035324 0.365377
vt 0.580562 0.000227
vt 0.129439 0.588596
vt 0.142961 0.700090
vt 0.127792 0.700230
vt 0.275619 0.699706
vt 0.294464 0.588253
vt 0.292402 0.699977
vt 0.395970 0.588635
vt 0.413311 0.700262
vt 0.395420 0.700270
vt 0.527062 0.588684
vt 0.546103 0.700339
vt 0.528202 0.700315
vt 0.111924 0.588700
vt 0.110938 0.700330
vt 0.011998 0.700010
vt 0.022508 0.588531
vt 0.377179 0.700239
vt 0.258477 0.587799
vt 0.257773 0.699539
vt 0.093047 0.700387
vt 0.509508 0.588614
vt 0.511311 0.700248
vt 0.359291 0.700168
vt 0.377014 0.588602
vt 0.598954 0.700154
vt 0.616253 0.588371
vt 0.614028 0.700014
vt 0.074805 0.700399
vt 0.093331 0.588760
vt 0.239550 0.699483
vt 0.342443 0.700061
vt 0.358424 0.588529
vt 0.493680 0.588503
vt 0.496080 0.700141
vt 0.056914 0.700365
vt 0.074374 0.588772
vt 0.582172 0.700257
vt 0.600588 0.588517
vt 0.327282 0.699922
vt 0.340915 0.588418
vt 0.187557 0.588253
vt 0.204759 0.699706
vt 0.189529 0.699977
vt 0.220936 0.587799
vt 0.221649 0.699539
vt 0.055782 0.588737
vt 0.432079 0.588576
vt 0.445338 0.700127
vt 0.430167 0.700214
vt 0.480184 0.588354
vt 0.483093 0.699997
vt 0.310129 0.588632
vt 0.307476 0.700341
vt 0.174063 0.588632
vt 0.176544 0.700341
vt 0.203384 0.587973
vt 0.545665 0.588710
vt 0.564327 0.700320
vt 0.414563 0.588626
vt 0.583148 0.588624
vt 0.447846 0.588487
vt 0.458243 0.700007
vt 0.565188 0.253769
vt 0.585749 0.142054
vt 0.585392 0.253699
vt 0.182417 0.141467
vt 0.200326 0.252838
vt 0.183083 0.253144
vt 0.436735 0.253641
vt 0.455100 0.141887
vt 0.453911 0.253543
vt 0.167497 0.141888
vt 0.168382 0.253557
vt 0.417652 0.253695
vt 0.437668 0.141984
vt 0.133963 0.142009
vt 0.150470 0.253511
vt 0.133296 0.253670
vt 0.397396 0.253705
vt 0.418301 0.142036
vt 0.114597 0.142127
vt 0.114215 0.253784
vt 0.376745 0.253669
vt 0.397743 0.142044
vt 0.094039 0.142194
vt 0.093959 0.253848
vt 0.356492 0.253589
vt 0.376784 0.142005
vt 0.073079 0.142210
vt 0.073306 0.253862
vt 0.337417 0.253468
vt 0.356230 0.141922
vt 0.052522 0.142173
vt 0.053051 0.253823
vt 0.320253 0.253311
vt 0.336871 0.141797
vt 0.033159 0.142085
vt 0.033972 0.253734
vt 0.299552 0.253144
vt 0.317941 0.141884
vt 0.316619 0.253557
vt 0.544305 0.142148
vt 0.544556 0.253792
vt 0.015732 0.141950
vt 0.016801 0.253599
vt 0.280551 0.252838
vt 0.300620 0.141465
vt 0.524289 0.253764
vt 0.000913 0.141771
vt 0.002199 0.253421
vt 0.260831 0.140961
vt 0.260347 0.252649
vt 0.505166 0.253688
vt 0.523736 0.142120
vt 0.605032 0.141935
vt 0.621457 0.253423
vt 0.604392 0.253582
vt 0.239715 0.252585
vt 0.487922 0.253567
vt 0.504328 0.142042
vt 0.219324 0.140962
vt 0.219448 0.252649
vt 0.473219 0.253404
vt 0.486827 0.141917
vt 0.199917 0.141155
vt 0.469928 0.141750
vt 0.468521 0.253406
vt 0.466230 0.365059
vt 0.239641 0.364298
vt 0.279425 0.364544
vt 0.004371 0.365071
vt 0.565011 0.365411
vt 0.321781 0.364966
vt 0.148821 0.365159
vt 0.145202 0.588450
vt 0.277023 0.587972
vt 0.009104 0.588368
vt 0.239539 0.587740
vt 0.325160 0.588274
vt 0.564603 0.588689
vt 0.461256 0.588361
vt 0.327087 0.811598
vt 0.012071 0.811684
vt 0.565244 0.142126
vt 0.166982 0.030243
vt 0.151392 0.141846
vt 0.319451 0.141636
vt 0.281337 0.141153
vt 0.622352 0.141773
vt 0.239892 0.140896
vt 0.471905 0.141750
vt 0.726066 0.804393
vt 0.716187 0.923101
vt 0.716187 0.804342
vt 0.838627 0.000000
vt 0.828132 0.118768
vt 0.828132 0.000065
vt 0.662886 0.804439
vt 0.673380 0.923167
vt 0.662886 0.923197
vt 0.853355 0.781491
vt 0.843511 0.900302
vt 0.843511 0.781547
vt 0.776533 0.804304
vt 0.767633 0.923127
vt 0.767633 0.804368
vt 0.622937 0.804309
vt 0.631824 0.923136
vt 0.622937 0.923067
vt 0.792811 0.781411
vt 0.801739 0.900244
vt 0.792811 0.900167
vt 0.736556 0.804422
vt 0.726066 0.923153
vt 0.849314 0.000003
vt 0.838627 0.118703
vt 0.673380 0.804408
vt 0.683267 0.923112
vt 0.862199 0.781411
vt 0.853355 0.900247
vt 0.809304 0.000386
vt 0.801696 0.119332
vt 0.801696 0.000629
vt 0.631824 0.804378
vt 0.641702 0.923182
vt 0.801739 0.781489
vt 0.811641 0.900298
vt 0.747254 0.804428
vt 0.736556 0.923182
vt 0.860002 0.000049
vt 0.849314 0.118706
vt 0.683267 0.804354
vt 0.692167 0.923035
vt 0.707298 0.804270
vt 0.699740 0.922939
vt 0.699740 0.804180
vt 0.818231 0.000196
vt 0.809304 0.119089
vt 0.641702 0.804424
vt 0.652190 0.923203
vt 0.811641 0.781542
vt 0.822137 0.900324
vt 0.757747 0.804409
vt 0.747254 0.923187
vt 0.869847 0.118887
vt 0.860002 0.118752
vt 0.692167 0.804276
vt 0.699740 0.922938
vt 0.707298 0.923029
vt 0.818231 0.118898
vt 0.652190 0.804444
vt 0.832823 0.781567
vt 0.832823 0.900323
vt 0.822137 0.781568
vt 0.757747 0.923169
vt 0.869847 0.000184
vt 0.878692 0.119082
vt 0.785201 0.781312
vt 0.785201 0.900067
vt 0.869273 0.411159
vt 0.879155 0.495371
vt 0.869273 0.495322
vt 0.879215 0.179000
vt 0.889712 0.263062
vt 0.879215 0.263128
vt 0.903266 0.495573
vt 0.892774 0.579756
vt 0.892774 0.495591
vt 0.911089 0.263928
vt 0.920930 0.348037
vt 0.911089 0.348091
vt 0.920719 0.411136
vt 0.929615 0.495219
vt 0.920719 0.495300
vt 0.861707 0.495511
vt 0.852816 0.579608
vt 0.852816 0.495443
vt 0.869313 0.263867
vt 0.860382 0.347953
vt 0.860382 0.263790
vt 0.879155 0.411207
vt 0.889647 0.495393
vt 0.889712 0.178935
vt 0.900399 0.263064
vt 0.913150 0.495533
vt 0.903266 0.579738
vt 0.920930 0.263874
vt 0.929770 0.347959
vt 0.852766 0.179564
vt 0.860380 0.263448
vt 0.852766 0.263691
vt 0.871587 0.495560
vt 0.861707 0.579676
vt 0.879218 0.263921
vt 0.869313 0.348031
vt 0.889647 0.411230
vt 0.900344 0.495388
vt 0.911086 0.178982
vt 0.900399 0.178937
vt 0.922046 0.495472
vt 0.913150 0.579698
vt 0.852816 0.410992
vt 0.860379 0.495249
vt 0.852816 0.495155
vt 0.860380 0.179321
vt 0.869311 0.263258
vt 0.882077 0.495587
vt 0.871587 0.579725
vt 0.889716 0.263948
vt 0.879218 0.348084
vt 0.900344 0.411225
vt 0.910836 0.495357
vt 0.920928 0.179116
vt 0.911086 0.263110
vt 0.929614 0.495393
vt 0.922046 0.579637
vt 0.860379 0.411086
vt 0.869311 0.179131
vt 0.882077 0.579752
vt 0.900402 0.263947
vt 0.900402 0.348111
vt 0.889716 0.348111
vt 0.910836 0.411194
vt 0.929768 0.179309
vt 0.920928 0.263244
vt 0.852766 0.347854
vt 0.852766 0.263691
vt 0.459791 0.904163
vt 0.389677 0.896547
vt 0.459890 0.896547
vt 0.878874 0.085842
vt 0.949250 0.077002
vt 0.949056 0.085842
vt 0.237676 0.915695
vt 0.307835 0.905812
vt 0.307888 0.915695
vt 0.459636 0.944183
vt 0.389423 0.933497
vt 0.459635 0.933497
vt 0.389443 0.954870
vt 0.389423 0.944183
vt 0.993806 0.671017
vt 0.923592 0.681713
vt 0.923592 0.671017
vt 0.878887 0.137459
vt 0.948939 0.127555
vt 0.949069 0.137459
vt 0.237623 0.957258
vt 0.307759 0.966152
vt 0.237546 0.966152
vt 0.994020 0.718553
vt 0.923724 0.710986
vt 0.993938 0.710986
vt 0.878740 0.095684
vt 0.948922 0.095684
vt 0.237703 0.926187
vt 0.307915 0.926187
vt 0.389449 0.922999
vt 0.459661 0.922999
vt 0.993829 0.660527
vt 0.923615 0.660527
vt 0.879077 0.146390
vt 0.949258 0.146390
vt 0.307661 0.973715
vt 0.237449 0.973715
vt 0.923659 0.702089
vt 0.993873 0.702089
vt 0.948876 0.106372
vt 0.878694 0.106372
vt 0.307915 0.936884
vt 0.237703 0.936884
vt 0.389502 0.913095
vt 0.459714 0.913095
vt 0.993873 0.650647
vt 0.923659 0.650647
vt 0.879319 0.154004
vt 0.949501 0.154004
vt 0.459788 0.973551
vt 0.389498 0.964711
vt 0.459710 0.964711
vt 0.993829 0.692205
vt 0.923615 0.692205
vt 0.878692 0.117058
vt 0.948874 0.117058
vt 0.307888 0.947376
vt 0.237676 0.947376
vt 0.389579 0.904163
vt 0.993937 0.641756
vt 0.923723 0.641756
vt 0.237623 0.905812
vt 0.307759 0.896916
vt 0.459655 0.954870
vt 0.993806 0.681713
vt 0.878757 0.127555
vt 0.307835 0.957258
vt 0.167209 0.947376
vt 0.237369 0.957258
vt 0.167156 0.957258
vt 0.862264 0.908867
vt 0.932381 0.898370
vt 0.932446 0.908867
vt 0.693151 0.963160
vt 0.622960 0.973652
vt 0.622937 0.963160
vt 0.541249 0.964766
vt 0.470982 0.954925
vt 0.541195 0.954925
vt 0.167156 0.905812
vt 0.237292 0.896916
vt 0.237369 0.905812
vt 0.693282 0.923203
vt 0.623004 0.932093
vt 0.623068 0.923203
vt 0.541253 0.913149
vt 0.471118 0.904218
vt 0.541331 0.904217
vt 0.167236 0.936884
vt 0.237421 0.947376
vt 0.862199 0.898370
vt 0.932383 0.887683
vt 0.693174 0.973652
vt 0.623005 0.983536
vt 0.541328 0.973606
vt 0.471037 0.964766
vt 0.862826 0.935315
vt 0.932765 0.927702
vt 0.933008 0.935315
vt 0.693218 0.932093
vt 0.622960 0.941974
vt 0.541201 0.923054
vt 0.471041 0.913149
vt 0.167236 0.926187
vt 0.237448 0.936884
vt 0.862247 0.876996
vt 0.862201 0.887683
vt 0.693283 0.992433
vt 0.693219 0.983536
vt 0.167080 0.966152
vt 0.237194 0.973715
vt 0.166982 0.973715
vt 0.862584 0.927702
vt 0.932575 0.918771
vt 0.693174 0.941974
vt 0.622937 0.952464
vt 0.541174 0.933552
vt 0.470988 0.923054
vt 0.237422 0.915695
vt 0.237448 0.926187
vt 0.932563 0.867154
vt 0.932429 0.876996
vt 0.693365 1.000000
vt 0.623069 0.992433
vt 0.237292 0.966152
vt 0.862394 0.918771
vt 0.693151 0.952464
vt 0.541175 0.944238
vt 0.470963 0.944238
vt 0.470962 0.933552
vt 0.167209 0.915695
vt 0.862381 0.867154
vt 0.932756 0.858313
vt 0.471217 0.896602
vt 0.541429 0.896602
vt 0.611798 0.904218
vt 0.541684 0.896602
vt 0.611896 0.896602
vt 0.878874 0.008840
vt 0.949249 -0.000000
vt 0.949056 0.008840
vt 0.070641 0.905549
vt 0.140906 0.915433
vt 0.070694 0.915433
vt 0.611642 0.944238
vt 0.541429 0.933552
vt 0.611641 0.933552
vt 0.541450 0.954925
vt 0.541430 0.944238
vt 0.769954 0.952448
vt 0.699740 0.963145
vt 0.699740 0.952448
vt 0.878887 0.060457
vt 0.948939 0.050553
vt 0.949068 0.060457
vt 0.070641 0.956996
vt 0.140777 0.965889
vt 0.070564 0.965889
vt 0.770168 0.999985
vt 0.699872 0.992418
vt 0.770086 0.992417
vt 0.878740 0.018683
vt 0.948922 0.018682
vt 0.070721 0.925925
vt 0.140933 0.925925
vt 0.541455 0.923054
vt 0.611668 0.923054
vt 0.769976 0.941958
vt 0.699762 0.941958
vt 0.879077 0.069388
vt 0.949258 0.069388
vt 0.140679 0.973452
vt 0.070467 0.973452
vt 0.699807 0.983521
vt 0.770021 0.983521
vt 0.948876 0.029370
vt 0.878694 0.029370
vt 0.140933 0.936622
vt 0.070721 0.936622
vt 0.541508 0.913149
vt 0.611720 0.913149
vt 0.770021 0.932078
vt 0.699807 0.932078
vt 0.879319 0.077002
vt 0.949501 0.077002
vt 0.611795 0.973606
vt 0.541504 0.964766
vt 0.611716 0.964766
vt 0.769977 0.973637
vt 0.699763 0.973637
vt 0.878692 0.040056
vt 0.948874 0.040056
vt 0.140906 0.947113
vt 0.070694 0.947113
vt 0.541585 0.904218
vt 0.770085 0.923187
vt 0.699871 0.923187
vt 0.140777 0.896654
vt 0.140853 0.905549
vt 0.611662 0.954925
vt 0.769954 0.963145
vt 0.878757 0.050553
vt 0.140853 0.956996
vt 0.389324 0.904163
vt 0.319210 0.896547
vt 0.389423 0.896547
vt 0.862381 0.790152
vt 0.932756 0.781312
vt 0.932563 0.790152
vt 0.000175 0.905549
vt 0.070440 0.915433
vt 0.000227 0.915433
vt 0.389168 0.944183
vt 0.318955 0.933497
vt 0.389168 0.933497
vt 0.318976 0.954870
vt 0.318956 0.944183
vt 0.855415 0.929585
vt 0.785201 0.940282
vt 0.785201 0.929585
vt 0.862394 0.841769
vt 0.932446 0.831865
vt 0.932576 0.841769
vt 0.000174 0.956996
vt 0.070310 0.965889
vt 0.000098 0.965889
vt 0.855629 0.977122
vt 0.785333 0.969554
vt 0.855547 0.969554
vt 0.862247 0.799994
vt 0.932429 0.799994
vt 0.000254 0.925925
vt 0.070467 0.925925
vt 0.318982 0.922999
vt 0.389194 0.922999
vt 0.855438 0.919095
vt 0.785224 0.919095
vt 0.862584 0.850700
vt 0.932765 0.850700
vt 0.070212 0.973452
vt -0.000000 0.973452
vt 0.785268 0.960658
vt 0.855483 0.960658
vt 0.932383 0.810681
vt 0.862201 0.810681
vt 0.070466 0.936622
vt 0.000254 0.936622
vt 0.319035 0.913094
vt 0.389247 0.913094
vt 0.855482 0.909215
vt 0.785268 0.909215
vt 0.862826 0.858314
vt 0.933008 0.858314
vt 0.389321 0.973551
vt 0.319030 0.964711
vt 0.389243 0.964711
vt 0.855438 0.950774
vt 0.785224 0.950774
vt 0.862199 0.821368
vt 0.932381 0.821368
vt 0.070440 0.947113
vt 0.000227 0.947113
vt 0.319112 0.904163
vt 0.855546 0.900324
vt 0.785332 0.900324
vt 0.070310 0.896654
vt 0.070387 0.905549
vt 0.389188 0.954870
vt 0.855415 0.940282
vt 0.862264 0.831865
vt 0.070387 0.956996
vt 0.929789 0.490747
vt 0.965123 0.485473
vt 0.965048 0.498158
vt 0.929834 0.324172
vt 0.964407 0.315107
vt 0.964488 0.328582
vt 0.965053 0.215036
vt 0.929791 0.229870
vt 0.929768 0.216403
vt 0.964931 0.589465
vt 0.929761 0.606778
vt 0.929677 0.594146
vt 0.929789 0.439301
vt 0.964996 0.420703
vt 0.965087 0.432121
vt 0.965227 0.175079
vt 0.929875 0.176525
vt 0.929965 0.165113
vt 0.965000 0.538757
vt 0.929676 0.540522
vt 0.929755 0.529057
vt 0.929842 0.480865
vt 0.965165 0.472006
vt 0.929770 0.313675
vt 0.964412 0.301390
vt 0.965064 0.225528
vt 0.929842 0.242558
vt 0.964999 0.599306
vt 0.929873 0.618124
vt 0.929712 0.430406
vt 0.964877 0.410992
vt 0.965153 0.183970
vt 0.929811 0.189208
vt 0.964935 0.547689
vt 0.929629 0.553236
vt 0.929868 0.470374
vt 0.965173 0.458275
vt 0.929819 0.292301
vt 0.929773 0.302988
vt 0.965098 0.235412
vt 0.929921 0.253978
vt 0.929615 0.507204
vt 0.964943 0.509574
vt 0.964813 0.519282
vt 0.930152 0.343007
vt 0.964650 0.341295
vt 0.964887 0.352758
vt 0.965098 0.193850
vt 0.929775 0.202673
vt 0.964895 0.557594
vt 0.929615 0.566711
vt 0.929869 0.459676
vt 0.965147 0.444807
vt 0.964642 0.275039
vt 0.964471 0.287672
vt 0.965153 0.244309
vt 0.930023 0.263691
vt 0.929712 0.499641
vt 0.929963 0.334076
vt 0.965064 0.204340
vt 0.929635 0.580429
vt 0.964897 0.578778
vt 0.964882 0.568092
vt 0.929842 0.449184
vt 0.929954 0.282459
vt 0.964887 0.263691
vt 0.965089 0.531142
vt 0.929862 0.519282
vt 0.933514 0.781312
vt 0.949675 0.153799
vt 0.933214 0.935478
vt 0.949501 0.000045
vt 0.696078 0.804180
vt 0.680404 0.801062
vt 0.665639 0.794943
vt 0.652351 0.786058
vt 0.727734 0.801053
vt 0.641050 0.774748
vt 0.742500 0.794928
vt 0.632171 0.761449
vt 0.767088 0.774724
vt 0.626055 0.746671
vt 0.775967 0.761422
vt 0.622937 0.730982
vt 0.782083 0.746641
vt 0.622937 0.714985
vt 0.785201 0.730951
vt 0.626055 0.699295
vt 0.632171 0.684514
vt 0.785201 0.714954
vt 0.641050 0.671211
vt 0.782083 0.699265
vt 0.652351 0.659897
vt 0.775967 0.684486
vt 0.665639 0.651007
vt 0.755788 0.659878
vt 0.696078 0.641759
vt 0.727735 0.644874
vt 0.767089 0.671187
vt 0.755788 0.786038
vt 0.712060 0.804177
vt 0.737877 0.410992
vt 0.737851 0.179716
vt 0.737877 0.410992
vt 0.737851 0.178935
vt 0.923592 0.718254
vt 0.921941 0.731985
vt 0.916689 0.744659
vt 0.909063 0.756065
vt 0.899355 0.765765
vt 0.887940 0.773386
vt 0.875255 0.778635
vt 0.861788 0.781312
vt 0.848057 0.781312
vt 0.834589 0.778635
vt 0.821903 0.773386
vt 0.810484 0.765765
vt 0.800773 0.756065
vt 0.793142 0.744659
vt 0.787885 0.731985
vt 0.785204 0.718531
vt 0.786852 0.691082
vt 0.792104 0.678409
vt 0.799730 0.667003
vt 0.809438 0.657303
vt 0.820853 0.649682
vt 0.833538 0.644432
vt 0.847005 0.641756
vt 0.860736 0.641756
vt 0.874204 0.644432
vt 0.886891 0.649682
vt 0.898309 0.657303
vt 0.908020 0.667003
vt 0.915651 0.678409
vt 0.457163 -0.000000
vt 0.492072 0.896302
vt 0.184770 0.896916
vt 0.013834 0.000000
vt 0.563322 0.000286
vt 0.307441 0.000820
vt 0.193493 0.000461
vt 0.738387 0.175490
vt 0.721120 0.178931
vt 0.703513 0.178935
vt 0.686245 0.175500
vt 0.669979 0.168759
vt 0.655340 0.158971
vt 0.633110 0.131860
vt 0.626372 0.115580
vt 0.781742 0.146485
vt 0.622937 0.098296
vt 0.798261 0.115547
vt 0.622937 0.080673
vt 0.801696 0.098262
vt 0.626372 0.063388
vt 0.801696 0.080639
vt 0.633110 0.047105
vt 0.798261 0.063355
vt 0.642891 0.032450
vt 0.655341 0.019986
vt 0.791524 0.047074
vt 0.669980 0.010192
vt 0.781742 0.032423
vt 0.686246 0.003445
vt 0.769293 0.019964
vt 0.703514 0.000003
vt 0.721120 0.000000
vt 0.738388 0.003435
vt 0.754654 0.010176
vt 0.791523 0.131830
vt 0.776533 0.923064
vt 0.862199 0.900167
vt 0.699740 0.804180
vt 0.878692 0.000379
vt 0.929615 0.411056
vt 0.929770 0.263796
vt 0.929614 0.579558
vt 0.929768 0.263437
vt 0.879068 0.077002
vt 0.923806 0.718553
vt 0.389576 0.973551
vt 0.237547 0.896916
vt 0.167080 0.896916
vt 0.471115 0.973606
vt 0.623151 1.000000
vt 0.862575 0.858314
vt 0.879068 0.000000
vt 0.699954 0.999985
vt 0.541582 0.973606
vt 0.070565 0.896654
vt 0.862575 0.781312
vt 0.785415 0.977122
vt 0.319109 0.973551
vt 0.000098 0.896654
vt 0.965089 0.608145
vt 0.929615 0.422841
vt 0.965227 0.251876
vt 0.930148 0.273619
s 1
usemtl Material
f 31/1/1 56/2/2 24/3/2
f 23/4/3 62/5/4 55/6/3
f 29/7/5 54/8/6 22/9/6
f 32/10/7 53/11/8 21/12/8
f 32/10/7 60/13/9 64/14/7
f 20/15/10 59/16/11 52/17/10
f 19/18/12 58/19/13 51/20/12
f 25/21/14 50/22/15 18/23/16
f 24/24/2 49/25/17 17/26/17
f 16/27/18 55/6/3 48/28/18
f 15/29/19 54/8/6 47/30/19
f 21/12/8 46/31/20 14/32/20
f 13/33/21 52/17/10 45/34/21
f 12/35/22 51/20/12 44/36/23
f 18/23/16 43/37/24 11/38/24
f 17/26/17 42/39/25 10/40/25
f 16/27/18 41/41/26 9/42/26
f 15/29/19 40/43/27 8/44/27
f 14/32/20 39/45/28 7/46/28
f 6/47/29 45/34/21 38/48/30
f 5/49/31 44/36/23 37/50/31
f 11/51/24 36/52/32 4/53/32
f 3/54/33 42/39/25 35/55/33
f 2/56/34 41/41/26 34/57/34
f 8/44/27 33/58/35 1/59/35
f 7/46/28 63/60/36 31/1/1
f 30/61/4 38/48/30 62/62/4
f 29/7/5 37/63/31 61/64/5
f 4/53/32 60/13/9 28/65/9
f 3/54/33 59/16/11 27/66/11
f 26/67/13 34/57/34 58/19/13
f 1/59/35 57/68/14 25/21/14
f 94/69/37 98/70/37 102/71/37
f 192/72/38 129/73/39 161/74/40
f 161/74/40 130/75/41 162/76/42
f 162/76/42 131/77/43 163/78/44
f 131/79/43 164/80/45 163/81/44
f 132/82/46 165/83/47 164/80/45
f 133/84/48 166/85/49 165/83/47
f 134/86/50 167/87/51 166/85/49
f 135/88/52 168/89/53 167/87/51
f 136/90/54 169/91/55 168/89/53
f 137/92/56 170/93/57 169/91/55
f 138/94/58 171/95/59 170/93/57
f 139/96/60 172/97/61 171/98/59
f 140/99/62 173/100/63 172/97/61
f 141/101/64 174/102/65 173/100/63
f 142/103/66 175/104/67 174/102/65
f 143/105/68 176/106/69 175/104/67
f 144/107/70 177/108/71 176/106/69
f 145/109/72 178/110/73 177/108/71
f 146/111/74 179/112/75 178/110/73
f 179/113/75 148/114/76 180/115/77
f 180/115/77 149/116/78 181/117/79
f 181/117/79 150/118/80 182/119/81
f 182/119/81 151/120/82 183/121/83
f 183/121/83 152/122/84 184/123/85
f 184/123/85 153/124/86 185/125/87
f 185/125/87 154/126/88 186/127/89
f 186/127/89 155/128/90 187/129/91
f 187/130/91 156/131/92 188/132/93
f 188/132/93 157/133/94 189/134/95
f 189/134/95 158/135/96 190/136/97
f 190/136/97 159/137/98 191/138/99
f 191/138/99 160/139/100 192/72/38
f 127/140/101 192/72/38 65/141/102
f 125/142/103 191/138/99 127/140/101
f 123/143/104 190/136/97 125/142/103
f 121/144/105 189/134/95 123/143/104
f 119/145/106 188/132/93 121/144/105
f 117/146/107 187/129/91 119/147/106
f 115/148/108 186/127/89 117/146/107
f 113/149/109 185/125/87 115/148/108
f 111/150/110 184/123/85 113/149/109
f 109/151/111 183/121/83 111/150/110
f 107/152/112 182/119/81 109/151/111
f 105/153/113 181/117/79 107/152/112
f 103/154/114 180/115/77 105/153/113
f 178/110/73 103/155/114 101/156/115
f 177/108/71 101/156/115 99/157/116
f 176/106/69 99/157/116 97/158/117
f 175/104/67 97/158/117 95/159/118
f 174/102/65 95/159/118 93/160/119
f 173/100/63 93/160/119 91/161/120
f 172/97/61 91/161/120 89/162/121
f 171/98/59 89/162/121 87/163/122
f 170/93/57 87/164/122 85/165/123
f 169/91/55 85/165/123 83/166/124
f 168/89/53 83/166/124 81/167/125
f 167/87/51 81/167/125 79/168/126
f 166/85/49 79/168/126 77/169/127
f 165/83/47 77/169/127 75/170/128
f 164/80/45 75/170/128 73/171/129
f 163/81/44 73/171/129 71/172/130
f 69/173/131 163/78/44 71/174/130
f 67/175/132 162/76/42 69/173/131
f 65/141/102 161/74/40 67/175/132
f 223/176/133 224/177/133 209/178/133
f 315/179/134 489/180/135 495/181/136
f 66/182/137 225/183/138 68/184/139
f 86/185/140 234/186/141 235/187/142
f 102/188/143 244/189/144 104/190/145
f 122/191/146 252/192/147 253/193/148
f 76/194/149 231/195/150 78/196/151
f 96/197/152 239/198/153 240/199/154
f 112/200/155 249/201/156 114/202/157
f 68/184/139 227/203/158 70/204/159
f 88/205/160 235/187/142 236/206/161
f 104/207/145 245/208/162 106/209/163
f 124/210/164 253/193/148 254/211/165
f 78/196/151 232/212/166 80/213/167
f 98/214/168 240/199/154 241/215/169
f 116/216/170 249/201/156 250/217/171
f 70/204/159 228/218/172 72/219/173
f 90/220/174 236/221/161 237/222/175
f 106/209/163 246/223/176 108/224/177
f 126/225/178 254/211/165 255/226/179
f 80/213/167 233/227/180 82/228/181
f 98/214/168 242/229/182 100/230/183
f 118/231/184 250/217/171 251/232/185
f 72/233/173 229/234/186 74/235/187
f 92/236/188 237/222/175 238/237/189
f 108/224/177 247/238/190 110/239/191
f 128/240/192 255/226/179 256/241/193
f 84/242/194 233/227/180 234/186/141
f 100/230/183 243/243/195 102/188/143
f 120/244/196 251/232/185 252/245/147
f 74/235/187 230/246/197 76/194/149
f 94/247/198 238/237/189 239/198/153
f 110/239/191 248/248/199 112/200/155
f 66/182/137 256/241/193 226/249/200
f 260/250/201 447/251/202 445/252/203
f 493/253/204 303/254/205 490/255/206
f 316/256/207 482/257/208 489/258/135
f 490/255/206 304/259/209 483/260/210
f 481/261/211 291/262/212 496/263/213
f 317/264/214 491/265/215 482/257/208
f 483/260/210 305/266/216 485/267/217
f 496/263/213 292/268/218 484/269/219
f 318/270/220 511/271/221 491/265/215
f 305/266/216 509/272/222 485/267/217
f 484/273/219 293/274/223 507/275/224
f 319/276/225 505/277/226 511/271/221
f 306/278/227 503/279/228 509/272/222
f 507/275/224 294/280/229 501/281/230
f 320/282/231 499/283/232 505/277/226
f 307/284/233 497/285/234 503/279/228
f 501/281/230 295/286/235 494/287/236
f 430/288/237 288/289/238 419/290/239
f 308/291/240 492/292/241 497/293/234
f 494/287/236 296/294/242 488/295/243
f 309/296/244 487/297/245 492/292/241
f 488/295/243 297/298/246 486/299/247
f 310/300/248 512/301/249 487/297/245
f 486/299/247 298/302/250 510/303/251
f 311/304/252 508/305/253 512/301/249
f 510/303/251 299/306/254 506/307/255
f 312/308/256 504/309/257 508/305/253
f 506/307/255 300/310/258 502/311/259
f 313/312/260 500/313/261 504/309/257
f 502/311/259 301/314/262 498/315/263
f 314/316/264 495/181/136 500/313/261
f 498/317/263 302/318/265 493/253/204
f 293/319/266 292/320/267 317/321/266
f 264/322/268 443/323/269 441/324/270
f 278/325/271 430/288/237 427/326/272
f 259/327/273 448/328/274 446/329/275
f 263/330/276 444/331/277 442/332/278
f 428/333/279 274/334/280 431/335/281
f 258/336/282 418/337/283 447/338/202
f 262/339/284 445/252/203 443/323/269
f 429/340/285 273/341/286 432/342/287
f 257/343/288 417/344/289 448/328/274
f 261/345/290 446/329/275 444/331/277
f 431/346/281 272/347/291 433/348/292
f 419/290/239 287/349/293 420/350/294
f 432/342/287 271/351/295 434/352/296
f 286/353/297 421/354/298 418/337/283
f 433/348/292 270/355/299 435/356/300
f 417/344/289 283/357/301 422/358/302
f 434/352/296 269/359/303 436/360/304
f 420/350/294 282/361/305 423/362/306
f 435/356/300 268/363/307 437/364/308
f 285/365/309 424/366/310 421/354/298
f 269/359/303 438/367/311 436/360/304
f 283/357/301 425/368/312 422/358/302
f 437/364/308 266/369/313 439/370/314
f 423/371/306 279/372/315 426/373/316
f 267/374/317 440/375/318 438/367/311
f 281/376/319 427/326/272 424/366/310
f 439/370/314 264/322/268 441/324/270
f 425/368/312 277/377/320 428/333/279
f 455/378/321 333/379/322 458/380/323
f 265/381/324 442/382/278 440/375/318
f 426/373/316 276/383/325 429/340/285
f 499/283/232 289/384/326 481/261/211
f 344/385/327 471/386/328 469/387/329
f 454/388/330 332/389/331 457/390/332
f 343/391/333 470/392/334 468/393/335
f 328/394/336 456/395/337 453/396/338
f 342/397/339 469/387/329 467/398/340
f 452/399/341 330/400/342 455/378/321
f 466/401/343 343/391/333 468/393/335
f 326/402/344 454/388/330 451/403/345
f 465/404/346 342/397/339 467/398/340
f 325/405/347 453/396/338 450/406/348
f 464/407/349 341/408/350 466/401/343
f 449/409/351 327/410/352 452/411/341
f 463/412/353 340/413/354 465/404/346
f 478/414/355 326/402/344 451/403/345
f 462/415/356 339/416/357 464/407/349
f 322/417/358 450/406/348 479/418/359
f 461/419/360 338/420/361 463/412/353
f 480/421/362 324/422/363 449/409/351
f 460/423/364 337/424/365 462/415/356
f 348/425/366 475/426/367 473/427/368
f 352/428/369 478/414/355 477/429/370
f 458/380/323 336/430/371 461/419/360
f 347/431/372 474/432/373 472/433/374
f 351/434/375 479/418/359 476/435/376
f 457/390/332 335/436/377 460/437/364
f 346/438/378 473/427/368 471/439/328
f 350/440/379 477/429/370 475/426/367
f 331/441/380 459/442/381 456/395/337
f 345/443/382 472/433/374 470/392/334
f 459/442/381 323/444/383 480/421/362
f 349/445/384 476/446/376 474/432/373
f 400/447/385 382/448/386 414/449/387
f 367/450/388 394/451/389 399/452/390
f 401/453/391 364/454/392 396/455/393
f 371/456/394 399/452/390 403/457/395
f 405/458/396 369/459/397 401/453/391
f 375/460/398 403/461/395 407/462/399
f 409/463/400 373/464/401 405/458/396
f 379/465/402 407/462/399 411/466/403
f 413/467/404 377/468/405 409/463/400
f 355/469/406 411/466/403 387/470/407
f 388/471/408 381/472/409 413/467/404
f 357/473/410 387/470/407 389/474/411
f 393/475/412 356/476/413 388/471/408
f 363/477/414 389/474/411 395/478/415
f 398/479/416 361/480/417 393/475/412
f 370/481/418 395/478/415 402/482/419
f 404/483/420 366/484/421 398/485/416
f 374/486/422 400/447/385 406/487/423
f 376/488/424 402/482/419 408/489/425
f 410/490/426 372/491/427 404/483/420
f 412/492/428 374/486/422 406/487/423
f 353/493/429 408/489/425 385/494/430
f 354/495/431 410/490/426 386/496/432
f 392/497/433 380/498/434 412/492/428
f 365/499/435 385/500/430 397/501/436
f 416/502/437 354/495/431 386/496/432
f 415/503/438 360/504/439 392/497/433
f 382/448/386 397/501/436 414/449/387
f 359/505/440 416/502/437 391/506/441
f 390/507/442 383/508/443 415/503/438
f 362/509/444 391/506/441 394/451/389
f 396/455/393 358/510/445 390/511/442
f 396/455/393 258/512/282 260/250/201
f 394/451/389 257/343/288 259/327/273
f 390/507/442 286/353/297 258/336/282
f 391/506/441 284/513/446 257/343/288
f 288/289/238 397/501/436 287/349/293
f 415/503/438 285/365/309 286/353/297
f 284/513/446 386/496/432 283/357/301
f 287/349/293 385/500/430 282/361/305
f 392/497/433 281/376/319 285/365/309
f 386/496/432 280/514/447 283/357/301
f 282/515/305 408/489/425 279/372/315
f 412/492/428 278/325/271 281/376/319
f 280/514/447 404/483/420 277/377/320
f 279/372/315 402/482/419 276/383/325
f 406/487/423 275/516/448 278/325/271
f 277/377/320 398/485/416 274/334/280
f 276/383/325 395/478/415 273/341/286
f 274/517/280 393/475/412 272/347/291
f 273/341/286 389/474/411 271/351/295
f 272/347/291 388/471/408 270/355/299
f 389/474/411 269/359/303 271/351/295
f 270/355/299 413/467/404 268/363/307
f 269/359/303 411/466/403 267/374/317
f 268/363/307 409/463/400 266/369/313
f 411/466/403 265/381/324 267/374/317
f 409/463/400 264/322/268 266/369/313
f 407/462/399 263/518/276 265/381/324
f 264/322/268 401/453/391 262/339/284
f 403/457/395 261/345/290 263/330/276
f 401/453/391 260/250/201 262/339/284
f 399/452/390 259/327/273 261/345/290
f 275/516/448 414/449/387 288/289/238
f 330/400/342 429/340/285 333/379/322
f 440/375/318 346/519/378 344/385/327
f 329/520/449 428/333/279 332/389/331
f 439/370/314 345/443/382 343/391/333
f 424/366/310 331/441/380 328/394/336
f 342/397/339 440/375/318 344/385/327
f 327/521/352 426/373/316 330/400/342
f 437/364/308 343/391/333 341/408/350
f 422/358/302 329/520/449 326/402/344
f 340/413/354 438/367/311 342/397/339
f 325/405/347 424/366/310 328/394/336
f 339/416/357 437/364/308 341/408/350
f 420/350/294 327/410/352 324/422/363
f 338/420/361 436/360/304 340/413/354
f 321/522/450 422/358/302 326/402/344
f 337/424/365 435/356/300 339/416/357
f 418/337/283 325/405/347 322/417/358
f 336/430/371 434/352/296 338/420/361
f 323/444/383 420/350/294 324/422/363
f 431/346/281 337/424/365 335/523/377
f 348/425/366 446/329/275 350/440/379
f 448/328/274 321/522/450 352/428/369
f 429/340/285 336/430/371 333/379/322
f 443/323/269 349/445/384 347/431/372
f 447/338/202 322/417/358 351/434/375
f 332/389/331 431/335/281 335/436/377
f 442/332/278 348/425/366 346/438/378
f 446/329/275 352/428/369 350/440/379
f 427/326/272 334/524/451 331/441/380
f 441/324/270 347/431/372 345/443/382
f 334/524/451 419/290/239 323/444/383
f 349/445/384 447/251/202 351/525/375
f 251/232/185 476/446/376 252/245/147
f 226/249/200 480/421/362 225/183/138
f 249/201/156 472/433/374 250/217/171
f 456/395/337 226/249/200 256/241/193
f 475/426/367 239/198/153 238/237/189
f 471/439/328 237/222/175 236/221/161
f 243/243/195 460/437/364 244/189/144
f 252/192/147 479/418/359 253/193/148
f 472/433/374 251/232/185 250/217/171
f 458/380/323 231/195/150 230/246/197
f 477/429/370 240/199/154 239/198/153
f 237/222/175 475/426/367 238/237/189
f 460/423/364 245/208/162 244/526/144
f 225/183/138 449/409/351 227/203/158
f 231/195/150 463/412/353 232/212/166
f 479/418/359 254/211/165 253/193/148
f 245/208/162 464/407/349 246/223/176
f 240/199/154 451/403/345 241/215/169
f 463/412/353 233/227/180 232/212/166
f 449/409/351 228/218/172 227/203/158
f 246/223/176 466/401/343 247/238/190
f 254/211/165 453/396/338 255/226/179
f 233/227/180 467/398/340 234/186/141
f 451/403/345 242/229/182 241/215/169
f 466/401/343 248/248/199 247/238/190
f 228/527/172 455/378/321 229/234/186
f 467/398/340 235/187/142 234/186/141
f 255/226/179 456/395/337 256/241/193
f 468/393/335 249/201/156 248/248/199
f 242/229/182 457/390/332 243/243/195
f 469/387/329 236/206/161 235/187/142
f 455/378/321 230/246/197 229/234/186
f 368/528/452 481/261/453 382/448/386
f 498/317/454 362/509/444 367/450/388
f 369/459/397 495/181/455 364/454/392
f 502/529/456 367/450/388 371/456/394
f 373/464/401 500/313/457 369/459/397
f 506/307/458 371/530/394 375/460/398
f 377/468/405 504/309/459 373/464/401
f 510/303/460 375/460/398 379/465/402
f 381/472/409 508/305/461 377/468/405
f 486/299/462 379/465/402 355/469/406
f 356/476/413 512/301/463 381/472/409
f 488/295/464 355/469/406 357/473/410
f 361/480/417 487/297/465 356/476/413
f 494/287/466 357/473/410 363/477/414
f 366/531/421 492/292/467 361/480/417
f 501/281/468 363/477/414 370/481/418
f 372/491/427 497/285/469 366/484/421
f 505/277/470 368/528/452 374/486/422
f 507/275/471 370/481/418 376/488/424
f 378/532/472 503/279/473 372/491/427
f 380/498/434 505/277/470 374/486/422
f 484/273/474 376/488/424 353/493/429
f 485/267/475 378/532/472 354/495/431
f 360/504/439 511/271/476 380/498/434
f 496/263/477 353/533/429 365/499/435
f 384/534/478 485/267/475 354/495/431
f 383/508/443 491/265/479 360/504/439
f 481/261/453 365/499/435 382/448/386
f 490/255/480 384/534/478 359/505/440
f 358/535/445 482/257/481 383/508/443
f 493/253/482 359/505/440 362/509/444
f 364/454/392 489/180/483 358/510/445
f 519/536/484 545/537/485 518/538/485
f 528/539/486 546/540/487 527/541/488
f 536/542/489 555/543/490 547/544/489
f 515/545/491 548/546/492 514/547/492
f 524/548/493 549/549/494 523/550/494
f 532/551/495 558/552/496 550/553/497
f 541/554/498 559/555/499 551/556/500
f 520/557/501 553/558/502 519/536/484
f 529/559/503 554/560/504 528/539/486
f 537/561/490 562/562/505 555/543/490
f 516/563/506 556/564/507 515/545/491
f 525/565/508 557/566/493 524/567/493
f 533/568/509 565/569/510 558/552/496
f 542/570/499 566/571/511 559/555/499
f 521/572/512 560/573/501 520/557/501
f 530/574/513 561/575/503 529/559/503
f 538/576/514 569/577/515 562/562/505
f 517/578/516 563/579/517 516/580/506
f 526/581/518 564/582/519 525/565/508
f 534/583/510 572/584/520 565/569/510
f 543/585/521 573/586/522 566/571/511
f 522/587/523 567/588/512 521/572/512
f 530/574/513 575/589/524 568/590/513
f 539/591/515 576/592/525 569/577/515
f 518/538/485 570/593/526 517/578/516
f 527/541/488 571/594/518 526/581/518
f 535/595/527 547/544/489 572/584/520
f 513/596/528 548/546/492 552/597/528
f 544/598/529 552/597/528 573/586/522
f 523/550/494 574/599/530 522/587/523
f 531/600/531 550/601/497 575/589/524
f 540/602/525 551/556/500 576/603/525
f 577/604/532 609/605/533 633/606/532
f 578/607/534 610/608/535 634/609/536
f 587/610/33 635/611/537 579/612/537
f 580/613/538 612/614/539 636/615/538
f 581/616/540 613/617/541 637/618/542
f 590/619/543 638/620/544 582/621/545
f 591/622/546 639/623/547 583/624/548
f 585/625/549 616/626/550 609/605/533
f 586/627/535 617/628/551 610/608/535
f 594/629/25 611/630/33 587/610/33
f 588/631/539 619/632/552 612/614/539
f 589/633/541 620/634/553 613/635/541
f 597/636/554 614/637/555 590/619/543
f 598/638/556 615/639/557 591/622/546
f 592/640/550 623/641/19 616/626/550
f 600/642/558 617/628/551 593/643/551
f 601/644/559 618/645/25 594/629/25
f 595/646/560 626/647/561 619/648/552
f 596/649/562 627/650/563 620/634/553
f 604/651/564 621/652/554 597/636/554
f 605/653/565 622/654/566 598/638/556
f 599/655/19 630/656/6 623/641/19
f 607/657/567 624/658/558 600/642/558
f 608/659/568 625/660/569 601/644/559
f 602/661/570 633/606/532 626/647/561
f 603/662/571 634/609/536 627/650/563
f 579/612/537 628/663/572 604/651/564
f 584/664/573 636/615/538 640/665/573
f 584/664/573 629/666/565 605/653/565
f 606/667/6 637/618/542 630/656/6
f 582/668/545 631/669/567 607/657/567
f 583/624/548 632/670/568 608/671/568
f 703/672/1 671/673/2 696/674/2
f 695/675/3 652/676/4 670/677/3
f 694/678/6 650/679/5 669/680/6
f 704/681/7 668/682/8 693/683/8
f 704/681/7 648/684/9 672/685/7
f 692/686/10 646/687/11 667/688/10
f 691/689/12 644/690/13 666/691/12
f 697/692/14 665/693/16 690/694/15
f 696/695/2 664/696/17 689/697/17
f 688/698/18 670/677/3 663/699/18
f 687/700/19 669/680/6 662/701/19
f 693/683/8 661/702/20 686/703/20
f 685/704/21 667/688/10 660/705/21
f 684/706/23 666/691/12 659/707/22
f 690/694/15 658/708/24 683/709/24
f 689/697/17 657/710/25 682/711/25
f 688/698/18 656/712/26 681/713/26
f 687/700/19 655/714/27 680/715/27
f 686/703/20 653/716/28 679/717/28
f 678/718/29 660/705/21 651/719/29
f 677/720/31 659/707/22 649/721/31
f 683/722/24 647/723/32 676/724/32
f 675/725/33 657/710/25 645/726/33
f 674/727/34 656/712/26 643/728/34
f 680/715/27 641/729/35 673/730/35
f 679/717/28 654/731/1 703/672/1
f 702/732/4 651/719/29 652/733/4
f 701/734/5 649/735/31 650/679/5
f 676/724/32 648/684/9 700/736/9
f 699/737/11 645/726/33 646/687/11
f 698/738/13 643/728/34 644/690/13
f 673/730/35 642/739/14 697/692/14
f 705/740/35 737/741/14 706/742/14
f 708/743/13 746/744/34 738/745/13
f 710/746/11 747/747/33 739/748/11
f 711/749/32 740/750/9 712/751/9
f 714/752/5 749/753/31 741/754/5
f 716/755/4 750/756/29 742/757/4
f 717/758/28 743/759/1 718/760/1
f 719/761/27 745/762/35 705/740/35
f 707/763/34 753/764/26 746/744/34
f 709/765/33 754/766/25 747/747/33
f 722/767/24 748/768/32 711/749/32
f 713/769/31 756/770/22 749/771/31
f 715/772/29 757/773/21 750/756/29
f 725/774/20 751/775/28 717/758/28
f 726/776/19 752/777/27 719/761/27
f 727/778/18 753/764/26 720/779/26
f 728/780/17 754/766/25 721/781/25
f 729/782/15 755/783/24 722/784/24
f 723/785/23 763/786/12 756/770/22
f 724/787/21 764/788/10 757/773/21
f 732/789/8 758/790/20 725/774/20
f 726/776/19 766/791/6 759/792/19
f 727/778/18 767/793/3 760/794/18
f 735/795/2 761/796/17 728/780/17
f 706/742/14 762/797/16 729/782/15
f 730/798/12 738/745/13 763/786/12
f 731/799/10 739/748/11 764/788/10
f 736/800/7 740/750/9 744/801/7
f 736/800/7 765/802/8 732/789/8
f 714/752/5 766/791/6 733/803/6
f 734/804/3 742/805/4 767/793/3
f 718/760/1 768/806/2 735/807/2
f 807/808/36 792/809/2 832/810/2
f 831/811/3 798/812/4 791/813/3
f 805/814/5 790/815/6 830/816/6
f 808/817/7 789/818/8 829/819/8
f 808/817/7 796/820/9 800/821/7
f 828/822/10 795/823/11 788/824/10
f 827/825/12 794/826/13 787/827/12
f 801/828/14 786/829/16 826/830/15
f 832/831/2 785/832/17 825/833/17
f 824/834/18 791/813/3 784/835/18
f 823/836/19 790/815/6 783/837/19
f 829/819/8 782/838/20 822/839/20
f 821/840/21 788/824/10 781/841/21
f 820/842/23 787/827/12 780/843/23
f 826/830/15 779/844/24 819/845/24
f 825/833/17 778/846/25 818/847/25
f 824/834/18 777/848/26 817/849/26
f 823/836/19 776/850/27 816/851/27
f 822/839/20 775/852/28 815/853/28
f 814/854/30 781/841/21 774/855/29
f 813/856/31 780/843/23 773/857/31
f 819/858/24 772/859/32 812/860/32
f 811/861/33 778/846/25 771/862/33
f 810/863/34 777/848/26 770/864/34
f 816/851/27 769/865/35 809/866/35
f 815/853/28 799/867/1 807/808/36
f 806/868/4 774/855/29 798/869/4
f 805/814/5 773/870/31 797/871/5
f 812/860/32 796/820/9 804/872/9
f 803/873/11 771/862/33 795/823/11
f 802/874/13 770/864/34 794/826/13
f 809/866/35 793/875/14 801/828/14
f 863/876/1 888/877/2 856/878/2
f 855/879/3 894/880/4 887/881/3
f 861/882/5 886/883/6 854/884/6
f 864/885/7 885/886/8 853/887/8
f 864/885/7 892/888/9 896/889/7
f 852/890/10 891/891/11 884/892/10
f 851/893/12 890/894/13 883/895/12
f 857/896/14 882/897/15 850/898/15
f 856/899/2 881/900/17 849/901/17
f 848/902/18 887/881/3 880/903/18
f 847/904/19 886/883/6 879/905/19
f 853/887/8 878/906/20 846/907/20
f 845/908/21 884/892/10 877/909/21
f 844/910/23 883/895/12 876/911/23
f 850/898/15 875/912/24 843/913/24
f 849/901/17 874/914/25 842/915/25
f 848/902/18 873/916/26 841/917/26
f 847/904/19 872/918/27 840/919/27
f 846/907/20 871/920/28 839/921/28
f 838/922/29 877/909/21 870/923/29
f 837/924/31 876/911/23 869/925/31
f 843/926/24 868/927/32 836/928/32
f 835/929/33 874/914/25 867/930/33
f 834/931/34 873/916/26 866/932/34
f 840/919/27 865/933/35 833/934/35
f 839/921/28 895/935/1 863/876/1
f 862/936/4 870/923/29 894/937/4
f 861/882/5 869/938/31 893/939/5
f 836/928/32 892/888/9 860/940/9
f 835/929/33 891/891/11 859/941/11
f 858/942/13 866/932/34 890/894/13
f 833/934/35 889/943/14 857/896/14
f 953/944/574 903/945/575 902/946/576
f 954/947/577 912/948/578 911/949/579
f 955/950/580 921/951/581 920/952/582
f 956/953/583 899/954/584 898/955/585
f 957/956/586 908/957/587 907/958/588
f 958/959/589 917/960/590 916/961/591
f 959/962/592 926/963/593 925/964/594
f 929/965/595 904/966/596 903/945/575
f 930/967/597 913/968/598 912/948/578
f 931/969/599 922/970/600 921/951/581
f 932/971/584 900/972/601 899/954/584
f 933/973/602 909/974/603 908/957/587
f 934/975/604 918/976/605 917/960/590
f 935/977/606 927/978/607 926/963/593
f 936/979/608 905/980/609 904/966/596
f 944/981/610 913/968/598 937/982/611
f 938/983/612 923/984/613 922/970/600
f 939/985/614 901/986/615 900/987/601
f 940/988/603 910/989/616 909/990/603
f 941/991/617 919/992/618 918/976/605
f 942/993/619 928/994/620 927/978/607
f 943/995/621 906/996/622 905/980/609
f 944/981/610 915/997/623 914/998/624
f 945/999/625 924/1000/626 923/984/613
f 946/1001/627 902/946/576 901/986/615
f 947/1002/616 911/949/579 910/989/616
f 948/1003/628 920/952/582 919/992/618
f 956/953/583 897/1004/629 960/1005/630
f 949/1006/631 897/1004/629 928/994/620
f 950/1007/632 907/958/588 906/996/622
f 951/1008/633 916/1009/591 915/997/623
f 952/1010/634 925/964/594 924/1011/626
f 31/1/1 63/60/36 56/2/2
f 23/4/3 30/1012/4 62/5/4
f 29/7/5 61/64/5 54/8/6
f 32/10/7 64/14/7 53/11/8
f 32/10/7 28/65/9 60/13/9
f 20/15/10 27/66/11 59/16/11
f 19/18/12 26/67/13 58/19/13
f 25/21/14 57/68/14 50/22/15
f 24/24/2 56/1013/2 49/25/17
f 16/27/18 23/4/3 55/6/3
f 15/29/19 22/9/6 54/8/6
f 21/12/8 53/11/8 46/31/20
f 13/33/21 20/15/10 52/17/10
f 12/35/22 19/18/12 51/20/12
f 18/23/16 50/22/15 43/37/24
f 17/26/17 49/25/17 42/39/25
f 16/27/18 48/28/18 41/41/26
f 15/29/19 47/30/19 40/43/27
f 14/32/20 46/31/20 39/45/28
f 6/47/29 13/33/21 45/34/21
f 5/49/31 12/35/22 44/36/23
f 11/51/24 43/1014/24 36/52/32
f 3/54/33 10/40/25 42/39/25
f 2/56/34 9/42/26 41/41/26
f 8/44/27 40/43/27 33/58/35
f 7/46/28 39/45/28 63/60/36
f 30/61/4 6/47/29 38/48/30
f 29/7/5 5/1015/31 37/63/31
f 4/53/32 36/52/32 60/13/9
f 3/54/33 35/55/33 59/16/11
f 26/67/13 2/56/34 34/57/34
f 1/59/35 33/58/35 57/68/14
f 66/1016/37 68/1017/37 70/1018/37
f 70/1018/37 72/1019/37 126/1020/37
f 72/1019/37 74/1021/37 124/1022/37
f 126/1020/37 72/1019/37 124/1022/37
f 74/1021/37 76/1023/37 120/1024/37
f 76/1023/37 78/1025/37 118/1026/37
f 78/1025/37 80/1027/37 116/1028/37
f 80/1027/37 82/1029/37 114/1030/37
f 82/1029/37 84/1031/37 114/1030/37
f 84/1031/37 86/1032/37 112/1033/37
f 114/1030/37 84/1031/37 112/1033/37
f 86/1032/37 88/1034/37 110/1035/37
f 88/1034/37 90/1036/37 108/1037/37
f 110/1035/37 88/1034/37 108/1037/37
f 90/1036/37 92/1038/37 104/1039/37
f 92/1038/37 94/69/37 102/71/37
f 94/69/37 96/1040/37 98/70/37
f 98/70/37 100/1041/37 102/71/37
f 102/71/37 104/1039/37 92/1038/37
f 104/1039/37 106/1042/37 90/1036/37
f 106/1042/37 108/1037/37 90/1036/37
f 110/1035/37 112/1033/37 86/1032/37
f 114/1030/37 116/1028/37 80/1027/37
f 116/1028/37 118/1026/37 78/1025/37
f 118/1026/37 120/1024/37 76/1023/37
f 120/1024/37 122/1043/37 74/1021/37
f 122/1043/37 124/1022/37 74/1021/37
f 126/1020/37 128/1044/37 66/1016/37
f 66/1016/37 70/1018/37 126/1020/37
f 192/72/38 160/139/100 129/73/39
f 161/74/40 129/73/39 130/75/41
f 162/76/42 130/75/41 131/77/43
f 131/79/43 132/82/46 164/80/45
f 132/82/46 133/84/48 165/83/47
f 133/84/48 134/86/50 166/85/49
f 134/86/50 135/88/52 167/87/51
f 135/88/52 136/90/54 168/89/53
f 136/90/54 137/92/56 169/91/55
f 137/92/56 138/94/58 170/93/57
f 138/94/58 139/1045/60 171/95/59
f 139/96/60 140/99/62 172/97/61
f 140/99/62 141/101/64 173/100/63
f 141/101/64 142/103/66 174/102/65
f 142/103/66 143/105/68 175/104/67
f 143/105/68 144/107/70 176/106/69
f 144/107/70 145/109/72 177/108/71
f 145/109/72 146/111/74 178/110/73
f 146/111/74 147/1046/635 179/112/75
f 179/113/75 147/1047/635 148/114/76
f 180/115/77 148/114/76 149/116/78
f 181/117/79 149/116/78 150/118/80
f 182/119/81 150/118/80 151/120/82
f 183/121/83 151/120/82 152/122/84
f 184/123/85 152/122/84 153/124/86
f 185/125/87 153/124/86 154/126/88
f 186/127/89 154/126/88 155/128/90
f 187/130/91 155/1048/90 156/131/92
f 188/132/93 156/131/92 157/133/94
f 189/134/95 157/133/94 158/135/96
f 190/136/97 158/135/96 159/137/98
f 191/138/99 159/137/98 160/139/100
f 127/140/101 191/138/99 192/72/38
f 125/142/103 190/136/97 191/138/99
f 123/143/104 189/134/95 190/136/97
f 121/144/105 188/132/93 189/134/95
f 119/145/106 187/130/91 188/132/93
f 117/146/107 186/127/89 187/129/91
f 115/148/108 185/125/87 186/127/89
f 113/149/109 184/123/85 185/125/87
f 111/150/110 183/121/83 184/123/85
f 109/151/111 182/119/81 183/121/83
f 107/152/112 181/117/79 182/119/81
f 105/153/113 180/115/77 181/117/79
f 103/154/114 179/113/75 180/115/77
f 178/110/73 179/112/75 103/155/114
f 177/108/71 178/110/73 101/156/115
f 176/106/69 177/108/71 99/157/116
f 175/104/67 176/106/69 97/158/117
f 174/102/65 175/104/67 95/159/118
f 173/100/63 174/102/65 93/160/119
f 172/97/61 173/100/63 91/161/120
f 171/98/59 172/97/61 89/162/121
f 170/93/57 171/95/59 87/164/122
f 169/91/55 170/93/57 85/165/123
f 168/89/53 169/91/55 83/166/124
f 167/87/51 168/89/53 81/167/125
f 166/85/49 167/87/51 79/168/126
f 165/83/47 166/85/49 77/169/127
f 164/80/45 165/83/47 75/170/128
f 163/81/44 164/80/45 73/171/129
f 69/173/131 162/76/42 163/78/44
f 67/175/132 161/74/40 162/76/42
f 65/141/102 192/72/38 161/74/40
f 224/177/133 193/1049/133 209/178/133
f 193/1049/133 194/1050/636 195/1051/637
f 196/1052/638 193/1049/133 195/1051/637
f 196/1052/638 197/1053/638 193/1049/133
f 197/1053/638 198/1054/639 193/1049/133
f 198/1054/639 199/1055/133 193/1049/133
f 199/1055/133 200/1056/133 193/1049/133
f 200/1056/133 201/1057/133 193/1049/133
f 201/1057/133 202/1058/133 193/1049/133
f 202/1058/133 203/1059/133 193/1049/133
f 203/1059/133 204/1060/133 193/1049/133
f 204/1060/133 205/1061/133 193/1049/133
f 205/1061/133 206/1062/133 193/1049/133
f 206/1062/133 207/1063/133 193/1049/133
f 207/1063/133 208/1064/133 193/1049/133
f 208/1064/133 209/178/133 193/1049/133
f 209/178/133 210/1065/640 211/1066/637
f 212/1067/638 209/178/133 211/1066/637
f 212/1067/638 213/1068/638 209/178/133
f 213/1068/638 214/1069/639 209/178/133
f 214/1069/639 215/1070/133 209/178/133
f 215/1070/133 216/1071/133 209/178/133
f 216/1071/133 217/1072/133 209/178/133
f 217/1072/133 218/1073/133 209/178/133
f 218/1073/133 219/1074/133 209/178/133
f 219/1074/133 220/1075/133 209/178/133
f 220/1075/133 221/1076/133 209/178/133
f 221/1076/133 222/1077/133 209/178/133
f 222/1077/133 223/176/133 209/178/133
f 315/179/134 316/1078/207 489/180/135
f 66/182/137 226/249/200 225/183/138
f 86/185/140 84/242/194 234/186/141
f 102/188/143 243/243/195 244/189/144
f 122/191/146 120/1079/196 252/192/147
f 76/194/149 230/246/197 231/195/150
f 96/197/152 94/247/198 239/198/153
f 112/200/155 248/248/199 249/201/156
f 68/184/139 225/183/138 227/203/158
f 88/205/160 86/185/140 235/187/142
f 104/207/145 244/526/144 245/208/162
f 124/210/164 122/191/146 253/193/148
f 78/196/151 231/195/150 232/212/166
f 98/214/168 96/197/152 240/199/154
f 116/216/170 114/202/157 249/201/156
f 70/204/159 227/203/158 228/218/172
f 90/220/174 88/1080/160 236/221/161
f 106/209/163 245/208/162 246/223/176
f 126/225/178 124/210/164 254/211/165
f 80/213/167 232/212/166 233/227/180
f 98/214/168 241/215/169 242/229/182
f 118/231/184 116/216/170 250/217/171
f 72/233/173 228/527/172 229/234/186
f 92/236/188 90/220/174 237/222/175
f 108/224/177 246/223/176 247/238/190
f 128/240/192 126/225/178 255/226/179
f 84/242/194 82/228/181 233/227/180
f 100/230/183 242/229/182 243/243/195
f 120/244/196 118/231/184 251/232/185
f 74/235/187 229/234/186 230/246/197
f 94/247/198 92/236/188 238/237/189
f 110/239/191 247/238/190 248/248/199
f 66/182/137 128/240/192 256/241/193
f 260/250/201 258/512/282 447/251/202
f 493/253/204 302/318/265 303/254/205
f 316/256/207 317/264/214 482/257/208
f 490/255/206 303/254/205 304/259/209
f 481/261/211 289/384/326 291/262/212
f 317/264/214 318/270/220 491/265/215
f 483/260/210 304/259/209 305/266/216
f 496/263/213 291/262/212 292/268/218
f 318/270/220 319/276/225 511/271/221
f 305/266/216 306/278/227 509/272/222
f 484/273/219 292/1081/218 293/274/223
f 319/276/225 320/282/231 505/277/226
f 306/278/227 307/284/233 503/279/228
f 507/275/224 293/274/223 294/280/229
f 320/282/231 290/1082/232 499/283/232
f 307/284/233 308/1083/240 497/285/234
f 501/281/230 294/280/229 295/286/235
f 430/288/237 275/516/448 288/289/238
f 308/291/240 309/296/244 492/292/241
f 494/287/236 295/286/235 296/294/242
f 309/296/244 310/300/248 487/297/245
f 488/295/243 296/294/242 297/298/246
f 310/300/248 311/304/252 512/301/249
f 486/299/247 297/298/246 298/302/250
f 311/304/252 312/308/256 508/305/253
f 510/303/251 298/302/250 299/306/254
f 312/308/256 313/312/260 504/309/257
f 506/307/255 299/306/254 300/310/258
f 313/312/260 314/316/264 500/313/261
f 502/311/259 300/310/258 301/314/262
f 314/316/264 315/179/134 495/181/136
f 498/317/263 301/1084/262 302/318/265
f 291/1085/266 289/1086/266 290/1087/267
f 290/1087/267 320/1088/267 291/1085/266
f 320/1088/267 319/1089/266 291/1085/266
f 319/1089/266 318/1090/267 291/1085/266
f 318/1090/267 317/321/266 292/320/267
f 291/1085/266 318/1090/267 292/320/267
f 317/321/266 316/1091/267 293/319/266
f 316/1091/267 315/1092/267 294/1093/267
f 293/319/266 316/1091/267 294/1093/267
f 315/1092/267 314/1094/267 296/1095/267
f 314/1094/267 313/1096/267 297/1097/267
f 313/1096/267 312/1098/267 298/1099/267
f 312/1098/267 311/1100/267 299/1101/267
f 311/1100/267 310/1102/267 299/1101/267
f 310/1102/267 309/1103/267 300/1104/267
f 299/1101/267 310/1102/267 300/1104/267
f 309/1103/267 308/1105/267 301/1106/267
f 308/1105/267 307/1107/266 302/1108/267
f 301/1106/267 308/1105/267 302/1108/267
f 307/1107/266 306/1109/266 305/1110/267
f 305/1110/267 304/1111/267 307/1107/266
f 304/1111/267 303/1112/266 307/1107/266
f 303/1112/266 302/1108/267 307/1107/266
f 301/1106/267 300/1104/267 309/1103/267
f 299/1101/267 298/1099/267 312/1098/267
f 298/1099/267 297/1097/267 313/1096/267
f 297/1097/267 296/1095/267 314/1094/267
f 296/1095/267 295/1113/267 315/1092/267
f 295/1113/267 294/1093/267 315/1092/267
f 264/322/268 262/339/284 443/323/269
f 278/325/271 275/516/448 430/288/237
f 259/327/273 257/343/288 448/328/274
f 263/330/276 261/345/290 444/331/277
f 428/333/279 277/377/320 274/334/280
f 258/336/282 286/353/297 418/337/283
f 262/339/284 260/250/201 445/252/203
f 429/340/285 276/383/325 273/341/286
f 257/343/288 284/513/446 417/344/289
f 261/345/290 259/327/273 446/329/275
f 431/346/281 274/517/280 272/347/291
f 419/290/239 288/289/238 287/349/293
f 432/342/287 273/341/286 271/351/295
f 286/353/297 285/365/309 421/354/298
f 433/348/292 272/347/291 270/355/299
f 417/344/289 284/513/446 283/357/301
f 434/352/296 271/351/295 269/359/303
f 420/350/294 287/349/293 282/361/305
f 435/356/300 270/355/299 268/363/307
f 285/365/309 281/376/319 424/366/310
f 269/359/303 267/374/317 438/367/311
f 283/357/301 280/514/447 425/368/312
f 437/364/308 268/363/307 266/369/313
f 423/371/306 282/515/305 279/372/315
f 267/374/317 265/381/324 440/375/318
f 281/376/319 278/325/271 427/326/272
f 439/370/314 266/369/313 264/322/268
f 425/368/312 280/514/447 277/377/320
f 455/378/321 330/400/342 333/379/322
f 265/381/324 263/518/276 442/382/278
f 426/373/316 279/372/315 276/383/325
f 499/283/232 290/1082/232 289/384/326
f 344/385/327 346/519/378 471/386/328
f 454/388/330 329/520/449 332/389/331
f 343/391/333 345/443/382 470/392/334
f 328/394/336 331/441/380 456/395/337
f 342/397/339 344/385/327 469/387/329
f 452/399/341 327/521/352 330/400/342
f 466/401/343 341/408/350 343/391/333
f 326/402/344 329/520/449 454/388/330
f 465/404/346 340/413/354 342/397/339
f 325/405/347 328/394/336 453/396/338
f 464/407/349 339/416/357 341/408/350
f 449/409/351 324/422/363 327/410/352
f 463/412/353 338/420/361 340/413/354
f 478/414/355 321/522/450 326/402/344
f 462/415/356 337/424/365 339/416/357
f 322/417/358 325/405/347 450/406/348
f 461/419/360 336/430/371 338/420/361
f 480/421/362 323/444/383 324/422/363
f 460/423/364 335/523/377 337/424/365
f 348/425/366 350/440/379 475/426/367
f 352/428/369 321/522/450 478/414/355
f 458/380/323 333/379/322 336/430/371
f 347/431/372 349/445/384 474/432/373
f 351/434/375 322/417/358 479/418/359
f 457/390/332 332/389/331 335/436/377
f 346/438/378 348/425/366 473/427/368
f 350/440/379 352/428/369 477/429/370
f 331/441/380 334/524/451 459/442/381
f 345/443/382 347/431/372 472/433/374
f 459/442/381 334/524/451 323/444/383
f 349/445/384 351/525/375 476/446/376
f 400/447/385 368/528/452 382/448/386
f 367/450/388 362/509/444 394/451/389
f 401/453/391 369/459/397 364/454/392
f 371/456/394 367/450/388 399/452/390
f 405/458/396 373/464/401 369/459/397
f 375/460/398 371/530/394 403/461/395
f 409/463/400 377/468/405 373/464/401
f 379/465/402 375/460/398 407/462/399
f 413/467/404 381/472/409 377/468/405
f 355/469/406 379/465/402 411/466/403
f 388/471/408 356/476/413 381/472/409
f 357/473/410 355/469/406 387/470/407
f 393/475/412 361/480/417 356/476/413
f 363/477/414 357/473/410 389/474/411
f 398/479/416 366/531/421 361/480/417
f 370/481/418 363/477/414 395/478/415
f 404/483/420 372/491/427 366/484/421
f 374/486/422 368/528/452 400/447/385
f 376/488/424 370/481/418 402/482/419
f 410/490/426 378/532/472 372/491/427
f 412/492/428 380/498/434 374/486/422
f 353/493/429 376/488/424 408/489/425
f 354/495/431 378/532/472 410/490/426
f 392/497/433 360/504/439 380/498/434
f 365/499/435 353/533/429 385/500/430
f 416/502/437 384/534/478 354/495/431
f 415/503/438 383/508/443 360/504/439
f 382/448/386 365/499/435 397/501/436
f 359/505/440 384/534/478 416/502/437
f 390/507/442 358/535/445 383/508/443
f 362/509/444 359/505/440 391/506/441
f 396/455/393 364/454/392 358/510/445
f 396/455/393 390/511/442 258/512/282
f 394/451/389 391/506/441 257/343/288
f 390/507/442 415/503/438 286/353/297
f 391/506/441 416/502/437 284/513/446
f 288/289/238 414/449/387 397/501/436
f 415/503/438 392/497/433 285/365/309
f 284/513/446 416/502/437 386/496/432
f 287/349/293 397/501/436 385/500/430
f 392/497/433 412/492/428 281/376/319
f 386/496/432 410/490/426 280/514/447
f 282/515/305 385/494/430 408/489/425
f 412/492/428 406/487/423 278/325/271
f 280/514/447 410/490/426 404/483/420
f 279/372/315 408/489/425 402/482/419
f 406/487/423 400/447/385 275/516/448
f 277/377/320 404/483/420 398/485/416
f 276/383/325 402/482/419 395/478/415
f 274/517/280 398/479/416 393/475/412
f 273/341/286 395/478/415 389/474/411
f 272/347/291 393/475/412 388/471/408
f 389/474/411 387/470/407 269/359/303
f 270/355/299 388/471/408 413/467/404
f 269/359/303 387/470/407 411/466/403
f 268/363/307 413/467/404 409/463/400
f 411/466/403 407/462/399 265/381/324
f 409/463/400 405/458/396 264/322/268
f 407/462/399 403/461/395 263/518/276
f 264/322/268 405/458/396 401/453/391
f 403/457/395 399/452/390 261/345/290
f 401/453/391 396/455/393 260/250/201
f 399/452/390 394/451/389 259/327/273
f 275/516/448 400/447/385 414/449/387
f 330/400/342 426/373/316 429/340/285
f 440/375/318 442/382/278 346/519/378
f 329/520/449 425/368/312 428/333/279
f 439/370/314 441/324/270 345/443/382
f 424/366/310 427/326/272 331/441/380
f 342/397/339 438/367/311 440/375/318
f 327/521/352 423/371/306 426/373/316
f 437/364/308 439/370/314 343/391/333
f 422/358/302 425/368/312 329/520/449
f 340/413/354 436/360/304 438/367/311
f 325/405/347 421/354/298 424/366/310
f 339/416/357 435/356/300 437/364/308
f 420/350/294 423/362/306 327/410/352
f 338/420/361 434/352/296 436/360/304
f 321/522/450 417/344/289 422/358/302
f 337/424/365 433/348/292 435/356/300
f 418/337/283 421/354/298 325/405/347
f 336/430/371 432/342/287 434/352/296
f 323/444/383 419/290/239 420/350/294
f 431/346/281 433/348/292 337/424/365
f 348/425/366 444/331/277 446/329/275
f 448/328/274 417/344/289 321/522/450
f 429/340/285 432/342/287 336/430/371
f 443/323/269 445/252/203 349/445/384
f 447/338/202 418/337/283 322/417/358
f 332/389/331 428/333/279 431/335/281
f 442/332/278 444/331/277 348/425/366
f 446/329/275 448/328/274 352/428/369
f 427/326/272 430/288/237 334/524/451
f 441/324/270 443/323/269 347/431/372
f 334/524/451 430/288/237 419/290/239
f 349/445/384 445/252/203 447/251/202
f 251/232/185 474/432/373 476/446/376
f 226/249/200 459/442/381 480/421/362
f 249/201/156 470/392/334 472/433/374
f 456/395/337 459/442/381 226/249/200
f 475/426/367 477/429/370 239/198/153
f 471/439/328 473/427/368 237/222/175
f 243/243/195 457/390/332 460/437/364
f 252/192/147 476/435/376 479/418/359
f 472/433/374 474/432/373 251/232/185
f 458/380/323 461/419/360 231/195/150
f 477/429/370 478/414/355 240/199/154
f 237/222/175 473/427/368 475/426/367
f 460/423/364 462/415/356 245/208/162
f 225/183/138 480/421/362 449/409/351
f 231/195/150 461/419/360 463/412/353
f 479/418/359 450/406/348 254/211/165
f 245/208/162 462/415/356 464/407/349
f 240/199/154 478/414/355 451/403/345
f 463/412/353 465/404/346 233/227/180
f 449/409/351 452/411/341 228/218/172
f 246/223/176 464/407/349 466/401/343
f 254/211/165 450/406/348 453/396/338
f 233/227/180 465/404/346 467/398/340
f 451/403/345 454/388/330 242/229/182
f 466/401/343 468/393/335 248/248/199
f 228/527/172 452/399/341 455/378/321
f 467/398/340 469/387/329 235/187/142
f 255/226/179 453/396/338 456/395/337
f 468/393/335 470/392/334 249/201/156
f 242/229/182 454/388/330 457/390/332
f 469/387/329 471/386/328 236/206/161
f 455/378/321 458/380/323 230/246/197
f 368/528/452 499/283/641 481/261/453
f 498/317/454 493/253/482 362/509/444
f 369/459/397 500/313/457 495/181/455
f 502/529/456 498/317/454 367/450/388
f 373/464/401 504/309/459 500/313/457
f 506/307/458 502/311/456 371/530/394
f 377/468/405 508/305/461 504/309/459
f 510/303/460 506/307/458 375/460/398
f 381/472/409 512/301/463 508/305/461
f 486/299/462 510/303/460 379/465/402
f 356/476/413 487/297/465 512/301/463
f 488/295/464 486/299/462 355/469/406
f 361/480/417 492/292/467 487/297/465
f 494/287/466 488/295/464 357/473/410
f 366/531/421 497/293/469 492/292/467
f 501/281/468 494/287/466 363/477/414
f 372/491/427 503/279/473 497/285/469
f 505/277/470 499/283/641 368/528/452
f 507/275/471 501/281/468 370/481/418
f 378/532/472 509/272/642 503/279/473
f 380/498/434 511/271/476 505/277/470
f 484/273/474 507/275/471 376/488/424
f 485/267/475 509/272/642 378/532/472
f 360/504/439 491/265/479 511/271/476
f 496/263/477 484/269/474 353/533/429
f 384/534/478 483/260/643 485/267/475
f 383/508/443 482/257/481 491/265/479
f 481/261/453 496/263/477 365/499/435
f 490/255/480 483/260/643 384/534/478
f 358/535/445 489/258/483 482/257/481
f 493/253/482 490/255/480 359/505/440
f 364/454/392 495/181/455 489/180/483
f 519/536/484 553/558/502 545/537/485
f 528/539/486 554/560/504 546/540/487
f 536/542/489 537/561/490 555/543/490
f 515/545/491 556/564/507 548/546/492
f 524/548/493 557/1114/493 549/549/494
f 532/551/495 533/568/509 558/552/496
f 541/554/498 542/570/499 559/555/499
f 520/557/501 560/573/501 553/558/502
f 529/559/503 561/575/503 554/560/504
f 537/561/490 538/576/514 562/562/505
f 516/563/506 563/1115/517 556/564/507
f 525/565/508 564/582/519 557/566/493
f 533/568/509 534/583/510 565/569/510
f 542/570/499 543/585/521 566/571/511
f 521/572/512 567/588/512 560/573/501
f 530/574/513 568/590/513 561/575/503
f 538/576/514 539/591/515 569/577/515
f 517/578/516 570/593/526 563/579/517
f 526/581/518 571/594/518 564/582/519
f 534/583/510 535/595/527 572/584/520
f 543/585/521 544/598/529 573/586/522
f 522/587/523 574/599/530 567/588/512
f 530/574/513 531/600/531 575/589/524
f 539/591/515 540/1116/525 576/592/525
f 518/538/485 545/537/485 570/593/526
f 527/541/488 546/540/487 571/594/518
f 535/595/527 536/542/489 547/544/489
f 513/596/528 514/547/492 548/546/492
f 544/598/529 513/596/528 552/597/528
f 523/550/494 549/549/494 574/599/530
f 531/600/531 532/1117/495 550/601/497
f 540/602/525 541/554/498 551/556/500
f 577/604/532 585/625/549 609/605/533
f 578/607/534 586/627/535 610/608/535
f 587/610/33 611/630/33 635/611/537
f 580/613/538 588/631/539 612/614/539
f 581/616/540 589/1118/541 613/617/541
f 590/619/543 614/637/555 638/620/544
f 591/622/546 615/639/557 639/623/547
f 585/625/549 592/640/550 616/626/550
f 586/627/535 593/643/551 617/628/551
f 594/629/25 618/645/25 611/630/33
f 588/631/539 595/1119/560 619/632/552
f 589/633/541 596/649/562 620/634/553
f 597/636/554 621/652/554 614/637/555
f 598/638/556 622/654/566 615/639/557
f 592/640/550 599/655/19 623/641/19
f 600/642/558 624/658/558 617/628/551
f 601/644/559 625/660/569 618/645/25
f 595/646/560 602/661/570 626/647/561
f 596/649/562 603/662/571 627/650/563
f 604/651/564 628/663/572 621/652/554
f 605/653/565 629/666/565 622/654/566
f 599/655/19 606/667/6 630/656/6
f 607/657/567 631/669/567 624/658/558
f 608/659/568 632/1120/568 625/660/569
f 602/661/570 577/604/532 633/606/532
f 603/662/571 578/607/534 634/609/536
f 579/612/537 635/611/537 628/663/572
f 584/664/573 580/613/538 636/615/538
f 584/664/573 640/665/573 629/666/565
f 606/667/6 581/616/540 637/618/542
f 582/668/545 638/1121/544 631/669/567
f 583/624/548 639/623/547 632/670/568
f 703/672/1 654/731/1 671/673/2
f 695/675/3 702/1122/4 652/676/4
f 694/678/6 701/734/5 650/679/5
f 704/681/7 672/685/7 668/682/8
f 704/681/7 700/736/9 648/684/9
f 692/686/10 699/737/11 646/687/11
f 691/689/12 698/738/13 644/690/13
f 697/692/14 642/739/14 665/693/16
f 696/695/2 671/1123/2 664/696/17
f 688/698/18 695/675/3 670/677/3
f 687/700/19 694/678/6 669/680/6
f 693/683/8 668/682/8 661/702/20
f 685/704/21 692/686/10 667/688/10
f 684/706/23 691/689/12 666/691/12
f 690/694/15 665/693/16 658/708/24
f 689/697/17 664/696/17 657/710/25
f 688/698/18 663/699/18 656/712/26
f 687/700/19 662/701/19 655/714/27
f 686/703/20 661/702/20 653/716/28
f 678/718/29 685/704/21 660/705/21
f 677/720/31 684/706/23 659/707/22
f 683/722/24 658/1124/24 647/723/32
f 675/725/33 682/711/25 657/710/25
f 674/727/34 681/713/26 656/712/26
f 680/715/27 655/714/27 641/729/35
f 679/717/28 653/716/28 654/731/1
f 702/732/4 678/718/29 651/719/29
f 701/734/5 677/1125/31 649/735/31
f 676/724/32 647/723/32 648/684/9
f 699/737/11 675/725/33 645/726/33
f 698/738/13 674/727/34 643/728/34
f 673/730/35 641/729/35 642/739/14
f 705/740/35 745/762/35 737/741/14
f 708/743/13 707/763/34 746/744/34
f 710/746/11 709/765/33 747/747/33
f 711/749/32 748/768/32 740/750/9
f 714/752/5 713/1126/31 749/753/31
f 716/755/4 715/772/29 750/756/29
f 717/758/28 751/775/28 743/759/1
f 719/761/27 752/777/27 745/762/35
f 707/763/34 720/779/26 753/764/26
f 709/765/33 721/781/25 754/766/25
f 722/767/24 755/1127/24 748/768/32
f 713/769/31 723/785/23 756/770/22
f 715/772/29 724/787/21 757/773/21
f 725/774/20 758/790/20 751/775/28
f 726/776/19 759/792/19 752/777/27
f 727/778/18 760/794/18 753/764/26
f 728/780/17 761/796/17 754/766/25
f 729/782/15 762/797/16 755/783/24
f 723/785/23 730/798/12 763/786/12
f 724/787/21 731/799/10 764/788/10
f 732/789/8 765/802/8 758/790/20
f 726/776/19 733/803/6 766/791/6
f 727/778/18 734/804/3 767/793/3
f 735/795/2 768/1128/2 761/796/17
f 706/742/14 737/741/14 762/797/16
f 730/798/12 708/743/13 738/745/13
f 731/799/10 710/746/11 739/748/11
f 736/800/7 712/751/9 740/750/9
f 736/800/7 744/801/7 765/802/8
f 714/752/5 741/754/5 766/791/6
f 734/804/3 716/1129/4 742/805/4
f 718/760/1 743/759/1 768/806/2
f 807/808/36 799/867/1 792/809/2
f 831/811/3 806/1130/4 798/812/4
f 805/814/5 797/871/5 790/815/6
f 808/817/7 800/821/7 789/818/8
f 808/817/7 804/872/9 796/820/9
f 828/822/10 803/873/11 795/823/11
f 827/825/12 802/874/13 794/826/13
f 801/828/14 793/875/14 786/829/16
f 832/831/2 792/1131/2 785/832/17
f 824/834/18 831/811/3 791/813/3
f 823/836/19 830/816/6 790/815/6
f 829/819/8 789/818/8 782/838/20
f 821/840/21 828/822/10 788/824/10
f 820/842/23 827/825/12 787/827/12
f 826/830/15 786/829/16 779/844/24
f 825/833/17 785/832/17 778/846/25
f 824/834/18 784/835/18 777/848/26
f 823/836/19 783/837/19 776/850/27
f 822/839/20 782/838/20 775/852/28
f 814/854/30 821/840/21 781/841/21
f 813/856/31 820/842/23 780/843/23
f 819/858/24 779/1132/24 772/859/32
f 811/861/33 818/847/25 778/846/25
f 810/863/34 817/849/26 777/848/26
f 816/851/27 776/850/27 769/865/35
f 815/853/28 775/852/28 799/867/1
f 806/868/4 814/854/30 774/855/29
f 805/814/5 813/1133/31 773/870/31
f 812/860/32 772/859/32 796/820/9
f 803/873/11 811/861/33 771/862/33
f 802/874/13 810/863/34 770/864/34
f 809/866/35 769/865/35 793/875/14
f 863/876/1 895/935/1 888/877/2
f 855/879/3 862/1134/4 894/880/4
f 861/882/5 893/939/5 886/883/6
f 864/885/7 896/889/7 885/886/8
f 864/885/7 860/940/9 892/888/9
f 852/890/10 859/941/11 891/891/11
f 851/893/12 858/942/13 890/894/13
f 857/896/14 889/943/14 882/897/15
f 856/899/2 888/1135/2 881/900/17
f 848/902/18 855/879/3 887/881/3
f 847/904/19 854/884/6 886/883/6
f 853/887/8 885/886/8 878/906/20
f 845/908/21 852/890/10 884/892/10
f 844/910/23 851/893/12 883/895/12
f 850/898/15 882/897/15 875/912/24
f 849/901/17 881/900/17 874/914/25
f 848/902/18 880/903/18 873/916/26
f 847/904/19 879/905/19 872/918/27
f 846/907/20 878/906/20 871/920/28
f 838/922/29 845/908/21 877/909/21
f 837/924/31 844/910/23 876/911/23
f 843/926/24 875/1136/24 868/927/32
f 835/929/33 842/915/25 874/914/25
f 834/931/34 841/917/26 873/916/26
f 840/919/27 872/918/27 865/933/35
f 839/921/28 871/920/28 895/935/1
f 862/936/4 838/922/29 870/923/29
f 861/882/5 837/1137/31 869/938/31
f 836/928/32 868/927/32 892/888/9
f 835/929/33 867/930/33 891/891/11
f 858/942/13 834/931/34 866/932/34
f 833/934/35 865/933/35 889/943/14
f 953/944/574 929/965/595 903/945/575
f 954/947/577 930/967/597 912/948/578
f 955/950/580 931/969/599 921/951/581
f 956/953/583 932/971/584 899/954/584
f 957/956/586 933/973/602 908/957/587
f 958/959/589 934/975/604 917/960/590
f 959/962/592 935/977/606 926/963/593
f 929/965/595 936/979/608 904/966/596
f 930/967/597 937/982/611 913/968/598
f 931/969/599 938/983/612 922/970/600
f 932/971/584 939/1138/614 900/972/601
f 933/973/602 940/1139/603 909/974/603
f 934/975/604 941/991/617 918/976/605
f 935/977/606 942/993/619 927/978/607
f 936/979/608 943/995/621 905/980/609
f 944/981/610 914/998/624 913/968/598
f 938/983/612 945/999/625 923/984/613
f 939/985/614 946/1001/627 901/986/615
f 940/988/603 947/1002/616 910/989/616
f 941/991/617 948/1003/628 919/992/618
f 942/993/619 949/1006/631 928/994/620
f 943/995/621 950/1007/632 906/996/622
f 944/981/610 951/1008/633 915/997/623
f 945/999/625 952/1140/634 924/1000/626
f 946/1001/627 953/944/574 902/946/576
f 947/1002/616 954/947/577 911/949/579
f 948/1003/628 955/950/580 920/952/582
f 956/953/583 898/955/585 897/1004/629
f 949/1006/631 960/1005/630 897/1004/629
f 950/1007/632 957/956/586 907/958/588
f 951/1008/633 958/1141/589 916/1009/591
f 952/1010/634 959/962/592 925/964/594
