# Blender 5.1.1
# www.blender.org
mtllib BatterBox.mtl
o 立方体.002
v 0.048970 2.036098 -3.800945
v 0.182987 0.313045 -4.807486
v 0.040233 2.148438 -3.994418
v 0.174249 0.425384 -5.000958
v -0.174249 2.018737 -3.800945
v -0.040233 0.295683 -4.807486
v -0.182987 2.131077 -3.994418
v -0.048970 0.408023 -5.000958
v 0.000000 0.037752 -4.405972
v 0.000000 2.037752 -4.405972
v 0.195090 0.037752 -4.386758
v 0.195090 2.037752 -4.386758
v 0.382683 0.037752 -4.329852
v 0.382683 2.037752 -4.329852
v 0.555570 0.037752 -4.237442
v 0.555570 2.037752 -4.237442
v 0.707107 0.037752 -4.113080
v 0.707107 2.037752 -4.113080
v 0.831470 0.037752 -3.961543
v 0.831470 2.037752 -3.961543
v 0.923880 0.037752 -3.788656
v 0.923880 2.037752 -3.788656
v 0.980785 0.037752 -3.601063
v 0.980785 2.037752 -3.601063
v 1.000000 0.037752 -3.405973
v 1.000000 2.037752 -3.405973
v 0.980785 0.037752 -3.210882
v 0.980785 2.037752 -3.210882
v 0.923880 0.037752 -3.023289
v 0.923880 2.037752 -3.023289
v 0.831470 0.037752 -2.850402
v 0.831470 2.037752 -2.850402
v 0.707107 0.037752 -2.698866
v 0.707107 2.037752 -2.698866
v 0.555570 0.037752 -2.574503
v 0.555570 2.037752 -2.574503
v 0.382683 0.037752 -2.482093
v 0.382683 2.037752 -2.482093
v 0.195090 0.037752 -2.425187
v 0.195090 2.037752 -2.425187
v 0.000000 0.037752 -2.405972
v 0.000000 2.037752 -2.405973
v -0.195090 0.037752 -2.425188
v -0.195090 2.037752 -2.425188
v -0.382683 0.037752 -2.482093
v -0.382683 2.037752 -2.482093
v -0.555570 0.037752 -2.574503
v -0.555570 2.037752 -2.574503
v -0.707107 0.037752 -2.698866
v -0.707107 2.037752 -2.698866
v -0.831470 0.037752 -2.850402
v -0.831470 2.037752 -2.850402
v -0.923879 0.037752 -3.023289
v -0.923879 2.037752 -3.023289
v -0.980785 0.037752 -3.210882
v -0.980785 2.037752 -3.210882
v -1.000000 0.037752 -3.405972
v -1.000000 2.037752 -3.405973
v -0.980785 0.037752 -3.601063
v -0.980785 2.037752 -3.601063
v -0.923879 0.037752 -3.788656
v -0.923879 2.037752 -3.788656
v -0.831469 0.037752 -3.961543
v -0.831470 2.037752 -3.961543
v -0.707107 0.037752 -4.113080
v -0.707107 2.037752 -4.113080
v -0.555570 0.037752 -4.237442
v -0.555570 2.037752 -4.237442
v -0.382683 0.037752 -4.329852
v -0.382683 2.037752 -4.329852
v -0.195090 0.037752 -4.386758
v -0.195090 2.037752 -4.386758
v 0.000000 3.184375 -3.413418
v 0.000000 3.015845 -3.968988
v 0.000000 2.739945 -4.244887
v 0.000000 2.379466 -4.394203
v 0.000000 2.184375 -4.413418
v 0.000000 1.989285 -4.394203
v 0.000000 1.628805 -4.244887
v 0.000000 1.184375 -3.413418
v 0.038060 3.165160 -3.604759
v 0.074658 3.108254 -3.788748
v 0.108386 3.015845 -3.958313
v 0.137950 2.891482 -4.106937
v 0.162212 2.739945 -4.228911
v 0.180240 2.567059 -4.319545
v 0.191342 2.379466 -4.375358
v 0.195090 2.184375 -4.394203
v 0.191342 1.989285 -4.375358
v 0.180240 1.801692 -4.319545
v 0.162212 1.628805 -4.228911
v 0.137950 1.477268 -4.106937
v 0.108386 1.352906 -3.958313
v 0.074658 1.260496 -3.788748
v 0.038060 1.203590 -3.604759
v 0.074658 3.165160 -3.593658
v 0.146447 3.108254 -3.766971
v 0.212608 3.015845 -3.926698
v 0.270598 2.891482 -4.066699
v 0.318190 2.739945 -4.181595
v 0.353553 2.567059 -4.266971
v 0.375330 2.379466 -4.319545
v 0.382683 2.184375 -4.337297
v 0.375330 1.989285 -4.319545
v 0.353553 1.801692 -4.266971
v 0.318190 1.628805 -4.181595
v 0.270598 1.477268 -4.066699
v 0.212608 1.352906 -3.926697
v 0.146447 1.260496 -3.766971
v 0.074658 1.203590 -3.593657
v 0.108386 3.165160 -3.575629
v 0.212608 3.108255 -3.731607
v 0.308658 3.015845 -3.875357
v 0.392847 2.891482 -4.001356
v 0.461940 2.739945 -4.104759
v 0.513280 2.567059 -4.181595
v 0.544895 2.379466 -4.228911
v 0.555570 2.184375 -4.244887
v 0.544895 1.989285 -4.228911
v 0.513280 1.801692 -4.181595
v 0.461940 1.628805 -4.104759
v 0.392847 1.477268 -4.001356
v 0.308658 1.352906 -3.875357
v 0.212608 1.260496 -3.731607
v 0.108386 1.203590 -3.575629
v 0.137950 3.165160 -3.551367
v 0.270598 3.108254 -3.684016
v 0.392847 3.015844 -3.806265
v 0.500000 2.891482 -3.913418
v 0.587938 2.739945 -4.001355
v 0.653281 2.567059 -4.066699
v 0.693520 2.379465 -4.106937
v 0.707107 2.184375 -4.120524
v 0.693520 1.989285 -4.106937
v 0.653281 1.801692 -4.066699
v 0.587938 1.628805 -4.001355
v 0.500000 1.477268 -3.913418
v 0.392847 1.352906 -3.806265
v 0.270598 1.260496 -3.684016
v 0.137950 1.203590 -3.551367
v 0.162212 3.165160 -3.521804
v 0.318190 3.108254 -3.626025
v 0.461940 3.015845 -3.722076
v 0.587938 2.891482 -3.806265
v 0.691342 2.739945 -3.875357
v 0.768178 2.567059 -3.926698
v 0.815493 2.379465 -3.958313
v 0.831469 2.184375 -3.968988
v 0.815493 1.989285 -3.958313
v 0.768178 1.801692 -3.926698
v 0.691342 1.628805 -3.875357
v 0.587938 1.477268 -3.806265
v 0.461940 1.352906 -3.722076
v 0.318190 1.260496 -3.626025
v 0.162212 1.203590 -3.521804
v 0.180240 3.165160 -3.488075
v 0.353553 3.108254 -3.559865
v 0.513280 3.015845 -3.626025
v 0.653281 2.891482 -3.684016
v 0.768178 2.739945 -3.731607
v 0.853553 2.567059 -3.766971
v 0.906127 2.379466 -3.788748
v 0.923879 2.184375 -3.796101
v 0.906127 1.989285 -3.788748
v 0.853553 1.801692 -3.766971
v 0.768178 1.628805 -3.731607
v 0.653281 1.477268 -3.684016
v 0.513280 1.352906 -3.626025
v 0.353553 1.260496 -3.559864
v 0.180240 1.203590 -3.488075
v 0.191342 3.165160 -3.451478
v 0.375330 3.108254 -3.488075
v 0.544895 3.015845 -3.521804
v 0.693520 2.891482 -3.551367
v 0.815493 2.739945 -3.575629
v 0.906127 2.567059 -3.593658
v 0.961940 2.379466 -3.604759
v 0.980785 2.184375 -3.608508
v 0.961940 1.989285 -3.604759
v 0.906127 1.801692 -3.593658
v 0.815493 1.628805 -3.575629
v 0.693520 1.477268 -3.551367
v 0.544895 1.352906 -3.521804
v 0.375330 1.260496 -3.488075
v 0.191342 1.203590 -3.451478
v 0.195090 3.165160 -3.413418
v 0.382683 3.108254 -3.413418
v 0.555570 3.015845 -3.413418
v 0.707107 2.891482 -3.413418
v 0.831469 2.739945 -3.413418
v 0.923879 2.567059 -3.413418
v 0.980785 2.379465 -3.413418
v 1.000000 2.184375 -3.413418
v 0.980785 1.989285 -3.413418
v 0.923879 1.801692 -3.413418
v 0.831469 1.628805 -3.413418
v 0.707107 1.477268 -3.413418
v 0.555570 1.352906 -3.413418
v 0.382683 1.260496 -3.413418
v 0.195090 1.203590 -3.413418
v 0.191342 3.165160 -3.375357
v 0.375330 3.108254 -3.338760
v 0.544895 3.015845 -3.305031
v 0.693520 2.891482 -3.275468
v 0.815493 2.739945 -3.251206
v 0.906127 2.567059 -3.233178
v 0.961940 2.379465 -3.222076
v 0.980785 2.184375 -3.218327
v 0.961940 1.989285 -3.222076
v 0.906127 1.801692 -3.233178
v 0.815493 1.628805 -3.251206
v 0.693520 1.477268 -3.275468
v 0.544895 1.352905 -3.305031
v 0.375330 1.260496 -3.338760
v 0.191342 1.203590 -3.375358
v 0.180240 3.165160 -3.338760
v 0.353553 3.108254 -3.266971
v 0.513280 3.015845 -3.200810
v 0.653281 2.891482 -3.142820
v 0.768177 2.739945 -3.095228
v 0.853553 2.567059 -3.059865
v 0.906127 2.379466 -3.038087
v 0.923879 2.184375 -3.030734
v 0.906127 1.989285 -3.038087
v 0.853553 1.801692 -3.059864
v 0.768177 1.628805 -3.095228
v 0.653281 1.477268 -3.142820
v 0.513280 1.352906 -3.200810
v 0.353553 1.260496 -3.266971
v 0.180240 1.203590 -3.338760
v 0.162212 3.165160 -3.305031
v 0.318190 3.108254 -3.200810
v 0.461940 3.015844 -3.104760
v 0.587938 2.891482 -3.020570
v 0.691341 2.739945 -2.951478
v 0.768178 2.567059 -2.900138
v 0.815493 2.379466 -2.868523
v 0.831469 2.184375 -2.857847
v 0.815493 1.989285 -2.868523
v 0.768178 1.801692 -2.900138
v 0.691341 1.628805 -2.951478
v 0.587938 1.477268 -3.020570
v 0.461940 1.352906 -3.104759
v 0.318190 1.260496 -3.200810
v 0.162212 1.203590 -3.305031
v 0.137950 3.165160 -3.275468
v 0.270598 3.108254 -3.142820
v 0.392847 3.015845 -3.020570
v 0.500000 2.891482 -2.913418
v 0.587937 2.739945 -2.825480
v 0.653281 2.567059 -2.760136
v 0.693520 2.379465 -2.719898
v 0.707106 2.184375 -2.706311
v 0.693520 1.989285 -2.719898
v 0.653281 1.801692 -2.760136
v 0.587937 1.628805 -2.825480
v 0.500000 1.477268 -2.913418
v 0.392847 1.352906 -3.020570
v 0.270598 1.260496 -3.142820
v 0.137950 1.203590 -3.275468
v 0.108386 3.165160 -3.251206
v 0.212607 3.108254 -3.095228
v 0.308658 3.015845 -2.951478
v 0.392847 2.891482 -2.825480
v 0.461939 2.739945 -2.722076
v 0.513280 2.567059 -2.645240
v 0.544895 2.379465 -2.597925
v 0.555570 2.184375 -2.581948
v 0.544895 1.989285 -2.597925
v 0.513280 1.801692 -2.645240
v 0.461940 1.628805 -2.722076
v 0.392847 1.477268 -2.825480
v 0.308658 1.352906 -2.951478
v 0.212607 1.260496 -3.095228
v 0.108386 1.203590 -3.251206
v 0.074658 3.165160 -3.233178
v 0.146447 3.108254 -3.059865
v 0.212607 3.015845 -2.900138
v 0.270598 2.891482 -2.760136
v 0.318189 2.739945 -2.645240
v 0.353553 2.567059 -2.559865
v 0.375330 2.379466 -2.507291
v 0.382683 2.184375 -2.489538
v 0.375330 1.989285 -2.507291
v 0.353553 1.801692 -2.559865
v 0.318189 1.628805 -2.645240
v 0.270598 1.477268 -2.760136
v 0.212607 1.352906 -2.900138
v 0.146447 1.260496 -3.059864
v 0.074658 1.203590 -3.233178
v 0.038060 3.165160 -3.222076
v 0.074658 3.108254 -3.038088
v 0.108386 3.015845 -2.868523
v 0.137950 2.891482 -2.719898
v 0.162212 2.739945 -2.597925
v 0.180240 2.567059 -2.507290
v 0.191342 2.379465 -2.451478
v 0.195090 2.184375 -2.432633
v 0.191342 1.989285 -2.451478
v 0.180240 1.801692 -2.507290
v 0.162212 1.628805 -2.597925
v 0.137950 1.477268 -2.719898
v 0.108386 1.352906 -2.868523
v 0.074658 1.260496 -3.038088
v 0.038060 1.203590 -3.222076
v 0.000000 3.165160 -3.218328
v -0.000000 3.108254 -3.030734
v -0.000000 3.015845 -2.857848
v -0.000000 2.891482 -2.706311
v -0.000000 2.739945 -2.581949
v 0.000000 2.567059 -2.489538
v -0.000000 2.379466 -2.432633
v -0.000000 2.184375 -2.413418
v -0.000000 1.989285 -2.432633
v 0.000000 1.801692 -2.489538
v -0.000000 1.628805 -2.581948
v 0.000000 1.477268 -2.706311
v -0.000000 1.352906 -2.857848
v -0.000000 1.260496 -3.030734
v 0.000000 1.203590 -3.218328
v -0.038060 3.165160 -3.222076
v -0.074658 3.108254 -3.038088
v -0.108386 3.015845 -2.868523
v -0.137950 2.891482 -2.719898
v -0.162212 2.739945 -2.597925
v -0.180240 2.567059 -2.507291
v -0.191342 2.379465 -2.451478
v -0.195090 2.184375 -2.432633
v -0.191342 1.989285 -2.451478
v -0.180240 1.801692 -2.507291
v -0.162212 1.628805 -2.597925
v -0.137950 1.477268 -2.719898
v -0.108386 1.352906 -2.868523
v -0.074658 1.260496 -3.038087
v -0.038060 1.203590 -3.222076
v -0.074658 3.165160 -3.233178
v -0.146447 3.108254 -3.059865
v -0.212607 3.015845 -2.900138
v -0.270598 2.891482 -2.760136
v -0.318190 2.739945 -2.645240
v -0.353553 2.567059 -2.559865
v -0.375330 2.379465 -2.507291
v -0.382683 2.184375 -2.489539
v -0.375330 1.989285 -2.507291
v -0.353553 1.801692 -2.559865
v -0.318190 1.628805 -2.645240
v -0.270598 1.477268 -2.760136
v -0.212607 1.352906 -2.900138
v -0.146447 1.260496 -3.059865
v -0.074658 1.203590 -3.233178
v -0.108386 3.165160 -3.251206
v -0.212607 3.108254 -3.095228
v -0.308658 3.015845 -2.951478
v -0.392847 2.891482 -2.825480
v -0.461940 2.739945 -2.722076
v -0.513280 2.567059 -2.645240
v -0.544895 2.379465 -2.597925
v -0.555570 2.184375 -2.581949
v -0.544895 1.989285 -2.597925
v -0.513280 1.801692 -2.645240
v -0.461940 1.628805 -2.722076
v -0.392847 1.477268 -2.825480
v -0.308658 1.352906 -2.951478
v -0.212607 1.260496 -3.095228
v -0.108386 1.203590 -3.251206
v -0.137950 3.165160 -3.275468
v -0.270598 3.108254 -3.142820
v -0.392847 3.015845 -3.020571
v -0.500000 2.891482 -2.913418
v -0.587938 2.739945 -2.825480
v -0.653281 2.567059 -2.760136
v -0.693520 2.379465 -2.719898
v -0.707106 2.184375 -2.706312
v -0.693520 1.989285 -2.719898
v -0.653281 1.801692 -2.760137
v -0.587938 1.628805 -2.825480
v -0.500000 1.477268 -2.913418
v -0.392847 1.352906 -3.020571
v -0.270598 1.260496 -3.142820
v -0.137950 1.203590 -3.275468
v -0.162212 3.165160 -3.305031
v -0.318190 3.108254 -3.200810
v -0.461939 3.015845 -3.104760
v -0.587938 2.891482 -3.020570
v -0.691341 2.739945 -2.951478
v -0.768177 2.567059 -2.900138
v -0.815493 2.379466 -2.868523
v -0.831469 2.184375 -2.857848
v -0.815493 1.989285 -2.868523
v -0.768177 1.801692 -2.900138
v -0.691341 1.628805 -2.951478
v -0.587938 1.477268 -3.020570
v -0.461939 1.352906 -3.104760
v -0.318190 1.260496 -3.200810
v -0.162212 1.203590 -3.305031
v -0.180240 3.165160 -3.338760
v -0.353553 3.108254 -3.266971
v -0.513280 3.015845 -3.200810
v -0.653281 2.891482 -3.142820
v -0.768177 2.739945 -3.095228
v -0.853553 2.567059 -3.059865
v -0.906127 2.379466 -3.038088
v -0.923879 2.184375 -3.030735
v -0.906127 1.989285 -3.038088
v -0.853553 1.801692 -3.059865
v -0.768177 1.628805 -3.095228
v -0.653281 1.477268 -3.142820
v -0.513280 1.352906 -3.200810
v -0.353553 1.260496 -3.266971
v -0.180240 1.203590 -3.338760
v -0.191342 3.165160 -3.375358
v -0.375330 3.108254 -3.338760
v -0.544895 3.015845 -3.305032
v -0.693520 2.891482 -3.275468
v -0.815493 2.739945 -3.251206
v -0.906127 2.567059 -3.233178
v -0.961939 2.379465 -3.222076
v -0.980784 2.184375 -3.218328
v -0.961939 1.989285 -3.222076
v -0.906127 1.801692 -3.233178
v -0.815493 1.628805 -3.251206
v -0.693520 1.477268 -3.275468
v -0.544895 1.352906 -3.305032
v -0.375330 1.260496 -3.338760
v -0.191342 1.203590 -3.375358
v -0.195090 3.165160 -3.413418
v -0.382683 3.108254 -3.413418
v -0.555570 3.015845 -3.413418
v -0.707107 2.891482 -3.413418
v -0.831469 2.739945 -3.413418
v -0.923879 2.567059 -3.413418
v -0.980785 2.379465 -3.413418
v -0.999999 2.184375 -3.413418
v -0.980785 1.989285 -3.413418
v -0.923879 1.801692 -3.413418
v -0.831469 1.628805 -3.413418
v -0.707107 1.477268 -3.413418
v -0.555570 1.352906 -3.413418
v -0.382683 1.260496 -3.413418
v -0.195090 1.203590 -3.413418
v -0.191342 3.165160 -3.451478
v -0.375330 3.108254 -3.488075
v -0.544895 3.015845 -3.521804
v -0.693520 2.891482 -3.551367
v -0.815493 2.739945 -3.575629
v -0.906127 2.567059 -3.593657
v -0.961939 2.379465 -3.604760
v -0.980784 2.184375 -3.608508
v -0.961939 1.989285 -3.604760
v -0.906127 1.801692 -3.593657
v -0.815493 1.628805 -3.575629
v -0.693520 1.477268 -3.551367
v -0.544895 1.352906 -3.521804
v -0.375330 1.260496 -3.488075
v -0.191341 1.203590 -3.451478
v -0.180240 3.165160 -3.488075
v -0.353553 3.108254 -3.559864
v -0.513279 3.015845 -3.626025
v -0.653281 2.891482 -3.684016
v -0.768177 2.739945 -3.731607
v -0.853553 2.567059 -3.766971
v -0.906127 2.379466 -3.788748
v -0.923878 2.184375 -3.796101
v -0.906127 1.989285 -3.788748
v -0.853553 1.801692 -3.766971
v -0.768177 1.628805 -3.731607
v -0.653281 1.477268 -3.684016
v -0.513279 1.352906 -3.626025
v -0.353553 1.260496 -3.559864
v -0.180240 1.203590 -3.488075
v -0.162211 3.165160 -3.521804
v -0.318189 3.108254 -3.626025
v -0.461939 3.015845 -3.722076
v -0.587938 2.891482 -3.806265
v -0.691341 2.739945 -3.875357
v -0.768177 2.567059 -3.926697
v -0.815493 2.379466 -3.958313
v -0.831468 2.184375 -3.968988
v -0.815493 1.989285 -3.958313
v -0.768177 1.801692 -3.926697
v -0.691341 1.628805 -3.875357
v -0.587938 1.477268 -3.806265
v -0.461939 1.352906 -3.722076
v -0.318189 1.260496 -3.626025
v -0.162211 1.203590 -3.521804
v -0.137950 3.165160 -3.551367
v -0.270598 3.108255 -3.684016
v -0.392847 3.015845 -3.806265
v -0.500000 2.891482 -3.913418
v -0.587937 2.739945 -4.001355
v -0.653281 2.567059 -4.066699
v -0.693519 2.379465 -4.106937
v -0.707106 2.184375 -4.120524
v -0.693519 1.989285 -4.106937
v -0.653281 1.801692 -4.066699
v -0.587937 1.628805 -4.001355
v -0.500000 1.477268 -3.913418
v -0.392847 1.352906 -3.806265
v -0.270598 1.260496 -3.684016
v -0.137950 1.203590 -3.551367
v -0.108386 3.165160 -3.575629
v -0.212607 3.108254 -3.731607
v -0.308658 3.015845 -3.875357
v -0.392847 2.891482 -4.001355
v -0.461939 2.739945 -4.104759
v -0.513280 2.567059 -4.181595
v -0.544895 2.379465 -4.228910
v -0.555569 2.184375 -4.244887
v -0.544895 1.989285 -4.228910
v -0.513280 1.801692 -4.181595
v -0.461939 1.628805 -4.104759
v -0.392847 1.477268 -4.001355
v -0.308658 1.352906 -3.875357
v -0.212607 1.260496 -3.731607
v -0.108386 1.203590 -3.575629
v -0.074658 3.165160 -3.593657
v -0.146446 3.108254 -3.766971
v -0.212607 3.015845 -3.926697
v -0.270598 2.891482 -4.066699
v -0.318189 2.739945 -4.181595
v -0.353553 2.567059 -4.266971
v -0.375330 2.379465 -4.319545
v -0.382683 2.184375 -4.337296
v -0.375330 1.989285 -4.319545
v -0.353553 1.801692 -4.266971
v -0.318189 1.628805 -4.181595
v -0.270598 1.477268 -4.066699
v -0.212607 1.352906 -3.926697
v -0.146446 1.260496 -3.766971
v -0.074658 1.203590 -3.593657
v -0.038060 3.165160 -3.604759
v -0.074658 3.108254 -3.788748
v -0.108386 3.015844 -3.958312
v -0.137950 2.891482 -4.106937
v -0.162211 2.739945 -4.228910
v -0.180240 2.567059 -4.319545
v -0.191341 2.379466 -4.375357
v -0.195090 2.184375 -4.394202
v -0.191341 1.989285 -4.375357
v -0.180240 1.801692 -4.319545
v -0.162211 1.628805 -4.228910
v -0.137950 1.477268 -4.106937
v -0.108386 1.352905 -3.958312
v -0.074658 1.260496 -3.788748
v -0.038060 1.203590 -3.604759
v 0.000000 3.165160 -3.608508
v 0.000000 3.108254 -3.796101
v 0.000000 2.891482 -4.120524
v 0.000000 2.567059 -4.337296
v 0.000000 1.801692 -4.337296
v 0.000000 1.477268 -4.120524
v 0.000000 1.352906 -3.968987
v 0.000000 1.260496 -3.796101
v 0.000000 1.203590 -3.608508
v -0.111947 0.931756 -2.699816
v -0.111947 2.724675 -1.813562
v -0.111947 1.030969 -2.900527
v -0.111947 2.823888 -2.014274
v 0.111947 0.931756 -2.699816
v 0.111947 2.724674 -1.813562
v 0.111947 1.030969 -2.900527
v 0.111947 2.823888 -2.014274
v 0.000000 3.595929 -3.413418
v -0.434864 3.427399 -3.759181
v -0.650819 3.151499 -3.930888
v -0.767694 2.791019 -4.023816
v -0.126083 3.576714 -3.562292
v -0.247320 3.519808 -3.705444
v -0.359053 3.427399 -3.837374
v -0.456988 3.303036 -3.953012
v -0.537361 3.151499 -4.047914
v -0.597083 2.978612 -4.118432
v -0.633860 2.791019 -4.161857
v -0.094616 3.576715 -3.584028
v -0.185596 3.519808 -3.748083
v -0.269444 3.427399 -3.899276
v -0.342937 3.303036 -4.031798
v -0.403251 3.151499 -4.140556
v -0.448069 2.978612 -4.221371
v -0.475667 2.791019 -4.271136
v -0.059514 3.576715 -3.599209
v -0.116740 3.519809 -3.777860
v -0.169480 3.427399 -3.942506
v -0.215708 3.303036 -4.086820
v -0.253645 3.151499 -4.205255
v -0.281836 2.978613 -4.293260
v -0.299195 2.791019 -4.347453
v -0.022124 3.576715 -3.607250
v -0.043398 3.519809 -3.793633
v -0.063004 3.427399 -3.965404
v -0.080189 3.303036 -4.115963
v -0.094292 3.022871 -4.239523
v -0.104772 2.849984 -4.331337
v -0.111225 2.791019 -4.387876
v 0.016116 3.576715 -3.607841
v 0.031612 3.519809 -3.794793
v 0.045894 3.427399 -3.967089
v 0.058412 3.303036 -4.118108
v 0.068685 2.999710 -4.242045
v 0.247051 2.783678 -4.548869
v 0.251752 2.791019 -4.605580
v 0.053736 3.576715 -3.600961
v 0.105408 3.519809 -3.781298
v 0.153028 3.427399 -3.947497
v 0.194768 3.303036 -4.093172
v 0.229023 2.999710 -4.212724
v 0.425208 2.783678 -4.516288
v 0.440883 2.791019 -4.570992
v 0.089292 3.576715 -3.586874
v 0.175152 3.519809 -3.753665
v 0.254281 3.427399 -3.907381
v 0.323639 3.303036 -4.042113
v 0.380559 2.999710 -4.152685
v 0.593586 2.783678 -4.449577
v 0.619632 2.791019 -4.500172
v 0.121416 3.576715 -3.566122
v 0.238166 3.519809 -3.712957
v 0.345763 3.427399 -3.848281
v 0.440072 3.303036 -3.966894
v 0.517470 2.999710 -4.064237
v 0.745715 2.783678 -4.351299
v 0.781130 2.791019 -4.395841
v 0.148874 3.576714 -3.539500
v 0.292026 3.519809 -3.660738
v 0.423957 3.427399 -3.772471
v 0.539594 3.303036 -3.870406
v 0.634496 2.999710 -3.950778
v 0.875746 2.783678 -4.225230
v 0.919171 2.791019 -4.262007
v 0.170611 3.576715 -3.508034
v 0.334665 3.519809 -3.599014
v 0.485858 3.427399 -3.682862
v 0.618380 3.303036 -3.756355
v 0.727138 2.999710 -3.816669
v 0.978685 2.783678 -4.076216
v 1.028450 2.791019 -4.103814
v 0.185791 3.576715 -3.472931
v 0.364442 3.519809 -3.530158
v 0.529088 3.427399 -3.582898
v 0.673402 3.303036 -3.629126
v 0.791837 2.999710 -3.667063
v 1.050574 2.783678 -3.909982
v 1.104767 2.791019 -3.927342
v 0.193832 3.576715 -3.435542
v 0.380215 3.519809 -3.456816
v 0.551986 3.427399 -3.476422
v 0.702545 3.303036 -3.493607
v 0.826105 3.061036 -3.507710
v 0.917919 2.888149 -3.518189
v 0.974458 2.791019 -3.524643
v 0.194423 3.576715 -3.397302
v 0.381375 3.519809 -3.381805
v 0.553671 3.427399 -3.367524
v 0.704690 3.303036 -3.355006
v 0.828627 3.151499 -3.344733
v 0.920722 2.978612 -3.337099
v 0.977433 2.791019 -3.332398
v 0.187544 3.576714 -3.359682
v 0.367880 3.519809 -3.308010
v 0.534079 3.427399 -3.260390
v 0.679754 3.303036 -3.218650
v 0.799306 3.151499 -3.184395
v 0.888141 2.978612 -3.158942
v 0.942846 2.791019 -3.143267
v 0.173457 3.576714 -3.324126
v 0.340247 3.519809 -3.238266
v 0.493963 3.427399 -3.159137
v 0.628695 3.303036 -3.089779
v 0.739267 3.151499 -3.032859
v 0.821430 2.978613 -2.990564
v 0.872025 2.791019 -2.964518
v 0.152704 3.576715 -3.292002
v 0.299539 3.519809 -3.175252
v 0.434863 3.427399 -3.067655
v 0.553476 3.303036 -2.973346
v 0.650819 3.151499 -2.895947
v 0.723152 2.978613 -2.838436
v 0.767694 2.791019 -2.803020
v 0.126083 3.576715 -3.264544
v 0.247320 3.519809 -3.121391
v 0.359053 3.427399 -2.989461
v 0.456988 3.303036 -2.873823
v 0.537360 3.151500 -2.778922
v 0.597083 2.978612 -2.708404
v 0.633860 2.791019 -2.664979
v 0.094616 3.576715 -3.242807
v 0.185596 3.519809 -3.078753
v 0.269444 3.427399 -2.927560
v 0.342937 3.303036 -2.795038
v 0.403251 3.151499 -2.686280
v 0.448069 2.978612 -2.605465
v 0.475667 2.791019 -2.555700
v 0.059514 3.576715 -3.227627
v 0.116740 3.519808 -3.048975
v 0.169480 3.427399 -2.884330
v 0.215708 3.303036 -2.740016
v 0.253645 3.151499 -2.621581
v 0.281836 2.978613 -2.533576
v 0.299195 2.791019 -2.479383
v 0.022124 3.576715 -3.219586
v 0.043398 3.519809 -3.033203
v 0.063004 3.427399 -2.861432
v 0.080189 3.303036 -2.710873
v 0.094292 3.151499 -2.587312
v 0.104772 2.978612 -2.495499
v 0.111225 2.791019 -2.438960
v -0.016116 3.576715 -3.218994
v -0.031612 3.519808 -3.032043
v -0.045894 3.427399 -2.859747
v -0.058412 3.303036 -2.708728
v -0.068685 3.151499 -2.584790
v -0.076319 2.978612 -2.492696
v -0.081020 2.791019 -2.435985
v -0.053736 3.576715 -3.225874
v -0.105407 3.519809 -3.045538
v -0.153028 3.427399 -2.879339
v -0.194768 3.303036 -2.733664
v -0.229023 3.151500 -2.614112
v -0.254476 2.978613 -2.525277
v -0.270151 2.791019 -2.470572
v -0.089292 3.576715 -3.239961
v -0.175152 3.519809 -3.073170
v -0.254281 3.427399 -2.919455
v -0.323639 3.303036 -2.784722
v -0.380559 3.151499 -2.674150
v -0.422854 2.978612 -2.591988
v -0.448900 2.791019 -2.541393
v -0.121416 3.576715 -3.260714
v -0.238165 3.519809 -3.113879
v -0.345762 3.427399 -2.978555
v -0.440072 3.303036 -2.859941
v -0.517470 3.151499 -2.762599
v -0.574982 2.978612 -2.690266
v -0.610398 2.791019 -2.645724
v -0.148874 3.576715 -3.287335
v -0.292026 3.519809 -3.166098
v -0.423956 3.427399 -3.054365
v -0.539594 3.303036 -2.956430
v -0.634496 3.151499 -2.876058
v -0.705014 2.978612 -2.816335
v -0.748439 2.791019 -2.779558
v -0.170611 3.576715 -3.318802
v -0.334665 3.519809 -3.227822
v -0.485858 3.427399 -3.143974
v -0.618380 3.303036 -3.070481
v -0.727138 3.151499 -3.010167
v -0.807952 2.978612 -2.965349
v -0.857718 2.791019 -2.937751
v -0.185791 3.576715 -3.353904
v -0.364442 3.519809 -3.296678
v -0.529088 3.427399 -3.243938
v -0.673402 3.303036 -3.197710
v -0.791836 3.151500 -3.159773
v -0.879842 2.978612 -3.131582
v -0.934035 2.791019 -3.114223
v -0.193832 3.576715 -3.391294
v -0.380214 3.519809 -3.370020
v -0.551986 3.427399 -3.350414
v -0.702545 3.303036 -3.333229
v -0.826105 3.151499 -3.319126
v -0.917919 2.978612 -3.308646
v -0.974458 2.791019 -3.302193
v -0.194423 3.576715 -3.429534
v -0.381375 3.519809 -3.445030
v -0.553671 3.427399 -3.459312
v -0.704690 3.303036 -3.471830
v -0.828627 3.151499 -3.482103
v -0.920721 2.978612 -3.489737
v -0.977432 2.791019 -3.494438
v -0.187543 3.576715 -3.467154
v -0.367880 3.519809 -3.518826
v -0.534079 3.427399 -3.566446
v -0.679754 3.303036 -3.608186
v -0.799305 3.151499 -3.642440
v -0.888141 2.978612 -3.667894
v -0.942845 2.791019 -3.683568
v -0.888141 2.213246 -3.667894
v -0.173456 3.576715 -3.502709
v -0.340247 3.519809 -3.588570
v -0.493962 3.427399 -3.667699
v -0.628695 3.303036 -3.737057
v -0.739267 3.151499 -3.793977
v -0.821430 2.978612 -3.836272
v -0.872025 2.791019 -3.862318
v -0.152704 3.576715 -3.534833
v -0.299539 3.519809 -3.651583
v -0.553476 3.303036 -3.853490
v -0.723151 2.978612 -3.988400
v -0.111879 0.064205 -4.689677
v -0.111879 0.466754 -4.689676
v -0.111879 0.066754 -5.089676
v -0.111879 0.466754 -5.089676
v 0.288121 0.415353 -4.689676
v 0.288121 0.466754 -4.689676
v 0.288121 0.066754 -5.089676
v 0.288121 0.466754 -5.089676
vn 0.9970 0.0775 -0.0000
vn -0.0390 0.5018 -0.8641
vn -0.9970 -0.0775 -0.0000
vn 0.0390 -0.5018 0.8641
vn -0.0670 0.8615 0.5033
vn 0.0670 -0.8615 -0.5033
vn 0.0980 -0.0000 -0.9952
vn 0.2903 -0.0000 -0.9569
vn 0.4714 -0.0000 -0.8819
vn 0.6344 -0.0000 -0.7730
vn 0.7730 -0.0000 -0.6344
vn 0.8819 -0.0000 -0.4714
vn 0.9569 -0.0000 -0.2903
vn 0.9952 -0.0000 -0.0980
vn 0.9952 -0.0000 0.0980
vn 0.9569 -0.0000 0.2903
vn 0.8819 -0.0000 0.4714
vn 0.7730 -0.0000 0.6344
vn 0.6344 -0.0000 0.7730
vn 0.4714 -0.0000 0.8819
vn 0.2903 -0.0000 0.9569
vn 0.0980 -0.0000 0.9952
vn -0.0980 -0.0000 0.9952
vn -0.2903 -0.0000 0.9569
vn -0.4714 -0.0000 0.8819
vn -0.6344 -0.0000 0.7730
vn -0.7730 -0.0000 0.6344
vn -0.8819 -0.0000 0.4714
vn -0.9569 -0.0000 0.2903
vn -0.9952 -0.0000 0.0980
vn -0.9952 -0.0000 -0.0980
vn -0.9569 -0.0000 -0.2903
vn -0.8819 -0.0000 -0.4714
vn -0.7730 -0.0000 -0.6344
vn -0.6344 -0.0000 -0.7730
vn -0.4714 -0.0000 -0.8819
vn -0.0000 1.0000 -0.0000
vn -0.2903 -0.0000 -0.9569
vn -0.0980 -0.0000 -0.9952
vn -0.0000 -1.0000 -0.0000
vn 0.0865 0.4696 -0.8786
vn 0.0464 -0.8810 -0.4709
vn 0.0938 0.2890 -0.9527
vn 0.0286 -0.9565 -0.2902
vn 0.0975 0.0975 -0.9904
vn 0.0096 0.9951 -0.0980
vn 0.0097 -0.9951 -0.0980
vn 0.0975 -0.0975 -0.9904
vn 0.0286 0.9565 -0.2902
vn 0.0938 -0.2890 -0.9527
vn 0.0464 0.8810 -0.4709
vn 0.0865 -0.4696 -0.8786
vn 0.0624 0.7715 -0.6332
vn 0.0759 -0.6326 -0.7708
vn 0.0759 0.6326 -0.7708
vn 0.0624 -0.7715 -0.6332
vn 0.2248 -0.6326 -0.7412
vn 0.2248 0.6326 -0.7412
vn 0.1847 -0.7715 -0.6088
vn 0.2563 0.4696 -0.8448
vn 0.1374 -0.8810 -0.4528
vn 0.2779 0.2890 -0.9161
vn 0.0846 -0.9565 -0.2790
vn 0.2889 0.0975 -0.9524
vn 0.0286 0.9951 -0.0942
vn 0.0286 -0.9951 -0.0942
vn 0.2889 -0.0975 -0.9524
vn 0.0846 0.9565 -0.2790
vn 0.2779 -0.2890 -0.9161
vn 0.1374 0.8810 -0.4528
vn 0.2563 -0.4696 -0.8448
vn 0.1847 0.7715 -0.6088
vn 0.0464 -0.9951 -0.0869
vn 0.4691 -0.0975 -0.8777
vn 0.1374 0.9565 -0.2571
vn 0.4513 -0.2890 -0.8443
vn 0.2231 0.8810 -0.4173
vn 0.4162 -0.4696 -0.7786
vn 0.2999 0.7715 -0.5611
vn 0.3651 -0.6326 -0.6831
vn 0.3651 0.6326 -0.6831
vn 0.2999 -0.7715 -0.5611
vn 0.4162 0.4696 -0.7786
vn 0.2231 -0.8810 -0.4173
vn 0.4513 0.2890 -0.8443
vn 0.1374 -0.9565 -0.2571
vn 0.4691 0.0975 -0.8777
vn 0.0464 0.9951 -0.0869
vn 0.4036 -0.7715 -0.4918
vn 0.5601 0.4696 -0.6825
vn 0.3002 -0.8810 -0.3658
vn 0.6073 0.2890 -0.7400
vn 0.1850 -0.9565 -0.2254
vn 0.6314 0.0975 -0.7693
vn 0.0625 0.9951 -0.0761
vn 0.0625 -0.9951 -0.0761
vn 0.6314 -0.0975 -0.7693
vn 0.1850 0.9566 -0.2254
vn 0.6073 -0.2890 -0.7400
vn 0.3002 0.8810 -0.3658
vn 0.5601 -0.4696 -0.6825
vn 0.4036 0.7715 -0.4918
vn 0.4913 -0.6326 -0.5987
vn 0.4913 0.6326 -0.5987
vn 0.2254 0.9565 -0.1850
vn 0.7400 -0.2890 -0.6073
vn 0.3658 0.8810 -0.3002
vn 0.6825 -0.4696 -0.5601
vn 0.4918 0.7715 -0.4036
vn 0.5987 -0.6326 -0.4913
vn 0.5987 0.6326 -0.4913
vn 0.4918 -0.7715 -0.4036
vn 0.6825 0.4696 -0.5601
vn 0.3658 -0.8810 -0.3002
vn 0.7400 0.2890 -0.6073
vn 0.2254 -0.9565 -0.1850
vn 0.7693 0.0975 -0.6314
vn 0.0761 0.9951 -0.0625
vn 0.0761 -0.9951 -0.0625
vn 0.7693 -0.0975 -0.6314
vn 0.7786 0.4696 -0.4162
vn 0.4173 -0.8810 -0.2230
vn 0.8443 0.2890 -0.4513
vn 0.2571 -0.9565 -0.1374
vn 0.8777 0.0975 -0.4691
vn 0.0869 0.9951 -0.0464
vn 0.0869 -0.9951 -0.0464
vn 0.8777 -0.0975 -0.4691
vn 0.2571 0.9565 -0.1374
vn 0.8443 -0.2890 -0.4513
vn 0.4173 0.8810 -0.2231
vn 0.7786 -0.4696 -0.4162
vn 0.5611 0.7715 -0.2999
vn 0.6831 -0.6326 -0.3651
vn 0.6831 0.6326 -0.3651
vn 0.5611 -0.7715 -0.2999
vn 0.9161 -0.2890 -0.2779
vn 0.4528 0.8810 -0.1374
vn 0.8448 -0.4696 -0.2563
vn 0.6088 0.7715 -0.1847
vn 0.7412 -0.6326 -0.2248
vn 0.7412 0.6326 -0.2248
vn 0.6088 -0.7715 -0.1847
vn 0.8448 0.4696 -0.2563
vn 0.4528 -0.8810 -0.1374
vn 0.9161 0.2890 -0.2779
vn 0.2790 -0.9565 -0.0846
vn 0.9524 0.0975 -0.2889
vn 0.0942 0.9951 -0.0286
vn 0.0942 -0.9951 -0.0286
vn 0.9524 -0.0975 -0.2889
vn 0.2790 0.9565 -0.0846
vn 0.4709 -0.8810 -0.0464
vn 0.9527 0.2890 -0.0938
vn 0.2902 -0.9565 -0.0286
vn 0.9904 0.0975 -0.0975
vn 0.0980 0.9951 -0.0097
vn 0.0980 -0.9951 -0.0097
vn 0.9904 -0.0975 -0.0975
vn 0.2902 0.9565 -0.0286
vn 0.9527 -0.2890 -0.0938
vn 0.4709 0.8810 -0.0464
vn 0.8786 -0.4696 -0.0865
vn 0.6332 0.7715 -0.0624
vn 0.7708 -0.6326 -0.0759
vn 0.7708 0.6326 -0.0759
vn 0.6332 -0.7715 -0.0624
vn 0.8786 0.4696 -0.0865
vn 0.4709 0.8810 0.0464
vn 0.8786 -0.4696 0.0865
vn 0.6332 0.7715 0.0624
vn 0.7708 -0.6326 0.0759
vn 0.7708 0.6326 0.0759
vn 0.6332 -0.7715 0.0624
vn 0.8786 0.4696 0.0865
vn 0.4709 -0.8810 0.0464
vn 0.9527 0.2890 0.0938
vn 0.2902 -0.9565 0.0286
vn 0.9904 0.0975 0.0976
vn 0.0980 0.9951 0.0097
vn 0.0980 -0.9951 0.0097
vn 0.9904 -0.0975 0.0975
vn 0.2902 0.9565 0.0286
vn 0.9527 -0.2890 0.0938
vn 0.9161 0.2890 0.2779
vn 0.2790 -0.9565 0.0846
vn 0.9524 0.0975 0.2889
vn 0.0942 0.9951 0.0286
vn 0.0942 -0.9951 0.0286
vn 0.9524 -0.0975 0.2889
vn 0.2790 0.9565 0.0846
vn 0.9161 -0.2890 0.2779
vn 0.4528 0.8810 0.1374
vn 0.8448 -0.4696 0.2563
vn 0.6088 0.7715 0.1847
vn 0.7412 -0.6326 0.2248
vn 0.7412 0.6326 0.2248
vn 0.6088 -0.7715 0.1847
vn 0.8448 0.4696 0.2563
vn 0.4528 -0.8810 0.1374
vn 0.7786 -0.4696 0.4162
vn 0.5611 0.7715 0.2999
vn 0.6831 -0.6326 0.3651
vn 0.6831 0.6326 0.3651
vn 0.5611 -0.7715 0.2999
vn 0.7786 0.4696 0.4162
vn 0.4173 -0.8810 0.2231
vn 0.8443 0.2890 0.4513
vn 0.2571 -0.9565 0.1374
vn 0.8777 0.0975 0.4691
vn 0.0869 0.9951 0.0464
vn 0.0869 -0.9951 0.0464
vn 0.8777 -0.0975 0.4691
vn 0.2571 0.9565 0.1374
vn 0.8443 -0.2890 0.4513
vn 0.4173 0.8810 0.2231
vn 0.2254 -0.9566 0.1850
vn 0.7693 0.0975 0.6314
vn 0.0761 0.9951 0.0625
vn 0.0761 -0.9951 0.0625
vn 0.7693 -0.0975 0.6314
vn 0.2254 0.9565 0.1850
vn 0.7400 -0.2890 0.6073
vn 0.3658 0.8810 0.3002
vn 0.6825 -0.4696 0.5601
vn 0.4918 0.7715 0.4036
vn 0.5987 -0.6326 0.4913
vn 0.5987 0.6326 0.4913
vn 0.4918 -0.7715 0.4036
vn 0.6825 0.4696 0.5601
vn 0.3658 -0.8810 0.3002
vn 0.7400 0.2890 0.6073
vn 0.4913 -0.6326 0.5987
vn 0.4913 0.6326 0.5987
vn 0.4036 -0.7715 0.4918
vn 0.5601 0.4696 0.6825
vn 0.3002 -0.8810 0.3658
vn 0.6073 0.2890 0.7400
vn 0.1850 -0.9565 0.2254
vn 0.6314 0.0975 0.7693
vn 0.0625 0.9951 0.0761
vn 0.0625 -0.9951 0.0761
vn 0.6314 -0.0975 0.7693
vn 0.1850 0.9566 0.2254
vn 0.6073 -0.2890 0.7400
vn 0.3002 0.8810 0.3658
vn 0.5601 -0.4696 0.6825
vn 0.4036 0.7715 0.4918
vn 0.0464 0.9951 0.0869
vn 0.0464 -0.9951 0.0869
vn 0.4691 -0.0975 0.8777
vn 0.1374 0.9565 0.2571
vn 0.4513 -0.2890 0.8443
vn 0.2231 0.8810 0.4173
vn 0.4162 -0.4696 0.7786
vn 0.2999 0.7715 0.5611
vn 0.3651 -0.6326 0.6831
vn 0.3651 0.6326 0.6831
vn 0.2999 -0.7715 0.5611
vn 0.4162 0.4696 0.7786
vn 0.2231 -0.8810 0.4173
vn 0.4513 0.2890 0.8443
vn 0.1374 -0.9565 0.2571
vn 0.4691 0.0975 0.8777
vn 0.2248 0.6326 0.7412
vn 0.1847 -0.7715 0.6088
vn 0.2563 0.4696 0.8448
vn 0.1374 -0.8810 0.4528
vn 0.2779 0.2890 0.9161
vn 0.0846 -0.9565 0.2790
vn 0.2889 0.0975 0.9524
vn 0.0286 0.9951 0.0942
vn 0.0286 -0.9951 0.0942
vn 0.2889 -0.0975 0.9524
vn 0.0846 0.9565 0.2790
vn 0.2779 -0.2890 0.9161
vn 0.1374 0.8810 0.4528
vn 0.2563 -0.4696 0.8448
vn 0.1847 0.7715 0.6088
vn 0.2248 -0.6326 0.7412
vn 0.0975 -0.0975 0.9904
vn 0.0286 0.9565 0.2902
vn 0.0938 -0.2890 0.9527
vn 0.0464 0.8810 0.4709
vn 0.0865 -0.4696 0.8786
vn 0.0624 0.7715 0.6332
vn 0.0759 -0.6326 0.7708
vn 0.0759 0.6326 0.7708
vn 0.0624 -0.7715 0.6332
vn 0.0865 0.4696 0.8786
vn 0.0464 -0.8810 0.4709
vn 0.0938 0.2890 0.9527
vn 0.0286 -0.9565 0.2902
vn 0.0975 0.0975 0.9904
vn 0.0097 0.9951 0.0980
vn 0.0097 -0.9951 0.0980
vn -0.0624 -0.7715 0.6332
vn -0.0865 0.4696 0.8786
vn -0.0464 -0.8810 0.4709
vn -0.0938 0.2890 0.9527
vn -0.0286 -0.9565 0.2902
vn -0.0976 0.0975 0.9904
vn -0.0097 0.9951 0.0980
vn -0.0097 -0.9951 0.0980
vn -0.0975 -0.0975 0.9904
vn -0.0286 0.9565 0.2902
vn -0.0938 -0.2890 0.9527
vn -0.0464 0.8810 0.4709
vn -0.0865 -0.4696 0.8786
vn -0.0624 0.7715 0.6332
vn -0.0759 -0.6326 0.7708
vn -0.0759 0.6326 0.7708
vn -0.0846 0.9565 0.2790
vn -0.2779 -0.2890 0.9161
vn -0.1374 0.8810 0.4528
vn -0.2563 -0.4696 0.8448
vn -0.1847 0.7715 0.6088
vn -0.2248 -0.6326 0.7412
vn -0.2248 0.6326 0.7412
vn -0.1847 -0.7715 0.6088
vn -0.2563 0.4696 0.8448
vn -0.1374 -0.8810 0.4528
vn -0.2779 0.2890 0.9161
vn -0.0846 -0.9565 0.2790
vn -0.2889 0.0975 0.9524
vn -0.0286 0.9951 0.0942
vn -0.0286 -0.9951 0.0942
vn -0.2889 -0.0975 0.9524
vn -0.4162 0.4696 0.7786
vn -0.2231 -0.8810 0.4173
vn -0.4513 0.2890 0.8443
vn -0.1374 -0.9565 0.2571
vn -0.4691 0.0975 0.8777
vn -0.0464 0.9951 0.0869
vn -0.0464 -0.9951 0.0869
vn -0.4691 -0.0975 0.8777
vn -0.1374 0.9566 0.2571
vn -0.4513 -0.2890 0.8443
vn -0.2231 0.8810 0.4173
vn -0.4162 -0.4696 0.7786
vn -0.2999 0.7715 0.5611
vn -0.3651 -0.6326 0.6831
vn -0.3651 0.6326 0.6831
vn -0.2999 -0.7715 0.5611
vn -0.6073 -0.2890 0.7400
vn -0.3002 0.8810 0.3658
vn -0.5601 -0.4696 0.6825
vn -0.4036 0.7715 0.4918
vn -0.4913 -0.6326 0.5987
vn -0.4913 0.6326 0.5987
vn -0.4036 -0.7715 0.4918
vn -0.5601 0.4696 0.6825
vn -0.3002 -0.8810 0.3658
vn -0.6073 0.2890 0.7400
vn -0.1850 -0.9565 0.2254
vn -0.6314 0.0975 0.7693
vn -0.0625 0.9951 0.0761
vn -0.0625 -0.9951 0.0761
vn -0.6314 -0.0975 0.7693
vn -0.1850 0.9565 0.2254
vn -0.3658 -0.8810 0.3002
vn -0.7400 0.2890 0.6073
vn -0.2254 -0.9566 0.1850
vn -0.7693 0.0975 0.6314
vn -0.0761 0.9951 0.0625
vn -0.0761 -0.9951 0.0625
vn -0.7693 -0.0975 0.6314
vn -0.2254 0.9565 0.1850
vn -0.7400 -0.2890 0.6073
vn -0.3658 0.8810 0.3002
vn -0.6825 -0.4696 0.5601
vn -0.4918 0.7715 0.4036
vn -0.5987 -0.6326 0.4913
vn -0.5987 0.6326 0.4913
vn -0.4918 -0.7715 0.4036
vn -0.6825 0.4696 0.5601
vn -0.7786 -0.4696 0.4162
vn -0.5611 0.7715 0.2999
vn -0.6831 -0.6326 0.3651
vn -0.6831 0.6326 0.3651
vn -0.5611 -0.7715 0.2999
vn -0.7786 0.4696 0.4162
vn -0.4173 -0.8810 0.2231
vn -0.8443 0.2890 0.4513
vn -0.2571 -0.9565 0.1374
vn -0.8777 0.0975 0.4691
vn -0.0869 0.9951 0.0464
vn -0.0869 -0.9951 0.0464
vn -0.8777 -0.0975 0.4691
vn -0.2571 0.9565 0.1374
vn -0.8443 -0.2890 0.4513
vn -0.4173 0.8810 0.2231
vn -0.2790 -0.9565 0.0846
vn -0.9524 0.0975 0.2889
vn -0.0942 0.9951 0.0286
vn -0.0942 -0.9951 0.0286
vn -0.9524 -0.0975 0.2889
vn -0.2790 0.9565 0.0846
vn -0.9161 -0.2890 0.2779
vn -0.4528 0.8810 0.1374
vn -0.8448 -0.4696 0.2563
vn -0.6088 0.7715 0.1847
vn -0.7412 -0.6326 0.2248
vn -0.7412 0.6326 0.2248
vn -0.6088 -0.7715 0.1847
vn -0.8448 0.4696 0.2563
vn -0.4528 -0.8810 0.1374
vn -0.9161 0.2890 0.2779
vn -0.6332 0.7715 0.0624
vn -0.7708 -0.6326 0.0759
vn -0.7708 0.6326 0.0759
vn -0.6332 -0.7715 0.0624
vn -0.8786 0.4696 0.0865
vn -0.4709 -0.8810 0.0464
vn -0.9527 0.2890 0.0938
vn -0.2902 -0.9565 0.0286
vn -0.9904 0.0975 0.0975
vn -0.0980 0.9951 0.0097
vn -0.0980 -0.9951 0.0097
vn -0.9904 -0.0975 0.0975
vn -0.2902 0.9565 0.0286
vn -0.9527 -0.2890 0.0938
vn -0.4709 0.8810 0.0464
vn -0.8786 -0.4696 0.0865
vn -0.9904 0.0975 -0.0975
vn -0.0980 0.9951 -0.0097
vn -0.0980 -0.9951 -0.0097
vn -0.9904 -0.0975 -0.0976
vn -0.2902 0.9566 -0.0286
vn -0.9527 -0.2890 -0.0938
vn -0.4709 0.8810 -0.0464
vn -0.8786 -0.4696 -0.0865
vn -0.6332 0.7715 -0.0624
vn -0.7708 -0.6326 -0.0759
vn -0.7708 0.6326 -0.0759
vn -0.6332 -0.7715 -0.0624
vn -0.8786 0.4696 -0.0865
vn -0.4709 -0.8810 -0.0464
vn -0.9527 0.2890 -0.0938
vn -0.2902 -0.9565 -0.0286
vn -0.7412 -0.6326 -0.2248
vn -0.7412 0.6326 -0.2248
vn -0.6088 -0.7715 -0.1847
vn -0.8448 0.4696 -0.2563
vn -0.4528 -0.8810 -0.1374
vn -0.9161 0.2890 -0.2779
vn -0.2790 -0.9565 -0.0846
vn -0.9524 0.0975 -0.2889
vn -0.0942 0.9951 -0.0286
vn -0.0942 -0.9951 -0.0286
vn -0.9524 -0.0975 -0.2889
vn -0.2790 0.9565 -0.0846
vn -0.9161 -0.2890 -0.2779
vn -0.4528 0.8810 -0.1374
vn -0.8448 -0.4696 -0.2563
vn -0.6088 0.7715 -0.1847
vn -0.0869 0.9951 -0.0464
vn -0.0869 -0.9951 -0.0464
vn -0.8777 -0.0975 -0.4691
vn -0.2571 0.9565 -0.1374
vn -0.8443 -0.2890 -0.4513
vn -0.4173 0.8810 -0.2231
vn -0.7786 -0.4696 -0.4162
vn -0.5611 0.7715 -0.2999
vn -0.6831 -0.6326 -0.3651
vn -0.6831 0.6326 -0.3651
vn -0.5611 -0.7715 -0.2999
vn -0.7786 0.4696 -0.4162
vn -0.4173 -0.8810 -0.2230
vn -0.8443 0.2890 -0.4513
vn -0.2571 -0.9565 -0.1374
vn -0.8777 0.0975 -0.4691
vn -0.5987 0.6326 -0.4913
vn -0.4918 -0.7715 -0.4036
vn -0.6825 0.4696 -0.5601
vn -0.3658 -0.8810 -0.3002
vn -0.7400 0.2890 -0.6073
vn -0.2254 -0.9565 -0.1850
vn -0.7693 0.0975 -0.6314
vn -0.0761 0.9951 -0.0625
vn -0.0761 -0.9951 -0.0625
vn -0.7693 -0.0975 -0.6314
vn -0.2254 0.9565 -0.1850
vn -0.7400 -0.2890 -0.6073
vn -0.3658 0.8810 -0.3002
vn -0.6825 -0.4696 -0.5601
vn -0.4918 0.7715 -0.4036
vn -0.5987 -0.6326 -0.4913
vn -0.6314 -0.0975 -0.7693
vn -0.1850 0.9565 -0.2254
vn -0.6073 -0.2890 -0.7400
vn -0.3002 0.8810 -0.3658
vn -0.5601 -0.4696 -0.6825
vn -0.4036 0.7715 -0.4918
vn -0.4913 -0.6326 -0.5987
vn -0.4913 0.6326 -0.5987
vn -0.4036 -0.7715 -0.4918
vn -0.5601 0.4696 -0.6825
vn -0.3002 -0.8810 -0.3658
vn -0.6073 0.2890 -0.7400
vn -0.1850 -0.9565 -0.2254
vn -0.6314 0.0975 -0.7693
vn -0.0625 0.9951 -0.0761
vn -0.0625 -0.9951 -0.0761
vn -0.2999 -0.7715 -0.5611
vn -0.4162 0.4696 -0.7786
vn -0.2230 -0.8810 -0.4173
vn -0.4513 0.2890 -0.8443
vn -0.1374 -0.9565 -0.2571
vn -0.4691 0.0975 -0.8777
vn -0.0464 0.9951 -0.0869
vn -0.0464 -0.9951 -0.0869
vn -0.4691 -0.0975 -0.8777
vn -0.1374 0.9565 -0.2571
vn -0.4513 -0.2890 -0.8443
vn -0.2230 0.8810 -0.4173
vn -0.4162 -0.4696 -0.7786
vn -0.2999 0.7715 -0.5611
vn -0.3651 -0.6326 -0.6831
vn -0.3651 0.6326 -0.6831
vn -0.2779 -0.2890 -0.9161
vn -0.1374 0.8810 -0.4528
vn -0.2563 -0.4696 -0.8448
vn -0.1847 0.7715 -0.6088
vn -0.2248 -0.6326 -0.7412
vn -0.2248 0.6326 -0.7412
vn -0.1847 -0.7715 -0.6088
vn -0.2563 0.4696 -0.8448
vn -0.1374 -0.8810 -0.4528
vn -0.2779 0.2890 -0.9161
vn -0.0846 -0.9565 -0.2790
vn -0.2889 0.0975 -0.9524
vn -0.0286 0.9951 -0.0942
vn -0.0286 -0.9951 -0.0942
vn -0.2889 -0.0975 -0.9524
vn -0.0846 0.9565 -0.2790
vn -0.0464 -0.8810 -0.4709
vn -0.0938 0.2890 -0.9527
vn -0.0286 -0.9565 -0.2902
vn -0.0976 0.0975 -0.9904
vn -0.0097 0.9951 -0.0980
vn -0.0097 -0.9951 -0.0980
vn -0.0976 -0.0975 -0.9904
vn -0.0286 0.9565 -0.2902
vn -0.0938 -0.2890 -0.9527
vn -0.0464 0.8810 -0.4709
vn -0.0865 -0.4696 -0.8786
vn -0.0624 0.7715 -0.6332
vn -0.0759 -0.6326 -0.7708
vn -0.0759 0.6326 -0.7708
vn -0.0624 -0.7715 -0.6332
vn -0.0865 0.4696 -0.8786
vn -1.0000 -0.0000 -0.0000
vn -0.0000 0.4431 -0.8965
vn 1.0000 -0.0000 -0.0000
vn -0.0000 -0.4431 0.8965
vn -0.0000 -0.8965 -0.4431
vn -0.0000 0.8965 0.4431
vn -0.6339 0.4696 -0.6145
vn -0.6873 0.2890 -0.6664
vn -0.0707 0.9951 -0.0686
vn -0.2093 0.9565 -0.2030
vn -0.3397 0.8810 -0.3294
vn -0.4568 0.7715 -0.4429
vn -0.5561 0.6326 -0.5391
vn -0.4402 0.6326 -0.6372
vn -0.5018 0.4696 -0.7264
vn -0.5441 0.2890 -0.7877
vn -0.0560 0.9951 -0.0810
vn -0.1657 0.9565 -0.2399
vn -0.2689 0.8810 -0.3893
vn -0.3616 0.7715 -0.5235
vn -0.1157 0.9565 -0.2676
vn -0.1878 0.8810 -0.4343
vn -0.2525 0.7715 -0.5840
vn -0.3074 0.6326 -0.7109
vn -0.3504 0.4696 -0.8103
vn -0.3800 0.2890 -0.8787
vn -0.0391 0.9951 -0.0904
vn 0.1235 0.4341 -0.8924
vn -0.2013 0.2890 -0.9359
vn -0.0207 0.9951 -0.0963
vn -0.0613 0.9565 -0.2851
vn -0.0995 0.8810 -0.4626
vn -0.1338 0.7715 -0.6220
vn 0.2732 0.5490 -0.7899
vn -0.0045 0.9565 -0.2915
vn -0.0073 0.8810 -0.4731
vn -0.0098 0.7715 -0.6361
vn 0.0429 0.4013 -0.9149
vn -0.2718 0.7053 -0.6547
vn 0.0807 0.9876 0.1345
vn -0.0015 0.9951 -0.0985
vn 0.0977 0.8396 -0.5343
vn -0.0231 0.9917 0.1265
vn 0.0177 0.9951 -0.0969
vn 0.0524 0.9565 -0.2868
vn 0.0851 0.8810 -0.4654
vn 0.1145 0.7715 -0.6258
vn 0.1666 0.3778 -0.9108
vn 0.1743 0.8810 -0.4399
vn 0.2343 0.7715 -0.5915
vn 0.3410 0.3778 -0.8608
vn 0.1917 0.8539 -0.4838
vn -0.0474 0.9917 0.1195
vn 0.0363 0.9951 -0.0916
vn 0.1074 0.9565 -0.2711
vn -0.0698 0.9917 0.1080
vn 0.0534 0.9951 -0.0827
vn 0.1582 0.9565 -0.2449
vn 0.2568 0.8810 -0.3974
vn 0.3452 0.7715 -0.5344
vn 0.5024 0.3778 -0.7777
vn 0.2764 0.8605 -0.4279
vn 0.3294 0.8810 -0.3397
vn 0.4429 0.7715 -0.4568
vn 0.6445 0.3778 -0.6648
vn 0.3546 0.8605 -0.3657
vn -0.0895 0.9917 0.0923
vn 0.0686 0.9951 -0.0707
vn 0.2030 0.9565 -0.2093
vn -0.1058 0.9917 0.0731
vn 0.0810 0.9951 -0.0560
vn 0.2399 0.9565 -0.1657
vn 0.3893 0.8810 -0.2689
vn 0.5235 0.7715 -0.3616
vn 0.7618 0.3778 -0.5262
vn 0.4282 0.8539 -0.2958
vn 0.5840 0.7715 -0.2525
vn 0.8498 0.3778 -0.3675
vn 0.4986 0.8396 -0.2156
vn -0.1180 0.9917 0.0510
vn 0.0904 0.9951 -0.0391
vn 0.2676 0.9565 -0.1157
vn 0.4343 0.8810 -0.1878
vn 0.0963 0.9951 -0.0207
vn 0.2851 0.9565 -0.0613
vn 0.4626 0.8810 -0.0995
vn 0.6220 0.7715 -0.1338
vn 0.8266 0.4423 -0.3480
vn 0.6506 0.7592 0.0179
vn -0.1493 0.9876 -0.0483
vn 0.7404 0.5828 -0.3350
vn 0.8617 0.4485 -0.2374
vn 0.9572 0.2890 -0.0148
vn 0.0985 0.9951 -0.0015
vn 0.2915 0.9565 -0.0045
vn 0.4731 0.8810 -0.0073
vn 0.6361 0.7715 -0.0098
vn 0.0969 0.9951 0.0177
vn 0.2868 0.9565 0.0525
vn 0.4654 0.8810 0.0851
vn 0.6258 0.7715 0.1145
vn 0.7619 0.6326 0.1393
vn 0.8685 0.4696 0.1588
vn 0.9417 0.2890 0.1722
vn 0.7201 0.6326 0.2853
vn 0.8208 0.4696 0.3252
vn 0.8900 0.2890 0.3526
vn 0.0916 0.9951 0.0363
vn 0.2711 0.9566 0.1074
vn 0.4399 0.8810 0.1743
vn 0.5915 0.7715 0.2343
vn 0.2449 0.9565 0.1582
vn 0.3974 0.8810 0.2568
vn 0.5344 0.7715 0.3452
vn 0.6506 0.6326 0.4203
vn 0.7416 0.4696 0.4791
vn 0.8041 0.2890 0.5195
vn 0.0827 0.9951 0.0534
vn 0.6339 0.4696 0.6145
vn 0.6873 0.2890 0.6664
vn 0.0707 0.9951 0.0686
vn 0.2093 0.9565 0.2030
vn 0.3397 0.8810 0.3294
vn 0.4568 0.7715 0.4429
vn 0.5561 0.6326 0.5391
vn 0.1657 0.9565 0.2399
vn 0.2689 0.8810 0.3893
vn 0.3616 0.7715 0.5235
vn 0.4402 0.6326 0.6372
vn 0.5018 0.4696 0.7264
vn 0.5441 0.2890 0.7877
vn 0.0560 0.9951 0.0810
vn 0.3504 0.4696 0.8103
vn 0.3800 0.2890 0.8787
vn 0.0391 0.9951 0.0904
vn 0.1157 0.9565 0.2676
vn 0.1878 0.8810 0.4343
vn 0.2525 0.7715 0.5840
vn 0.3074 0.6326 0.7109
vn 0.0995 0.8810 0.4626
vn 0.1338 0.7715 0.6220
vn 0.1628 0.6326 0.7572
vn 0.1856 0.4696 0.8631
vn 0.2013 0.2890 0.9359
vn 0.0207 0.9951 0.0963
vn 0.0613 0.9565 0.2851
vn 0.0148 0.2890 0.9572
vn 0.0015 0.9951 0.0985
vn 0.0045 0.9565 0.2915
vn 0.0073 0.8810 0.4731
vn 0.0098 0.7715 0.6361
vn 0.0120 0.6326 0.7744
vn 0.0137 0.4696 0.8828
vn -0.1145 0.7715 0.6258
vn -0.1393 0.6326 0.7619
vn -0.1588 0.4696 0.8685
vn -0.1722 0.2890 0.9417
vn -0.0177 0.9951 0.0969
vn -0.0525 0.9565 0.2868
vn -0.0851 0.8810 0.4654
vn -0.0363 0.9951 0.0916
vn -0.1074 0.9565 0.2711
vn -0.1743 0.8810 0.4399
vn -0.2343 0.7715 0.5915
vn -0.2853 0.6326 0.7201
vn -0.3252 0.4696 0.8208
vn -0.3526 0.2890 0.8900
vn -0.3452 0.7715 0.5344
vn -0.4203 0.6326 0.6506
vn -0.4791 0.4696 0.7416
vn -0.5195 0.2890 0.8041
vn -0.0534 0.9951 0.0827
vn -0.1582 0.9565 0.2449
vn -0.2568 0.8810 0.3974
vn -0.0686 0.9951 0.0707
vn -0.2030 0.9566 0.2093
vn -0.3294 0.8810 0.3397
vn -0.4429 0.7715 0.4568
vn -0.5391 0.6326 0.5561
vn -0.6145 0.4696 0.6339
vn -0.6664 0.2890 0.6873
vn -0.6372 0.6326 0.4402
vn -0.7264 0.4696 0.5018
vn -0.7877 0.2890 0.5441
vn -0.0810 0.9951 0.0560
vn -0.2399 0.9566 0.1657
vn -0.3893 0.8810 0.2689
vn -0.5235 0.7715 0.3616
vn -0.0904 0.9951 0.0391
vn -0.2676 0.9565 0.1157
vn -0.4343 0.8810 0.1878
vn -0.5840 0.7715 0.2525
vn -0.7109 0.6326 0.3074
vn -0.8103 0.4696 0.3504
vn -0.8787 0.2890 0.3800
vn -0.7572 0.6326 0.1628
vn -0.8631 0.4696 0.1856
vn -0.9359 0.2890 0.2013
vn -0.0963 0.9951 0.0207
vn -0.2851 0.9565 0.0613
vn -0.4626 0.8810 0.0995
vn -0.6220 0.7715 0.1338
vn -0.2915 0.9565 0.0045
vn -0.4731 0.8810 0.0073
vn -0.6361 0.7715 0.0098
vn -0.7744 0.6326 0.0120
vn -0.8828 0.4696 0.0137
vn -0.9572 0.2890 0.0148
vn -0.0985 0.9951 0.0015
vn -0.8685 0.4696 -0.1588
vn -0.9417 0.2890 -0.1722
vn -0.0969 0.9951 -0.0177
vn -0.2868 0.9565 -0.0525
vn -0.4655 0.8810 -0.0851
vn -0.6258 0.7715 -0.1145
vn -0.7619 0.6326 -0.1393
vn -0.4399 0.8810 -0.1743
vn -0.5915 0.7715 -0.2343
vn -0.7201 0.6326 -0.2853
vn -0.8208 0.4696 -0.3252
vn -0.8900 0.2890 -0.3526
vn -0.0916 0.9951 -0.0363
vn -0.2711 0.9565 -0.1074
vn -0.8041 0.2890 -0.5195
vn -0.0827 0.9951 -0.0534
vn -0.2449 0.9565 -0.1582
vn -0.3974 0.8810 -0.2568
vn -0.5344 0.7715 -0.3452
vn -0.6506 0.6326 -0.4203
vn -0.7416 0.4696 -0.4791
vn -0.0000 -0.0000 -1.0000
vn -0.0000 -0.0000 1.0000
vn 0.6597 -0.7515 -0.0048
vn 0.0976 0.0975 -0.9904
vn 0.2230 0.8810 -0.4173
vn 0.2230 -0.8810 -0.4173
vn 0.1850 0.9565 -0.2254
vn 0.2571 0.9566 -0.1374
vn 0.4173 0.8810 -0.2230
vn 0.9904 0.0975 0.0975
vn 0.9904 -0.0975 0.0976
vn 0.4173 -0.8810 0.2230
vn 0.2571 0.9566 0.1374
vn 0.4173 0.8810 0.2230
vn 0.2254 -0.9565 0.1850
vn 0.1850 0.9565 0.2254
vn 0.1374 0.9566 0.2571
vn 0.2230 0.8810 0.4173
vn 0.2230 -0.8810 0.4173
vn 0.0286 0.9566 0.2902
vn -0.0976 -0.0975 0.9904
vn -0.0847 0.9565 0.2790
vn -0.2230 -0.8810 0.4173
vn -0.1375 0.9565 0.2571
vn -0.1850 0.9566 0.2254
vn -0.2254 -0.9565 0.1850
vn -0.2254 0.9566 0.1850
vn -0.9904 0.0975 -0.0976
vn -0.2902 0.9565 -0.0286
vn -0.4173 -0.8810 -0.2231
vn -0.1850 0.9566 -0.2254
vn -0.2231 -0.8810 -0.4173
vn -0.1375 0.9565 -0.2571
vn -0.2231 0.8810 -0.4173
vn -0.0976 -0.0976 -0.9904
vn -0.2093 0.9566 -0.2030
vn 0.1779 0.4531 -0.8735
vn 0.3133 0.6392 -0.7024
vn -0.1923 0.4041 -0.8943
vn -0.0143 0.3778 -0.9258
vn 0.0525 0.4659 -0.8833
vn -0.2894 0.6788 -0.6749
vn 0.0525 0.9565 -0.2868
vn 0.2399 0.9566 -0.1657
vn 0.7618 0.3778 -0.5263
vn 0.2676 0.9566 -0.1157
vn 0.9052 0.3778 -0.1947
vn 0.8179 0.4557 -0.3513
vn 0.8577 0.4886 0.1601
vn 0.8902 0.4553 -0.0138
vn 0.8433 0.4643 -0.2707
vn 0.8264 0.4985 -0.2618
vn 0.4655 0.8810 0.0851
vn 0.2711 0.9565 0.1074
vn -0.2030 0.9565 0.2093
vn -0.2399 0.9565 0.1657
vn -0.2868 0.9565 -0.0524
vn -0.4654 0.8810 -0.0851
vn -0.2449 0.9566 -0.1582
vn -0.0000 -0.7539 0.6570
vt 0.225221 0.369401
vt 0.351009 0.495190
vt 0.225221 0.495190
vt 0.389999 0.146667
vt 0.515787 0.020878
vt 0.515787 0.146667
vt 0.560312 0.703691
vt 0.686100 0.829479
vt 0.560312 0.829479
vt 0.686100 0.201054
vt 0.560312 0.326843
vt 0.560312 0.201054
vt 0.560312 0.494388
vt 0.686100 0.368600
vt 0.686100 0.494388
vt 0.225221 0.830281
vt 0.351009 0.704492
vt 0.351009 0.830281
vt 0.764846 0.829479
vt 0.752516 0.703691
vt 0.764846 0.703691
vt 0.740187 0.829479
vt 0.740187 0.703691
vt 0.727858 0.829479
vt 0.727858 0.703691
vt 0.838822 0.368600
vt 0.826493 0.494388
vt 0.826493 0.368600
vt 0.814163 0.494388
vt 0.814163 0.368600
vt 0.801834 0.494388
vt 0.801834 0.368600
vt 0.789505 0.494388
vt 0.789505 0.368600
vt 0.777175 0.494388
vt 0.777175 0.368600
vt 0.764846 0.494388
vt 0.764846 0.368600
vt 0.752516 0.494388
vt 0.752516 0.368600
vt 0.740187 0.494388
vt 0.740187 0.368600
vt 0.727857 0.494388
vt 0.727857 0.368600
vt 0.826493 0.536145
vt 0.814163 0.661934
vt 0.814163 0.536145
vt 0.801834 0.661934
vt 0.801834 0.536145
vt 0.789505 0.661934
vt 0.789505 0.536145
vt 0.777175 0.661934
vt 0.777175 0.536145
vt 0.764846 0.661934
vt 0.764846 0.536145
vt 0.752516 0.536145
vt 0.752516 0.661934
vt 0.740187 0.536145
vt 0.740187 0.661934
vt 0.727857 0.536145
vt 0.107185 0.855149
vt 0.094855 0.729361
vt 0.107185 0.729361
vt 0.094855 0.855149
vt 0.082526 0.729361
vt 0.082526 0.855149
vt 0.070196 0.729361
vt 0.070196 0.855149
vt 0.057867 0.729361
vt 0.057867 0.855149
vt 0.045537 0.729361
vt 0.045537 0.855149
vt 0.033208 0.729361
vt 0.033208 0.855149
vt 0.020879 0.729361
vt 0.826493 0.829479
vt 0.814163 0.703691
vt 0.826493 0.703691
vt 0.814163 0.829479
vt 0.801834 0.703691
vt 0.801834 0.829479
vt 0.789505 0.703691
vt 0.781517 0.146061
vt 0.769424 0.143656
vt 0.847867 0.065213
vt 0.789505 0.829479
vt 0.777175 0.703691
vt 0.777175 0.829479
vt 0.730263 0.281903
vt 0.727857 0.269810
vt 0.839067 0.303545
vt 0.939092 0.955766
vt 0.928315 0.943744
vt 0.939292 0.943559
vt 0.634279 0.908943
vt 0.648084 0.910394
vt 0.635866 0.913323
vt 0.927781 0.932184
vt 0.939134 0.931744
vt 0.623618 0.914082
vt 0.624405 0.916214
vt 0.927214 0.920870
vt 0.938545 0.920139
vt 0.767327 0.939375
vt 0.756026 0.937016
vt 0.767559 0.937132
vt 0.613273 0.919126
vt 0.926521 0.909653
vt 0.937629 0.908696
vt 0.779154 0.937139
vt 0.778734 0.941631
vt 0.925699 0.898343
vt 0.936317 0.897215
vt 0.791104 0.936983
vt 0.790530 0.943783
vt 0.924732 0.886622
vt 0.934654 0.885478
vt 0.803698 0.936707
vt 0.803014 0.945943
vt 0.923741 0.874256
vt 0.932690 0.873199
vt 0.938673 0.968737
vt 0.928756 0.955887
vt 0.923027 0.861285
vt 0.930332 0.860450
vt 0.914728 0.887080
vt 0.914589 0.874469
vt 0.919908 0.969352
vt 0.918418 0.956604
vt 0.915650 0.861195
vt 0.917418 0.944397
vt 0.636523 0.917922
vt 0.916602 0.932797
vt 0.624751 0.918458
vt 0.916002 0.921503
vt 0.767348 0.934892
vt 0.915507 0.910283
vt 0.778702 0.932668
vt 0.915095 0.898914
vt 0.790369 0.930225
vt 0.802591 0.927563
vt 0.624646 0.920720
vt 0.904681 0.922060
vt 0.904388 0.910630
vt 0.766708 0.932739
vt 0.777400 0.928380
vt 0.904375 0.899055
vt 0.788294 0.923783
vt 0.904605 0.887045
vt 0.799790 0.918792
vt 0.905216 0.874225
vt 0.910726 0.970843
vt 0.907814 0.958014
vt 0.649053 0.917611
vt 0.660799 0.927506
vt 0.648286 0.924745
vt 0.906359 0.945394
vt 0.636226 0.922529
vt 0.905348 0.933541
vt 0.658020 0.936351
vt 0.646262 0.931428
vt 0.896872 0.959345
vt 0.895027 0.946633
vt 0.635023 0.926943
vt 0.893780 0.934382
vt 0.624097 0.922911
vt 0.893089 0.922490
vt 0.765667 0.930754
vt 0.892989 0.910687
vt 0.775288 0.924449
vt 0.893384 0.898739
vt 0.785053 0.917915
vt 0.894251 0.886408
vt 0.795168 0.910986
vt 0.895800 0.873409
vt 0.811384 0.912533
vt 0.805501 0.903257
vt 0.764268 0.929009
vt 0.772483 0.921006
vt 0.881106 0.910440
vt 0.881956 0.897908
vt 0.780816 0.912793
vt 0.883526 0.885039
vt 0.789432 0.904236
vt 0.886412 0.871850
vt 0.798258 0.895056
vt 0.653622 0.944589
vt 0.643042 0.937508
vt 0.886027 0.961243
vt 0.883144 0.948319
vt 0.632996 0.930998
vt 0.881736 0.935326
vt 0.623132 0.924943
vt 0.881016 0.922832
vt 0.806793 0.885116
vt 0.789808 0.888320
vt 0.797255 0.877663
vt 0.638753 0.942781
vt 0.630247 0.934548
vt 0.870768 0.949753
vt 0.868984 0.936369
vt 0.621788 0.926737
vt 0.868250 0.923085
vt 0.762560 0.927566
vt 0.868488 0.909829
vt 0.769101 0.918141
vt 0.869956 0.896482
vt 0.775741 0.908547
vt 0.872550 0.883388
vt 0.782647 0.898694
vt 0.656472 0.961252
vt 0.647557 0.951544
vt 0.301703 0.965832
vt 0.288109 0.954688
vt 0.300811 0.953876
vt 0.765236 0.915961
vt 0.769993 0.905288
vt 0.655424 0.979121
vt 0.647646 0.968135
vt 0.775082 0.894307
vt 0.640557 0.957193
vt 0.780524 0.882781
vt 0.633618 0.947096
vt 0.786889 0.871236
vt 0.626891 0.937482
vt 0.262565 0.967136
vt 0.250595 0.953820
vt 0.263280 0.954668
vt 0.620129 0.928230
vt 0.275679 0.967747
vt 0.275692 0.954942
vt 0.760606 0.926477
vt 0.288794 0.967166
vt 0.627828 0.950346
vt 0.623059 0.939708
vt 0.251573 0.942081
vt 0.263770 0.942658
vt 0.618220 0.929371
vt 0.275697 0.942804
vt 0.758478 0.925784
vt 0.287638 0.942653
vt 0.761015 0.914565
vt 0.299877 0.942100
vt 0.763708 0.903115
vt 0.313928 0.951971
vt 0.312738 0.941047
vt 0.766780 0.891252
vt 0.637790 0.973395
vt 0.632760 0.961453
vt 0.770318 0.878959
vt 0.238765 0.940955
vt 0.756593 0.913997
vt 0.757058 0.902147
vt 0.299333 0.930677
vt 0.312057 0.930121
vt 0.757816 0.889582
vt 0.627173 0.976820
vt 0.624376 0.964217
vt 0.759731 0.876705
vt 0.621576 0.952452
vt 0.239536 0.930068
vt 0.252154 0.930740
vt 0.618893 0.941163
vt 0.264059 0.931042
vt 0.616135 0.930125
vt 0.275685 0.931075
vt 0.756254 0.925513
vt 0.287341 0.930987
vt 0.252449 0.919682
vt 0.264158 0.919666
vt 0.614543 0.941805
vt 0.613947 0.930462
vt 0.275639 0.919568
vt 0.754014 0.925677
vt 0.287173 0.919519
vt 0.752119 0.914261
vt 0.299066 0.919410
vt 0.750296 0.902504
vt 0.311718 0.919210
vt 0.748530 0.889983
vt 0.616127 0.978273
vt 0.615661 0.965403
vt 0.227553 0.918853
vt 0.240270 0.919441
vt 0.615072 0.953358
vt 0.299033 0.908187
vt 0.311659 0.908317
vt 0.743694 0.904177
vt 0.739500 0.892212
vt 0.605015 0.977694
vt 0.606893 0.964978
vt 0.227535 0.909620
vt 0.240253 0.909123
vt 0.608524 0.953044
vt 0.252342 0.908733
vt 0.610161 0.941592
vt 0.264033 0.908358
vt 0.611739 0.930368
vt 0.275539 0.908108
vt 0.751845 0.926272
vt 0.287112 0.908095
vt 0.747773 0.915416
vt 0.605896 0.940581
vt 0.609591 0.929857
vt 0.263644 0.896929
vt 0.275379 0.896513
vt 0.749828 0.927278
vt 0.287173 0.896555
vt 0.743720 0.917395
vt 0.299261 0.896907
vt 0.737513 0.907112
vt 0.311906 0.897444
vt 0.731071 0.896160
vt 0.594213 0.975109
vt 0.598355 0.962960
vt 0.226758 0.900378
vt 0.239532 0.898810
vt 0.602147 0.951522
vt 0.251755 0.897715
vt 0.584079 0.970625
vt 0.590319 0.959422
vt 0.225221 0.891240
vt 0.237983 0.888268
vt 0.596155 0.948844
vt 0.250618 0.886408
vt 0.601892 0.938779
vt 0.262961 0.885156
vt 0.607580 0.928942
vt 0.275169 0.884568
vt 0.748039 0.928660
vt 0.287415 0.884705
vt 0.740088 0.920110
vt 0.299858 0.885449
vt 0.732005 0.911196
vt 0.312576 0.886600
vt 0.723558 0.901658
vt 0.746551 0.930369
vt 0.605781 0.927656
vt 0.274931 0.872038
vt 0.287962 0.872267
vt 0.737060 0.923510
vt 0.301055 0.873599
vt 0.727360 0.916280
vt 0.313928 0.875822
vt 0.717223 0.908489
vt 0.574928 0.964438
vt 0.583017 0.954478
vt 0.714474 0.892116
vt 0.707025 0.900148
vt 0.590732 0.945084
vt 0.236071 0.877533
vt 0.248861 0.874640
vt 0.598307 0.936228
vt 0.261915 0.872760
vt 0.957015 0.794901
vt 0.943958 0.804881
vt 0.946624 0.792401
vt 0.576621 0.948254
vt 0.586053 0.940334
vt 0.960277 0.782201
vt 0.948797 0.780139
vt 0.595270 0.933028
vt 0.962601 0.769323
vt 0.950211 0.767984
vt 0.604267 0.926043
vt 0.963717 0.756084
vt 0.950849 0.755767
vt 0.745421 0.932340
vt 0.963276 0.742808
vt 0.950764 0.743486
vt 0.734738 0.927451
vt 0.961744 0.729776
vt 0.949950 0.731089
vt 0.723747 0.922199
vt 0.959454 0.716721
vt 0.948562 0.718218
vt 0.712272 0.916398
vt 0.566985 0.956826
vt 0.938904 0.755525
vt 0.938939 0.743817
vt 0.733223 0.931795
vt 0.938526 0.731839
vt 0.721285 0.928771
vt 0.937656 0.719170
vt 0.708846 0.925092
vt 0.560312 0.948165
vt 0.571207 0.940802
vt 0.934843 0.803393
vt 0.936440 0.790846
vt 0.582333 0.934720
vt 0.937732 0.778858
vt 0.592871 0.929303
vt 0.938537 0.767158
vt 0.603086 0.924168
vt 0.744698 0.934499
vt 0.567601 0.932114
vt 0.579785 0.928415
vt 0.926373 0.790008
vt 0.926937 0.778179
vt 0.591235 0.925159
vt 0.927262 0.766708
vt 0.602289 0.922095
vt 0.927421 0.755359
vt 0.744413 0.936766
vt 0.927527 0.743944
vt 0.732549 0.936386
vt 0.927445 0.732258
vt 0.720073 0.935807
vt 0.927021 0.720082
vt 0.706989 0.934252
vt 0.935361 0.706307
vt 0.926182 0.707360
vt 0.925613 0.802599
vt 0.744571 0.939051
vt 0.732853 0.941030
vt 0.916537 0.732283
vt 0.720496 0.943003
vt 0.916724 0.720253
vt 0.923684 0.815698
vt 0.916502 0.802162
vt 0.916921 0.707533
vt 0.916345 0.789785
vt 0.578535 0.921697
vt 0.916245 0.778017
vt 0.590439 0.920757
vt 0.916129 0.766571
vt 0.601908 0.919902
vt 0.916102 0.755256
vt 0.916285 0.743888
vt 0.905499 0.778379
vt 0.590522 0.916271
vt 0.904903 0.766742
vt 0.601962 0.917672
vt 0.904685 0.755202
vt 0.745178 0.941264
vt 0.904972 0.743619
vt 0.734085 0.945522
vt 0.905619 0.731858
vt 0.722368 0.949968
vt 0.906475 0.719763
vt 0.916369 0.815129
vt 0.907523 0.802655
vt 0.907630 0.706995
vt 0.906327 0.790256
vt 0.565834 0.922877
vt 0.578640 0.914848
vt 0.894492 0.730900
vt 0.725619 0.956385
vt 0.896129 0.718574
vt 0.909059 0.815503
vt 0.898440 0.804152
vt 0.898353 0.705750
vt 0.896216 0.791474
vt 0.565948 0.913480
vt 0.580095 0.908144
vt 0.894523 0.779344
vt 0.591484 0.911878
vt 0.893308 0.767267
vt 0.602451 0.915492
vt 0.892875 0.755186
vt 0.746210 0.943317
vt 0.893312 0.743073
vt 0.736153 0.949699
vt 0.593290 0.907751
vt 0.880924 0.768305
vt 0.603357 0.913446
vt 0.880359 0.755194
vt 0.747636 0.945122
vt 0.880906 0.742081
vt 0.739045 0.953355
vt 0.882987 0.729245
vt 0.730079 0.961942
vt 0.885563 0.716537
vt 0.720815 0.970791
vt 0.715062 0.963741
vt 0.889169 0.703691
vt 0.885919 0.793506
vt 0.567920 0.904298
vt 0.582841 0.901852
vt 0.883152 0.781082
vt 0.874908 0.713998
vt 0.727632 0.976878
vt 0.560312 0.888820
vt 0.577005 0.887985
vt 0.571658 0.895690
vt 0.889270 0.806174
vt 0.875525 0.796555
vt 0.586768 0.896215
vt 0.871454 0.783925
vt 0.595872 0.904051
vt 0.868250 0.771089
vt 0.604647 0.911612
vt 0.976904 0.600570
vt 0.963817 0.587599
vt 0.976904 0.587242
vt 0.749390 0.946611
vt 0.963118 0.574530
vt 0.976173 0.573938
vt 0.742578 0.956404
vt 0.871265 0.726658
vt 0.735441 0.966614
vt 0.606273 0.910064
vt 0.963833 0.600696
vt 0.951288 0.587938
vt 0.751404 0.947724
vt 0.950643 0.575804
vt 0.746664 0.958662
vt 0.949179 0.563611
vt 0.960768 0.561502
vt 0.741684 0.970113
vt 0.946906 0.551232
vt 0.957415 0.548646
vt 0.950044 0.651928
vt 0.946181 0.636901
vt 0.955038 0.639491
vt 0.944132 0.538611
vt 0.953143 0.536145
vt 0.948706 0.624537
vt 0.959262 0.626874
vt 0.591722 0.891452
vt 0.950480 0.612247
vt 0.962115 0.613845
vt 0.599132 0.900922
vt 0.951321 0.600070
vt 0.942979 0.649638
vt 0.937361 0.635419
vt 0.934908 0.540175
vt 0.938589 0.623254
vt 0.583749 0.881474
vt 0.597513 0.887743
vt 0.939428 0.611419
vt 0.602945 0.898485
vt 0.939693 0.599809
vt 0.608173 0.908860
vt 0.939490 0.588282
vt 0.753595 0.948419
vt 0.938977 0.576719
vt 0.751117 0.960062
vt 0.938032 0.564986
vt 0.748522 0.972308
vt 0.936604 0.552879
vt 0.928125 0.588662
vt 0.755881 0.948667
vt 0.610277 0.908058
vt 0.927703 0.577362
vt 0.755758 0.960590
vt 0.927142 0.565825
vt 0.755662 0.973069
vt 0.926383 0.553824
vt 0.935721 0.648251
vt 0.928604 0.634872
vt 0.925562 0.541035
vt 0.928715 0.622823
vt 0.591628 0.876399
vt 0.603920 0.885231
vt 0.928747 0.611223
vt 0.607171 0.896832
vt 0.928519 0.599897
vt 0.916137 0.541285
vt 0.918940 0.623151
vt 0.600343 0.872945
vt 0.610714 0.884000
vt 0.918218 0.611597
vt 0.611648 0.896066
vt 0.917513 0.600318
vt 0.612499 0.907674
vt 0.916905 0.589107
vt 0.758167 0.948458
vt 0.916538 0.577801
vt 0.760405 0.960141
vt 0.916308 0.566224
vt 0.762813 0.972418
vt 0.916146 0.554178
vt 0.928383 0.647688
vt 0.919883 0.635185
vt 0.760363 0.947805
vt 0.614756 0.907741
vt 0.905218 0.578063
vt 0.764857 0.958771
vt 0.905330 0.566201
vt 0.769727 0.970333
vt 0.905800 0.553951
vt 0.921049 0.647919
vt 0.911132 0.636370
vt 0.906664 0.540934
vt 0.909136 0.624215
vt 0.609570 0.871236
vt 0.617634 0.884110
vt 0.907651 0.612538
vt 0.616199 0.896154
vt 0.906430 0.601091
vt 0.905556 0.589650
vt 0.899209 0.626018
vt 0.618963 0.871334
vt 0.624426 0.885554
vt 0.896880 0.614090
vt 0.620660 0.897133
vt 0.895042 0.602287
vt 0.616960 0.908241
vt 0.893784 0.590344
vt 0.762383 0.946733
vt 0.893443 0.578143
vt 0.768949 0.956579
vt 0.893971 0.565686
vt 0.776073 0.966852
vt 0.895251 0.553047
vt 0.913795 0.648970
vt 0.902197 0.638546
vt 0.897183 0.539909
vt 0.880805 0.577989
vt 0.772496 0.953616
vt 0.881874 0.564479
vt 0.781366 0.962068
vt 0.884426 0.551225
vt 0.790872 0.970582
vt 0.784241 0.976878
vt 0.887774 0.538047
vt 0.889060 0.628581
vt 0.628170 0.873222
vt 0.630852 0.888290
vt 0.885756 0.616365
vt 0.624860 0.898975
vt 0.883140 0.604052
vt 0.619028 0.909166
vt 0.881210 0.591321
vt 0.764148 0.945289
vt 0.636866 0.876812
vt 0.636702 0.892239
vt 0.874126 0.619574
vt 0.628636 0.901620
vt 0.870735 0.606618
vt 0.620877 0.910482
vt 0.868250 0.593682
vt 0.765592 0.943533
vt 0.976481 0.915507
vt 0.960992 0.905325
vt 0.973456 0.902324
vt 0.775367 0.950034
vt 0.958181 0.893043
vt 0.969540 0.889617
vt 0.785588 0.956529
vt 0.954654 0.880931
vt 0.964812 0.877253
vt 0.796406 0.963219
vt 0.950588 0.868697
vt 0.959263 0.865307
vt 0.893096 0.641111
vt 0.878773 0.632124
vt 0.947129 0.895488
vt 0.788650 0.950368
vt 0.944608 0.883602
vt 0.800555 0.954919
vt 0.941610 0.871203
vt 0.957299 0.970843
vt 0.949531 0.956403
vt 0.960259 0.957939
vt 0.644767 0.881942
vt 0.641816 0.897316
vt 0.950589 0.943880
vt 0.962332 0.944861
vt 0.631828 0.904983
vt 0.950894 0.931539
vt 0.963446 0.931684
vt 0.622432 0.912140
vt 0.950375 0.919319
vt 0.963244 0.918263
vt 0.766668 0.941537
vt 0.949068 0.907330
vt 0.777451 0.945972
vt 0.645637 0.903533
vt 0.948062 0.969321
vt 0.937446 0.858625
vt 0.518555 0.201054
vt 0.392767 0.326843
vt 0.392767 0.201054
vt 0.392767 0.495190
vt 0.518555 0.369401
vt 0.518555 0.495190
vt 0.560312 0.536145
vt 0.686100 0.661934
vt 0.560312 0.661934
vt 0.020879 0.394270
vt 0.146667 0.520058
vt 0.020879 0.520058
vt 0.351009 0.536947
vt 0.225221 0.662735
vt 0.225221 0.536947
vt 0.518555 0.536947
vt 0.392767 0.662735
vt 0.392767 0.536947
vt 0.910211 0.448239
vt 0.924267 0.440021
vt 0.922181 0.451206
vt 0.936672 0.441545
vt 0.934550 0.453933
vt 0.047751 0.940423
vt 0.057220 0.933251
vt 0.049329 0.942136
vt 0.041341 0.951112
vt 0.038165 0.947670
vt 0.033093 0.960461
vt 0.028235 0.955242
vt 0.886459 0.441142
vt 0.900332 0.436422
vt 0.898371 0.444876
vt 0.912283 0.438352
vt 0.913201 0.428427
vt 0.925172 0.428849
vt 0.937555 0.429104
vt 0.051215 0.943503
vt 0.045126 0.953867
vt 0.038861 0.964624
vt 0.888082 0.434291
vt 0.901253 0.427897
vt 0.049375 0.955836
vt 0.045314 0.967581
vt 0.888819 0.427266
vt 0.901148 0.419385
vt 0.913010 0.418549
vt 0.924914 0.417722
vt 0.937163 0.416705
vt 0.053331 0.944476
vt 0.930909 0.405085
vt 0.936156 0.404297
vt 0.055596 0.945017
vt 0.053931 0.956914
vt 0.052218 0.969251
vt 0.888806 0.420208
vt 0.900076 0.410970
vt 0.918572 0.407054
vt 0.058606 0.957081
vt 0.059343 0.969546
vt 0.887964 0.413236
vt 0.897996 0.402776
vt 0.917481 0.396646
vt 0.937555 0.378899
vt 0.484956 0.872038
vt 0.463883 0.884590
vt 0.460803 0.882761
vt 0.057921 0.945106
vt 0.485422 0.897389
vt 0.459058 0.894898
vt 0.455679 0.893658
vt 0.060219 0.944741
vt 0.063228 0.956366
vt 0.066387 0.968418
vt 0.883854 0.399882
vt 0.895025 0.394818
vt 0.913868 0.386879
vt 0.067624 0.954761
vt 0.073053 0.965943
vt 0.880579 0.393776
vt 0.891092 0.387066
vt 0.909487 0.377564
vt 0.482797 0.907230
vt 0.456099 0.905945
vt 0.452549 0.905312
vt 0.062403 0.943934
vt 0.455091 0.917354
vt 0.451480 0.917342
vt 0.064386 0.942718
vt 0.071608 0.952307
vt 0.079055 0.962197
vt 0.079055 0.977234
vt 0.086695 0.972397
vt 0.886788 0.379442
vt 0.904426 0.368600
vt 0.481903 0.917388
vt 0.075037 0.949134
vt 0.084322 0.957456
vt 0.093521 0.966394
vt 0.913850 0.115946
vt 0.902088 0.095923
vt 0.919848 0.107333
vt 0.482791 0.927553
vt 0.456053 0.928780
vt 0.452490 0.929391
vt 0.066095 0.941139
vt 0.458987 0.939872
vt 0.455580 0.941102
vt 0.067463 0.939257
vt 0.077814 0.945368
vt 0.088519 0.951704
vt 0.896008 0.082190
vt 0.906798 0.088497
vt 0.925178 0.098191
vt 0.485416 0.937418
vt 0.899196 0.075892
vt 0.910590 0.080762
vt 0.929627 0.088650
vt 0.489670 0.946728
vt 0.463816 0.950238
vt 0.460705 0.952078
vt 0.068438 0.937144
vt 0.079774 0.941117
vt 0.091531 0.945258
vt 0.068982 0.934882
vt 0.080867 0.936567
vt 0.093231 0.938329
vt 0.901570 0.069300
vt 0.913418 0.072714
vt 0.929618 0.077513
vt 0.941931 0.080589
vt 0.948866 0.107623
vt 0.949179 0.082022
vt 0.952130 0.109448
vt 0.915233 0.064421
vt 0.926995 0.066252
vt 0.938823 0.068031
vt 0.951123 0.069665
vt 0.069075 0.932556
vt 0.081085 0.931886
vt 0.093521 0.931205
vt 0.903112 0.062493
vt 0.068711 0.930257
vt 0.080354 0.927257
vt 0.092440 0.924168
vt 0.903813 0.055569
vt 0.916049 0.056003
vt 0.927921 0.056427
vt 0.939831 0.056933
vt 0.952130 0.057335
vt 0.915848 0.047536
vt 0.927751 0.046566
vt 0.939688 0.045819
vt 0.951926 0.045035
vt 0.067906 0.928073
vt 0.078735 0.922859
vt 0.090003 0.917462
vt 0.903654 0.048631
vt 0.066690 0.926089
vt 0.076286 0.918864
vt 0.086292 0.911347
vt 0.902607 0.041780
vt 0.914605 0.039081
vt 0.926489 0.036690
vt 0.938445 0.034714
vt 0.950589 0.032863
vt 0.924120 0.026803
vt 0.936169 0.023542
vt 0.948317 0.020879
vt 0.065110 0.924380
vt 0.073125 0.915397
vt 0.081443 0.906098
vt 0.900615 0.035149
vt 0.912246 0.030670
vt 0.069328 0.912640
vt 0.075686 0.901885
vt 0.937346 0.214211
vt 0.946187 0.226389
vt 0.934200 0.222510
vt 0.925662 0.209156
vt 0.922358 0.219084
vt 0.913670 0.204852
vt 0.910423 0.215986
vt 0.901440 0.201054
vt 0.898128 0.213168
vt 0.063230 0.923005
vt 0.920225 0.228993
vt 0.908244 0.227148
vt 0.895865 0.225481
vt 0.061117 0.922024
vt 0.065070 0.910681
vt 0.069203 0.898871
vt 0.944441 0.233236
vt 0.932175 0.230968
vt 0.062257 0.897206
vt 0.943572 0.240223
vt 0.931199 0.239502
vt 0.919207 0.238919
vt 0.907201 0.238345
vt 0.894797 0.237909
vt 0.058852 0.921474
vt 0.060522 0.909559
vt 0.907314 0.249531
vt 0.894978 0.250336
vt 0.056523 0.921383
vt 0.055840 0.909384
vt 0.055129 0.896906
vt 0.943567 0.247242
vt 0.931243 0.248041
vt 0.919288 0.248835
vt 0.932302 0.256518
vt 0.920458 0.258695
vt 0.908570 0.260642
vt 0.896388 0.262638
vt 0.054220 0.921749
vt 0.051205 0.910091
vt 0.048086 0.898023
vt 0.052034 0.922557
vt 0.046808 0.911719
vt 0.041393 0.900466
vt 0.944427 0.254189
vt 0.934400 0.264877
vt 0.922716 0.268471
vt 0.910924 0.271649
vt 0.898934 0.274710
vt 0.946169 0.260959
vt 0.937613 0.273080
vt 0.926082 0.278152
vt 0.914321 0.282626
vt 0.902402 0.286503
vt 0.050048 0.923775
vt 0.042815 0.914174
vt 0.035285 0.904179
vt 0.048337 0.925358
vt 0.039352 0.917338
vt 0.030038 0.909028
vt 0.409723 0.890793
vt 0.395087 0.893494
vt 0.398234 0.885195
vt 0.383246 0.890068
vt 0.386550 0.880139
vt 0.371310 0.886969
vt 0.374558 0.875836
vt 0.359016 0.884152
vt 0.362328 0.872038
vt 0.381112 0.899976
vt 0.369132 0.898131
vt 0.356753 0.896464
vt 0.046968 0.927244
vt 0.036602 0.921139
vt 0.025822 0.914792
vt 0.407074 0.897372
vt 0.393062 0.901952
vt 0.045995 0.929359
vt 0.034653 0.925403
vt 0.022803 0.921293
vt 0.405329 0.904219
vt 0.392087 0.910485
vt 0.380095 0.909903
vt 0.368088 0.909329
vt 0.355685 0.908892
vt 0.380176 0.919818
vt 0.368202 0.920514
vt 0.355865 0.921319
vt 0.045452 0.931625
vt 0.033543 0.929958
vt 0.021141 0.928269
vt 0.404460 0.911206
vt 0.392131 0.919024
vt 0.033350 0.934645
vt 0.020879 0.935415
vt 0.404455 0.918225
vt 0.393189 0.927502
vt 0.381345 0.929679
vt 0.369458 0.931625
vt 0.357276 0.933622
vt 0.045363 0.933952
vt 0.371812 0.942632
vt 0.359822 0.945694
vt 0.045730 0.936252
vt 0.034077 0.939281
vt 0.022013 0.942457
vt 0.405315 0.925173
vt 0.395288 0.935860
vt 0.383603 0.939455
vt 0.024481 0.949159
vt 0.407057 0.931943
vt 0.398501 0.944063
vt 0.386970 0.949136
vt 0.375209 0.953610
vt 0.363290 0.957487
vt 0.046532 0.938439
vt 0.035724 0.943672
vt 0.918965 0.462445
vt 0.931315 0.466174
vt 0.256422 0.028663
vt 0.305977 0.140995
vt 0.228125 0.101635
vt 0.883908 0.447676
vt 0.895285 0.453145
vt 0.906950 0.458117
vt 0.146667 0.352513
vt 0.020879 0.226724
vt 0.146667 0.225923
vt 0.020879 0.687604
vt 0.146667 0.561815
vt 0.146667 0.687604
vt 0.683333 0.020878
vt 0.557544 0.146667
vt 0.557544 0.130503
vt 0.351009 0.311480
vt 0.225221 0.327644
vt 0.225221 0.201054
vt 0.183464 0.020879
vt 0.020879 0.184166
vt 0.057673 0.020879
vt 0.518555 0.830281
vt 0.392767 0.704492
vt 0.518555 0.704492
vt 0.351009 0.369401
vt 0.389999 0.020878
vt 0.686100 0.703691
vt 0.686100 0.326843
vt 0.560312 0.368600
vt 0.225221 0.704492
vt 0.752516 0.829479
vt 0.838822 0.494388
vt 0.826493 0.661934
vt 0.727857 0.661934
vt 0.020879 0.855149
vt 0.758033 0.138938
vt 0.747782 0.132088
vt 0.836299 0.043570
vt 0.739063 0.123370
vt 0.827581 0.034852
vt 0.817329 0.028002
vt 0.732213 0.113118
vt 0.727495 0.101727
vt 0.805938 0.023284
vt 0.725090 0.089635
vt 0.793846 0.020879
vt 0.725090 0.077305
vt 0.781516 0.020879
vt 0.769424 0.023284
vt 0.727495 0.065213
vt 0.732213 0.053822
vt 0.758033 0.028002
vt 0.739063 0.043570
vt 0.747782 0.034852
vt 0.843149 0.053822
vt 0.850273 0.077305
vt 0.850273 0.089635
vt 0.793846 0.146061
vt 0.805938 0.143656
vt 0.847867 0.101727
vt 0.843149 0.113118
vt 0.817329 0.138938
vt 0.836299 0.123370
vt 0.827581 0.132088
vt 0.727857 0.257481
vt 0.845917 0.293294
vt 0.730263 0.245388
vt 0.850635 0.281903
vt 0.734981 0.233997
vt 0.853040 0.269810
vt 0.741831 0.223746
vt 0.853040 0.257481
vt 0.750549 0.215028
vt 0.850635 0.245388
vt 0.760801 0.208178
vt 0.845917 0.233997
vt 0.772192 0.203460
vt 0.839067 0.223746
vt 0.784284 0.201054
vt 0.830348 0.215028
vt 0.796614 0.201054
vt 0.820097 0.208178
vt 0.808706 0.203460
vt 0.830348 0.312263
vt 0.820097 0.319113
vt 0.734981 0.293294
vt 0.808706 0.323832
vt 0.741831 0.303545
vt 0.796614 0.326237
vt 0.750549 0.312263
vt 0.784284 0.326237
vt 0.760801 0.319113
vt 0.772192 0.323832
vt 0.929249 0.968708
vt 0.662043 0.918388
vt 0.664105 0.953034
vt 0.665232 0.971474
vt 0.249669 0.965766
vt 0.237516 0.951850
vt 0.226674 0.928020
vt 0.952866 0.807266
vt 0.901870 0.816868
vt 0.566600 0.879759
vt 0.880284 0.809046
vt 0.868250 0.739482
vt 0.906729 0.650958
vt 0.884197 0.644468
vt 0.651656 0.888381
vt 0.518555 0.326843
vt 0.392767 0.369401
vt 0.686100 0.536145
vt 0.146667 0.394270
vt 0.351010 0.662735
vt 0.518555 0.662735
vt 0.886305 0.406421
vt 0.488493 0.875734
vt 0.489670 0.888105
vt 0.896988 0.103248
vt 0.892030 0.088067
vt 0.948835 0.219810
vt 0.948835 0.267414
vt 0.409723 0.938398
vt 0.341781 0.110221
vt 0.335294 0.120426
vt 0.333512 0.042180
vt 0.326940 0.129169
vt 0.324768 0.033826
vt 0.314564 0.027339
vt 0.317041 0.136115
vt 0.303289 0.022967
vt 0.286389 0.159022
vt 0.274300 0.159297
vt 0.262389 0.157209
vt 0.251115 0.152837
vt 0.240910 0.146349
vt 0.232167 0.137995
vt 0.225221 0.128096
vt 0.225496 0.089832
vt 0.225221 0.077742
vt 0.227310 0.065831
vt 0.231682 0.054557
vt 0.238169 0.044352
vt 0.246523 0.035609
vt 0.267485 0.023782
vt 0.279289 0.021154
vt 0.291378 0.020879
vt 0.340457 0.052079
vt 0.345338 0.063143
vt 0.346153 0.098946
vt 0.347967 0.074946
vt 0.348242 0.087036
vt 0.020879 0.352513
vt 0.020879 0.561815
vt 0.683333 0.146667
vt 0.351009 0.327644
vt 0.183464 0.146667
vt 0.392767 0.830281
s 0
usemtl マテリアル.001
f 2/1/1 3/2/1 1/3/1
f 4/4/2 7/5/2 3/6/2
f 7/7/3 6/8/3 5/9/3
f 6/10/4 1/11/4 5/12/4
f 7/13/5 1/14/5 3/15/5
f 4/16/6 6/17/6 8/18/6
f 10/19/7 11/20/7 9/21/7
f 11/20/8 14/22/8 13/23/8
f 13/23/9 16/24/9 15/25/9
f 15/26/10 18/27/10 17/28/10
f 17/28/11 20/29/11 19/30/11
f 19/30/12 22/31/12 21/32/12
f 21/32/13 24/33/13 23/34/13
f 23/34/14 26/35/14 25/36/14
f 25/36/15 28/37/15 27/38/15
f 27/38/16 30/39/16 29/40/16
f 29/40/17 32/41/17 31/42/17
f 31/42/18 34/43/18 33/44/18
f 33/45/19 36/46/19 35/47/19
f 35/47/20 38/48/20 37/49/20
f 37/49/21 40/50/21 39/51/21
f 39/51/22 42/52/22 41/53/22
f 41/53/23 44/54/23 43/55/23
f 44/54/24 45/56/24 43/55/24
f 46/57/25 47/58/25 45/56/25
f 48/59/26 49/60/26 47/58/26
f 50/61/27 51/62/27 49/63/27
f 52/64/28 53/65/28 51/62/28
f 54/66/29 55/67/29 53/65/29
f 56/68/30 57/69/30 55/67/30
f 58/70/31 59/71/31 57/69/31
f 60/72/32 61/73/32 59/71/32
f 62/74/33 63/75/33 61/73/33
f 64/76/34 65/77/34 63/78/34
f 66/79/35 67/80/35 65/77/35
f 68/81/36 69/82/36 67/80/36
f 18/83/37 16/84/37 38/85/37
f 70/86/38 71/87/38 69/82/38
f 72/88/39 9/21/39 71/87/39
f 69/89/40 71/90/40 47/91/40
f 75/92/41 86/93/41 549/94/41
f 553/95/42 93/96/42 94/97/42
f 549/94/43 87/98/43 76/99/43
f 554/100/44 94/97/44 95/101/44
f 76/99/45 88/102/45 77/103/45
f 546/104/46 73/105/46 81/106/46
f 80/107/47 554/100/47 95/101/47
f 77/103/48 89/108/48 78/109/48
f 546/104/49 82/110/49 547/111/49
f 78/109/50 90/112/50 550/113/50
f 547/111/51 83/114/51 74/115/51
f 550/113/52 91/116/52 79/117/52
f 74/115/53 84/118/53 548/119/53
f 79/117/54 92/120/54 551/121/54
f 548/122/55 85/123/55 75/92/55
f 551/121/56 93/124/56 552/125/56
f 92/120/57 106/126/57 107/127/57
f 85/123/58 99/128/58 100/129/58
f 93/124/59 107/127/59 108/130/59
f 86/93/60 100/129/60 101/131/60
f 93/96/61 109/132/61 94/97/61
f 87/98/62 101/131/62 102/133/62
f 94/97/63 110/134/63 95/101/63
f 88/102/64 102/133/64 103/135/64
f 81/106/65 73/105/65 96/136/65
f 80/107/66 95/101/66 110/134/66
f 89/108/67 103/135/67 104/137/67
f 82/110/68 96/136/68 97/138/68
f 90/112/69 104/137/69 105/139/69
f 83/114/70 97/138/70 98/140/70
f 91/116/71 105/139/71 106/126/71
f 84/118/72 98/140/72 99/141/72
f 80/107/73 110/134/73 125/142/73
f 104/137/74 118/143/74 119/144/74
f 97/138/75 111/145/75 112/146/75
f 105/139/76 119/144/76 120/147/76
f 98/140/77 112/146/77 113/148/77
f 106/126/78 120/147/78 121/149/78
f 99/141/79 113/148/79 114/150/79
f 107/127/80 121/149/80 122/151/80
f 100/129/81 114/152/81 115/153/81
f 108/154/82 122/155/82 123/156/82
f 101/131/83 115/153/83 116/157/83
f 108/154/84 124/158/84 109/132/84
f 102/133/85 116/157/85 117/159/85
f 109/132/86 125/142/86 110/134/86
f 103/135/87 117/159/87 118/143/87
f 96/136/88 73/105/88 111/145/88
f 123/156/89 137/160/89 138/161/89
f 116/157/90 130/162/90 131/163/90
f 124/158/91 138/161/91 139/164/91
f 117/159/92 131/163/92 132/165/92
f 124/158/93 140/166/93 125/142/93
f 118/143/94 132/165/94 133/167/94
f 111/145/95 73/105/95 126/168/95
f 80/107/96 125/142/96 140/166/96
f 119/144/97 133/167/97 134/169/97
f 112/146/98 126/168/98 127/170/98
f 120/147/99 134/169/99 135/171/99
f 113/148/100 127/170/100 128/172/100
f 121/149/101 135/171/101 136/173/101
f 114/150/102 128/172/102 129/174/102
f 122/151/103 136/173/103 137/175/103
f 115/176/104 129/174/104 130/177/104
f 127/170/105 141/178/105 142/179/105
f 135/171/106 149/180/106 150/181/106
f 128/172/107 142/179/107 143/182/107
f 136/173/108 150/181/108 151/183/108
f 129/174/109 143/182/109 144/184/109
f 137/175/110 151/183/110 152/185/110
f 130/177/111 144/184/111 145/186/111
f 138/161/112 152/187/112 153/188/112
f 131/163/113 145/189/113 146/190/113
f 139/164/114 153/188/114 154/191/114
f 132/165/115 146/190/115 147/192/115
f 139/164/116 155/193/116 140/166/116
f 133/167/117 147/192/117 148/194/117
f 126/168/118 73/105/118 141/178/118
f 80/107/119 140/166/119 155/193/119
f 134/169/120 148/194/120 149/180/120
f 146/195/121 160/196/121 161/197/121
f 154/191/122 168/198/122 169/199/122
f 147/192/123 161/200/123 162/201/123
f 154/191/124 170/202/124 155/193/124
f 148/194/125 162/201/125 163/203/125
f 141/178/126 73/105/126 156/204/126
f 80/107/127 155/193/127 170/202/127
f 149/180/128 163/203/128 164/205/128
f 142/179/129 156/204/129 157/206/129
f 150/181/130 164/205/130 165/207/130
f 143/182/131 157/206/131 158/208/131
f 151/183/132 165/207/132 166/209/132
f 144/184/133 158/208/133 159/210/133
f 152/187/134 166/211/134 167/212/134
f 145/186/135 159/210/135 160/196/135
f 153/188/136 167/212/136 168/198/136
f 165/213/137 179/214/137 180/215/137
f 158/208/138 172/216/138 173/217/138
f 166/211/139 180/218/139 181/219/139
f 159/210/140 173/217/140 174/220/140
f 167/212/141 181/219/141 182/221/141
f 160/196/142 174/220/142 175/222/142
f 168/198/143 182/221/143 183/223/143
f 161/197/144 175/222/144 176/224/144
f 169/199/145 183/223/145 184/225/145
f 162/226/146 176/227/146 177/228/146
f 170/202/147 184/225/147 185/229/147
f 163/230/148 177/228/148 178/231/148
f 156/204/149 73/105/149 171/232/149
f 80/107/150 170/202/150 185/229/150
f 164/233/151 178/231/151 179/214/151
f 157/206/152 171/232/152 172/216/152
f 184/225/153 198/234/153 199/235/153
f 177/228/154 191/236/154 192/237/154
f 185/229/155 199/235/155 200/238/155
f 178/231/156 192/237/156 193/239/156
f 171/232/157 73/105/157 186/240/157
f 80/107/158 185/229/158 200/238/158
f 179/214/159 193/239/159 194/241/159
f 172/216/160 186/240/160 187/242/160
f 180/215/161 194/241/161 195/243/161
f 173/217/162 187/242/162 188/244/162
f 181/245/163 195/243/163 196/246/163
f 174/220/164 188/244/164 189/247/164
f 182/221/165 196/248/165 197/249/165
f 175/222/166 189/247/166 190/250/166
f 183/223/167 197/249/167 198/234/167
f 176/227/168 190/251/168 191/236/168
f 188/244/169 202/252/169 203/253/169
f 196/246/170 210/254/170 211/255/170
f 189/247/171 203/253/171 204/256/171
f 197/249/172 211/257/172 212/258/172
f 190/250/173 204/256/173 205/259/173
f 198/234/174 212/258/174 213/260/174
f 191/236/175 205/261/175 206/262/175
f 199/235/176 213/260/176 214/263/176
f 192/237/177 206/262/177 207/264/177
f 200/238/178 214/263/178 215/265/178
f 193/239/179 207/264/179 208/266/179
f 186/240/180 73/105/180 201/267/180
f 80/107/181 200/238/181 215/265/181
f 194/241/182 208/266/182 209/268/182
f 187/242/183 201/267/183 202/252/183
f 195/243/184 209/268/184 210/254/184
f 207/264/185 221/269/185 222/270/185
f 215/265/186 229/271/186 230/272/186
f 208/266/187 222/270/187 223/273/187
f 201/267/188 73/105/188 216/274/188
f 80/107/189 215/265/189 230/272/189
f 209/268/190 223/273/190 224/275/190
f 202/252/191 216/274/191 217/276/191
f 210/254/192 224/275/192 225/277/192
f 203/253/193 217/276/193 218/278/193
f 211/255/194 225/277/194 226/279/194
f 204/256/195 218/278/195 219/280/195
f 212/258/196 226/281/196 227/282/196
f 205/261/197 219/283/197 220/284/197
f 213/260/198 227/282/198 228/285/198
f 206/262/199 220/284/199 221/269/199
f 214/263/200 228/285/200 229/271/200
f 226/279/201 240/286/201 241/287/201
f 219/280/202 233/288/202 234/289/202
f 227/282/203 241/290/203 242/291/203
f 220/284/204 234/292/204 235/293/204
f 228/285/205 242/291/205 243/294/205
f 221/269/206 235/293/206 236/295/206
f 229/271/207 243/294/207 244/296/207
f 222/270/208 236/295/208 237/297/208
f 230/272/209 244/296/209 245/298/209
f 223/273/210 237/297/210 238/299/210
f 216/274/211 73/105/211 231/300/211
f 80/107/212 230/272/212 245/298/212
f 224/275/213 238/299/213 239/301/213
f 217/276/214 231/300/214 232/302/214
f 225/277/215 239/301/215 240/286/215
f 218/278/216 232/302/216 233/288/216
f 245/298/217 259/303/217 260/304/217
f 238/299/218 252/305/218 253/306/218
f 231/300/219 73/105/219 246/307/219
f 80/107/220 245/298/220 260/304/220
f 239/301/221 253/306/221 254/308/221
f 231/300/222 247/309/222 232/302/222
f 240/286/223 254/308/223 255/310/223
f 233/288/224 247/309/224 248/311/224
f 241/287/225 255/310/225 256/312/225
f 234/289/226 248/311/226 249/313/226
f 242/291/227 256/314/227 257/315/227
f 235/293/228 249/316/228 250/317/228
f 243/294/229 257/315/229 258/318/229
f 236/295/230 250/317/230 251/319/230
f 244/296/231 258/318/231 259/303/231
f 237/297/232 251/319/232 252/305/232
f 257/315/233 271/320/233 272/321/233
f 250/317/234 264/322/234 265/323/234
f 258/318/235 272/321/235 273/324/235
f 251/319/236 265/323/236 266/325/236
f 259/303/237 273/324/237 274/326/237
f 252/305/238 266/325/238 267/327/238
f 260/304/239 274/326/239 275/328/239
f 253/306/240 267/327/240 268/329/240
f 246/307/241 73/105/241 261/330/241
f 80/107/242 260/304/242 275/328/242
f 254/308/243 268/329/243 269/331/243
f 246/307/244 262/332/244 247/309/244
f 255/310/245 269/331/245 270/333/245
f 248/311/246 262/332/246 263/334/246
f 256/312/247 270/333/247 271/335/247
f 249/313/248 263/334/248 264/336/248
f 261/330/249 73/105/249 276/337/249
f 80/107/250 275/328/250 290/338/250
f 269/331/251 283/339/251 284/340/251
f 261/330/252 277/341/252 262/332/252
f 270/333/253 284/340/253 285/342/253
f 263/334/254 277/341/254 278/343/254
f 271/335/255 285/342/255 286/344/255
f 264/336/256 278/343/256 279/345/256
f 272/321/257 286/346/257 287/347/257
f 265/348/258 279/345/258 280/349/258
f 273/324/259 287/347/259 288/350/259
f 266/325/260 280/351/260 281/352/260
f 274/326/261 288/350/261 289/353/261
f 267/327/262 281/352/262 282/354/262
f 275/328/263 289/353/263 290/338/263
f 268/329/264 282/354/264 283/339/264
f 280/355/265 294/356/265 295/357/265
f 288/350/266 302/358/266 303/359/266
f 281/360/267 295/357/267 296/361/267
f 289/353/268 303/359/268 304/362/268
f 282/363/269 296/361/269 297/364/269
f 290/338/270 304/362/270 305/365/270
f 283/366/271 297/364/271 298/367/271
f 276/337/272 73/105/272 291/368/272
f 80/107/273 290/338/273 305/365/273
f 284/369/274 298/367/274 299/370/274
f 276/337/275 292/371/275 277/341/275
f 285/372/276 299/370/276 300/373/276
f 278/343/277 292/371/277 293/374/277
f 286/375/278 300/373/278 301/376/278
f 279/345/279 293/374/279 294/377/279
f 287/347/280 301/378/280 302/358/280
f 299/370/281 313/379/281 314/380/281
f 291/368/282 307/381/282 292/371/282
f 300/373/283 314/380/283 315/382/283
f 292/371/284 308/383/284 293/374/284
f 301/376/285 315/382/285 316/384/285
f 294/377/286 308/383/286 309/385/286
f 302/358/287 316/386/287 317/387/287
f 295/357/288 309/388/288 310/389/288
f 303/359/289 317/387/289 318/390/289
f 296/361/290 310/389/290 311/391/290
f 304/362/291 318/390/291 319/392/291
f 297/364/292 311/391/292 312/393/292
f 305/365/293 319/392/293 320/394/293
f 298/367/294 312/393/294 313/379/294
f 291/368/295 73/105/295 306/395/295
f 80/107/296 305/365/296 320/394/296
f 318/390/297 332/396/297 333/397/297
f 311/391/298 325/398/298 326/399/298
f 319/392/299 333/397/299 334/400/299
f 312/393/300 326/399/300 327/401/300
f 320/394/301 334/400/301 335/402/301
f 313/379/302 327/401/302 328/403/302
f 306/395/303 73/105/303 321/404/303
f 80/107/304 320/394/304 335/402/304
f 314/380/305 328/403/305 329/405/305
f 306/395/306 322/406/306 307/381/306
f 315/382/307 329/405/307 330/407/307
f 307/381/308 323/408/308 308/383/308
f 316/384/309 330/407/309 331/409/309
f 309/385/310 323/408/310 324/410/310
f 317/411/311 331/409/311 332/412/311
f 310/389/312 324/413/312 325/398/312
f 322/406/313 336/414/313 337/415/313
f 329/405/314 345/416/314 330/407/314
f 323/408/315 337/415/315 338/417/315
f 330/407/316 346/418/316 331/409/316
f 323/419/317 339/420/317 324/413/317
f 331/409/318 347/421/318 332/412/318
f 324/413/319 340/422/319 325/398/319
f 332/396/320 348/423/320 333/397/320
f 325/398/321 341/424/321 326/399/321
f 333/397/322 349/425/322 334/400/322
f 326/399/323 342/426/323 327/401/323
f 334/400/324 350/427/324 335/402/324
f 327/401/325 343/428/325 328/403/325
f 321/404/326 73/105/326 336/414/326
f 80/107/327 335/402/327 350/427/327
f 328/403/328 344/429/328 329/405/328
f 340/422/329 356/430/329 341/424/329
f 348/423/330 364/431/330 349/425/330
f 341/424/331 357/432/331 342/426/331
f 349/425/332 365/433/332 350/427/332
f 342/426/333 358/434/333 343/428/333
f 336/414/334 73/105/334 351/435/334
f 80/107/335 350/427/335 365/433/335
f 343/428/336 359/436/336 344/429/336
f 337/415/337 351/435/337 352/437/337
f 344/429/338 360/438/338 345/416/338
f 338/417/339 352/437/339 353/439/339
f 345/416/340 361/440/340 346/418/340
f 338/441/341 354/442/341 339/420/341
f 346/418/342 362/443/342 347/421/342
f 339/420/343 355/444/343 340/422/343
f 347/445/344 363/446/344 348/423/344
f 359/436/345 375/447/345 360/438/345
f 352/437/346 368/448/346 353/439/346
f 360/438/347 376/449/347 361/440/347
f 353/450/348 369/451/348 354/442/348
f 361/440/349 377/452/349 362/443/349
f 354/442/350 370/453/350 355/444/350
f 362/454/351 378/455/351 363/446/351
f 355/444/352 371/456/352 356/430/352
f 363/446/353 379/457/353 364/431/353
f 356/430/354 372/458/354 357/432/354
f 364/431/355 380/459/355 365/433/355
f 357/432/356 373/460/356 358/434/356
f 351/435/357 73/105/357 366/461/357
f 80/107/358 365/433/358 380/459/358
f 358/434/359 374/462/359 359/436/359
f 352/437/360 366/461/360 367/463/360
f 378/455/361 394/464/361 379/457/361
f 371/456/362 387/465/362 372/458/362
f 379/457/363 395/466/363 380/459/363
f 372/458/364 388/467/364 373/460/364
f 366/461/365 73/105/365 381/468/365
f 80/107/366 380/459/366 395/466/366
f 373/460/367 389/469/367 374/462/367
f 367/463/368 381/468/368 382/470/368
f 374/462/369 390/471/369 375/447/369
f 367/463/370 383/472/370 368/448/370
f 375/447/371 391/473/371 376/449/371
f 368/448/372 384/474/372 369/475/372
f 376/449/373 392/476/373 377/452/373
f 369/451/374 385/477/374 370/453/374
f 377/478/375 393/479/375 378/455/375
f 370/453/376 386/480/376 371/456/376
f 390/471/377 406/481/377 391/473/377
f 383/472/378 399/482/378 384/474/378
f 391/483/379 407/484/379 392/485/379
f 384/486/380 400/487/380 385/477/380
f 392/485/381 408/488/381 393/479/381
f 385/477/382 401/489/382 386/480/382
f 393/479/383 409/490/383 394/464/383
f 386/480/384 402/491/384 387/465/384
f 394/464/385 410/492/385 395/466/385
f 387/493/386 403/494/386 388/495/386
f 381/468/387 73/105/387 396/496/387
f 80/107/388 395/466/388 410/492/388
f 388/495/389 404/497/389 389/498/389
f 382/470/390 396/496/390 397/499/390
f 389/469/391 405/500/391 390/471/391
f 382/470/392 398/501/392 383/472/392
f 409/490/393 425/502/393 410/492/393
f 402/503/394 418/504/394 403/494/394
f 396/496/395 73/105/395 411/505/395
f 80/107/396 410/492/396 425/502/396
f 403/494/397 419/506/397 404/497/397
f 396/496/398 412/507/398 397/499/398
f 404/497/399 420/508/399 405/509/399
f 397/499/400 413/510/400 398/501/400
f 405/509/401 421/511/401 406/512/401
f 398/513/402 414/514/402 399/515/402
f 406/512/403 422/516/403 407/517/403
f 399/515/404 415/518/404 400/519/404
f 407/484/405 423/520/405 408/488/405
f 400/519/406 416/521/406 401/522/406
f 408/488/407 424/523/407 409/490/407
f 401/522/408 417/524/408 402/503/408
f 413/525/409 429/526/409 414/514/409
f 421/511/410 437/527/410 422/516/410
f 414/514/411 430/528/411 415/518/411
f 422/529/412 438/530/412 423/520/412
f 415/518/413 431/531/413 416/521/413
f 423/520/414 439/532/414 424/523/414
f 416/521/415 432/533/415 417/524/415
f 424/523/416 440/534/416 425/502/416
f 417/524/417 433/535/417 418/504/417
f 411/505/418 73/105/418 426/536/418
f 80/107/419 425/502/419 440/534/419
f 418/504/420 434/537/420 419/506/420
f 411/505/421 427/538/421 412/507/421
f 419/506/422 435/539/422 420/508/422
f 412/507/423 428/540/423 413/510/423
f 420/508/424 436/541/424 421/511/424
f 432/533/425 448/542/425 433/535/425
f 426/536/426 73/105/426 441/543/426
f 80/107/427 440/534/427 455/544/427
f 433/535/428 449/545/428 434/537/428
f 426/536/429 442/546/429 427/538/429
f 434/537/430 450/547/430 435/539/430
f 427/538/431 443/548/431 428/540/431
f 435/539/432 451/549/432 436/541/432
f 428/550/433 444/551/433 429/526/433
f 436/541/434 452/552/434 437/527/434
f 429/526/435 445/553/435 430/528/435
f 437/554/436 453/555/436 438/530/436
f 430/528/437 446/556/437 431/531/437
f 438/530/438 454/557/438 439/532/438
f 431/531/439 447/558/439 432/533/439
f 439/532/440 455/544/440 440/534/440
f 451/549/441 467/559/441 452/552/441
f 444/551/442 460/560/442 445/553/442
f 452/561/443 468/562/443 453/555/443
f 445/553/444 461/563/444 446/556/444
f 453/555/445 469/564/445 454/557/445
f 446/556/446 462/565/446 447/558/446
f 454/557/447 470/566/447 455/544/447
f 447/558/448 463/567/448 448/542/448
f 441/543/449 73/105/449 456/568/449
f 80/107/450 455/544/450 470/566/450
f 448/542/451 464/569/451 449/545/451
f 441/543/452 457/570/452 442/546/452
f 449/545/453 465/571/453 450/547/453
f 442/546/454 458/572/454 443/548/454
f 450/547/455 466/573/455 451/549/455
f 443/574/456 459/575/456 444/551/456
f 456/568/457 73/105/457 471/576/457
f 80/107/458 470/566/458 485/577/458
f 463/567/459 479/578/459 464/569/459
f 456/568/460 472/579/460 457/570/460
f 464/569/461 480/580/461 465/571/461
f 457/570/462 473/581/462 458/572/462
f 465/571/463 481/582/463 466/573/463
f 458/583/464 474/584/464 459/575/464
f 466/573/465 482/585/465 467/559/465
f 459/575/466 475/586/466 460/560/466
f 467/587/467 483/588/467 468/562/467
f 460/560/468 476/589/468 461/563/468
f 468/562/469 484/590/469 469/564/469
f 461/563/470 477/591/470 462/565/470
f 469/564/471 485/577/471 470/566/471
f 462/565/472 478/592/472 463/567/472
f 474/584/473 490/593/473 475/586/473
f 482/594/474 498/595/474 483/588/474
f 475/586/475 491/596/475 476/589/475
f 483/588/476 499/597/476 484/590/476
f 476/589/477 492/598/477 477/591/477
f 485/577/478 499/597/478 500/599/478
f 477/591/479 493/600/479 478/592/479
f 471/576/480 73/105/480 486/601/480
f 80/107/481 485/577/481 500/599/481
f 478/592/482 494/602/482 479/578/482
f 471/576/483 487/603/483 472/579/483
f 479/578/484 495/604/484 480/580/484
f 472/579/485 488/605/485 473/581/485
f 480/580/486 496/606/486 481/582/486
f 473/607/487 489/608/487 474/584/487
f 481/582/488 497/609/488 482/585/488
f 493/600/489 509/610/489 494/602/489
f 486/601/490 502/611/490 487/603/490
f 494/602/491 510/612/491 495/604/491
f 487/603/492 503/613/492 488/605/492
f 495/604/493 511/614/493 496/606/493
f 488/605/494 504/615/494 489/616/494
f 496/606/495 512/617/495 497/609/495
f 489/608/496 505/618/496 490/593/496
f 497/619/497 513/620/497 498/595/497
f 490/593/498 506/621/498 491/596/498
f 498/595/499 514/622/499 499/597/499
f 491/596/500 507/623/500 492/598/500
f 500/599/501 514/622/501 515/624/501
f 492/598/502 508/625/502 493/600/502
f 486/601/503 73/105/503 501/626/503
f 80/107/504 500/599/504 515/624/504
f 512/627/505 528/628/505 513/620/505
f 505/618/506 521/629/506 506/621/506
f 513/620/507 529/630/507 514/622/507
f 506/621/508 522/631/508 507/623/508
f 515/624/509 529/630/509 530/632/509
f 507/623/510 523/633/510 508/625/510
f 501/626/511 73/105/511 516/634/511
f 80/107/512 515/624/512 530/632/512
f 508/635/513 524/636/513 509/637/513
f 501/626/514 517/638/514 502/611/514
f 509/637/515 525/639/515 510/640/515
f 502/611/516 518/641/516 503/613/516
f 510/640/517 526/642/517 511/643/517
f 503/613/518 519/644/518 504/615/518
f 511/643/519 527/645/519 512/646/519
f 504/647/520 520/648/520 505/618/520
f 524/636/521 540/649/521 525/639/521
f 517/638/522 533/650/522 518/641/522
f 525/639/523 541/651/523 526/642/523
f 518/641/524 534/652/524 519/644/524
f 526/642/525 542/653/525 527/645/525
f 519/654/526 535/655/526 520/656/526
f 527/657/527 543/658/527 528/628/527
f 520/656/528 536/659/528 521/660/528
f 528/628/529 544/661/529 529/630/529
f 521/660/530 537/662/530 522/663/530
f 530/632/531 544/661/531 545/664/531
f 522/663/532 538/665/532 523/666/532
f 516/634/533 73/105/533 531/667/533
f 80/107/534 530/632/534 545/664/534
f 523/666/535 539/668/535 524/636/535
f 516/634/536 532/669/536 517/638/536
f 544/661/537 552/670/537 553/95/537
f 536/659/538 76/99/538 537/662/538
f 545/664/539 553/95/539 554/100/539
f 537/662/540 77/103/540 538/665/540
f 531/667/541 73/105/541 546/104/541
f 80/107/542 545/664/542 554/100/542
f 538/665/543 78/109/543 539/668/543
f 531/667/544 547/111/544 532/669/544
f 539/668/545 550/113/545 540/649/545
f 532/669/546 74/115/546 533/650/546
f 540/649/547 79/117/547 541/651/547
f 533/650/548 548/119/548 534/652/548
f 541/651/549 551/121/549 542/653/549
f 534/671/550 75/92/550 535/655/550
f 542/653/551 552/125/551 543/672/551
f 535/655/552 549/94/552 536/659/552
f 556/673/553 557/674/553 555/675/553
f 558/676/554 561/677/554 557/678/554
f 561/679/555 560/680/555 559/681/555
f 559/682/556 556/683/556 555/684/556
f 561/685/557 555/686/557 557/687/557
f 562/688/558 556/689/558 560/690/558
f 565/691/559 572/692/559 788/693/559
f 788/693/560 573/694/560 566/695/560
f 785/696/561 563/697/561 567/698/561
f 785/696/562 568/699/562 786/700/562
f 786/700/563 569/701/563 564/702/563
f 564/703/564 570/704/564 787/705/564
f 787/705/565 571/706/565 565/691/565
f 570/704/566 578/707/566 571/706/566
f 571/706/567 579/708/567 572/692/567
f 572/692/568 580/709/568 573/694/568
f 567/698/569 563/697/569 574/710/569
f 567/698/570 575/711/570 568/699/570
f 568/699/571 576/712/571 569/701/571
f 569/713/572 577/714/572 570/704/572
f 574/710/573 582/715/573 575/711/573
f 575/711/574 583/716/574 576/712/574
f 576/717/575 584/718/575 577/714/575
f 577/714/576 585/719/576 578/707/576
f 578/707/577 586/720/577 579/708/577
f 579/708/578 587/721/578 580/709/578
f 574/710/579 563/697/579 581/722/579
f 585/719/580 593/723/580 586/720/580
f 586/720/581 594/724/581 587/721/581
f 581/722/582 563/697/582 588/725/582
f 581/722/583 589/726/583 582/715/583
f 582/715/584 590/727/584 583/716/584
f 583/728/585 591/729/585 584/718/585
f 584/718/586 592/730/586 585/719/586
f 588/725/587 596/731/587 589/726/587
f 589/726/588 597/732/588 590/727/588
f 590/733/589 598/734/589 591/729/589
f 591/729/590 599/735/590 592/730/590
f 593/723/591 599/735/591 600/736/591
f 594/737/592 600/738/592 601/739/592
f 588/725/593 563/697/593 595/740/593
f 600/738/594 606/741/594 607/742/594
f 601/739/595 607/742/595 608/743/595
f 595/740/596 563/697/596 602/744/596
f 596/731/597 602/744/597 603/745/597
f 597/732/598 603/745/598 604/746/598
f 598/734/599 604/747/599 605/748/599
f 599/735/600 605/748/600 606/749/600
f 604/746/601 610/750/601 611/751/601
f 605/748/602 611/752/602 612/753/602
f 606/749/603 612/753/603 613/754/603
f 607/742/604 613/755/604 614/756/604
f 608/743/605 614/756/605 615/757/605
f 602/744/606 563/697/606 609/758/606
f 603/745/607 609/758/607 610/750/607
f 615/757/608 621/759/608 622/760/608
f 609/758/609 563/697/609 616/761/609
f 610/750/610 616/761/610 617/762/610
f 611/751/611 617/762/611 618/763/611
f 612/764/612 618/763/612 619/765/612
f 613/754/613 619/766/613 620/767/613
f 614/756/614 620/768/614 621/759/614
f 618/763/615 624/769/615 625/770/615
f 619/765/616 625/770/616 626/771/616
f 620/772/617 626/773/617 627/774/617
f 621/759/618 627/775/618 628/776/618
f 622/760/619 628/776/619 629/777/619
f 616/761/620 563/697/620 623/778/620
f 617/762/621 623/778/621 624/769/621
f 629/777/622 635/779/622 636/780/622
f 623/778/623 563/697/623 630/781/623
f 624/769/624 630/781/624 631/782/624
f 625/770/625 631/782/625 632/783/625
f 626/773/626 632/784/626 633/785/626
f 627/774/627 633/785/627 634/786/627
f 628/776/628 634/787/628 635/779/628
f 633/785/629 639/788/629 640/789/629
f 634/786/630 640/789/630 641/790/630
f 635/779/631 641/791/631 642/792/631
f 636/780/632 642/792/632 643/793/632
f 630/781/633 563/697/633 637/794/633
f 631/782/634 637/794/634 638/795/634
f 632/783/635 638/795/635 639/796/635
f 637/794/636 563/697/636 644/797/636
f 638/795/637 644/797/637 645/798/637
f 639/796/638 645/798/638 646/799/638
f 640/789/639 646/800/639 647/801/639
f 641/790/640 647/801/640 648/802/640
f 641/790/641 649/803/641 642/804/641
f 642/804/642 650/805/642 643/806/642
f 648/802/643 654/807/643 655/808/643
f 649/803/644 655/808/644 656/809/644
f 650/805/645 656/809/645 657/810/645
f 644/797/646 563/697/646 651/811/646
f 645/798/647 651/811/647 652/812/647
f 646/799/648 652/812/648 653/813/648
f 647/801/649 653/814/649 654/807/649
f 651/811/650 563/697/650 658/815/650
f 652/812/651 658/815/651 659/816/651
f 653/813/652 659/816/652 660/817/652
f 654/807/653 660/818/653 661/819/653
f 655/808/654 661/819/654 662/820/654
f 656/809/655 662/820/655 663/821/655
f 657/810/656 663/821/656 664/822/656
f 662/820/657 668/823/657 669/824/657
f 663/821/658 669/824/658 670/825/658
f 664/822/659 670/825/659 671/826/659
f 658/815/660 563/697/660 665/827/660
f 659/816/661 665/827/661 666/828/661
f 660/817/662 666/828/662 667/829/662
f 661/819/663 667/830/663 668/823/663
f 666/828/664 672/831/664 673/832/664
f 667/829/665 673/832/665 674/833/665
f 668/823/666 674/834/666 675/835/666
f 669/824/667 675/835/667 676/836/667
f 670/825/668 676/836/668 677/837/668
f 671/826/669 677/837/669 678/838/669
f 665/827/670 563/697/670 672/831/670
f 677/837/671 683/839/671 684/840/671
f 678/838/672 684/840/672 685/841/672
f 672/831/673 563/697/673 679/842/673
f 672/831/674 680/843/674 673/832/674
f 674/833/675 680/843/675 681/844/675
f 675/835/676 681/845/676 682/846/676
f 676/836/677 682/846/677 683/839/677
f 679/842/678 687/847/678 680/843/678
f 681/844/679 687/847/679 688/848/679
f 682/849/680 688/850/680 689/851/680
f 683/852/681 689/851/681 690/853/681
f 684/854/682 690/853/682 691/855/682
f 685/856/683 691/855/683 692/857/683
f 679/842/684 563/697/684 686/858/684
f 691/855/685 697/859/685 698/860/685
f 692/857/686 698/860/686 699/861/686
f 686/858/687 563/697/687 693/862/687
f 686/858/688 694/863/688 687/847/688
f 688/848/689 694/863/689 695/864/689
f 689/851/690 695/865/690 696/866/690
f 690/853/691 696/866/691 697/859/691
f 694/863/692 702/867/692 695/864/692
f 696/866/693 702/868/693 703/869/693
f 697/859/694 703/869/694 704/870/694
f 698/860/695 704/870/695 705/871/695
f 699/861/696 705/871/696 706/872/696
f 693/862/697 563/697/697 700/873/697
f 693/862/698 701/874/698 694/863/698
f 706/872/699 712/875/699 713/876/699
f 700/873/700 563/697/700 707/877/700
f 700/873/701 708/878/701 701/874/701
f 701/874/702 709/879/702 702/867/702
f 703/869/703 709/880/703 710/881/703
f 704/870/704 710/881/704 711/882/704
f 705/871/705 711/882/705 712/875/705
f 709/880/706 717/883/706 710/881/706
f 710/881/707 718/884/707 711/882/707
f 711/882/708 719/885/708 712/875/708
f 712/875/709 720/886/709 713/876/709
f 707/877/710 563/697/710 714/887/710
f 708/878/711 714/887/711 715/888/711
f 709/879/712 715/888/712 716/889/712
f 714/887/713 563/697/713 721/890/713
f 715/888/714 721/890/714 722/891/714
f 716/889/715 722/891/715 723/892/715
f 716/893/716 724/894/716 717/883/716
f 717/883/717 725/895/717 718/884/717
f 718/884/718 726/896/718 719/885/718
f 719/885/719 727/897/719 720/886/719
f 723/898/720 731/899/720 724/894/720
f 724/894/721 732/900/721 725/895/721
f 725/895/722 733/901/722 726/896/722
f 726/896/723 734/902/723 727/897/723
f 721/890/724 563/697/724 728/903/724
f 722/891/725 728/903/725 729/904/725
f 722/891/726 730/905/726 723/892/726
f 728/903/727 563/697/727 735/906/727
f 729/904/728 735/906/728 736/907/728
f 729/904/729 737/908/729 730/905/729
f 730/909/730 738/910/730 731/911/730
f 731/911/731 739/912/731 732/913/731
f 732/913/732 740/914/732 733/915/732
f 733/915/733 741/916/733 734/917/733
f 738/910/734 746/918/734 739/912/734
f 739/912/735 747/919/735 740/914/735
f 740/914/736 748/920/736 741/916/736
f 735/906/737 563/697/737 742/921/737
f 736/907/738 742/921/738 743/922/738
f 736/907/739 744/923/739 737/908/739
f 737/924/740 745/925/740 738/910/740
f 742/921/741 563/697/741 749/926/741
f 742/921/742 750/927/742 743/922/742
f 743/922/743 751/928/743 744/923/743
f 744/929/744 752/930/744 745/925/744
f 745/925/745 753/931/745 746/918/745
f 746/918/746 754/932/746 747/919/746
f 747/919/747 755/933/747 748/920/747
f 752/930/748 760/934/748 753/931/748
f 753/931/749 761/935/749 754/932/749
f 754/932/750 762/936/750 755/933/750
f 749/926/751 563/697/751 756/937/751
f 749/926/752 757/938/752 750/927/752
f 750/927/753 758/939/753 751/928/753
f 751/940/754 759/941/754 752/930/754
f 756/937/755 764/942/755 757/938/755
f 757/938/756 765/943/756 758/939/756
f 758/944/757 766/945/757 759/941/757
f 759/941/758 767/946/758 760/934/758
f 760/934/759 768/947/759 761/935/759
f 761/935/760 769/948/760 762/936/760
f 756/937/761 563/697/761 763/949/761
f 767/946/762 775/950/762 768/947/762
f 768/947/763 776/951/763 769/948/763
f 763/949/764 563/697/764 770/952/764
f 763/949/765 771/953/765 764/942/765
f 764/942/766 772/954/766 765/943/766
f 765/955/767 773/956/767 766/945/767
f 766/945/768 774/957/768 767/946/768
f 771/953/769 780/958/769 772/954/769
f 772/959/770 781/960/770 773/956/770
f 773/956/771 782/961/771 774/957/771
f 774/957/772 783/962/772 775/950/772
f 775/950/773 784/963/773 776/951/773
f 770/952/774 563/697/774 778/964/774
f 770/952/775 779/965/775 771/953/775
f 783/966/776 566/695/776 784/967/776
f 699/968/40 594/969/40 650/970/40
f 778/964/777 563/697/777 785/696/777
f 778/964/778 786/700/778 779/965/778
f 779/965/779 564/702/779 780/958/779
f 780/971/780 787/705/780 781/972/780
f 781/972/781 565/691/781 782/973/781
f 782/973/782 788/693/782 783/966/782
f 790/974/553 791/975/553 789/976/553
f 792/977/783 795/978/783 791/979/783
f 795/980/555 794/981/555 793/982/555
f 793/983/784 790/984/784 789/985/784
f 791/986/785 793/987/785 789/988/785
f 796/989/37 790/990/37 794/991/37
f 2/1/1 4/992/1 3/2/1
f 4/4/2 8/993/2 7/5/2
f 7/7/3 8/994/3 6/8/3
f 6/10/4 2/995/4 1/11/4
f 7/13/5 5/996/5 1/14/5
f 4/16/6 2/997/6 6/17/6
f 10/19/7 12/998/7 11/20/7
f 11/20/8 12/998/8 14/22/8
f 13/23/9 14/22/9 16/24/9
f 15/26/10 16/999/10 18/27/10
f 17/28/11 18/27/11 20/29/11
f 19/30/12 20/29/12 22/31/12
f 21/32/13 22/31/13 24/33/13
f 23/34/14 24/33/14 26/35/14
f 25/36/15 26/35/15 28/37/15
f 27/38/16 28/37/16 30/39/16
f 29/40/17 30/39/17 32/41/17
f 31/42/18 32/41/18 34/43/18
f 33/45/19 34/1000/19 36/46/19
f 35/47/20 36/46/20 38/48/20
f 37/49/21 38/48/21 40/50/21
f 39/51/22 40/50/22 42/52/22
f 41/53/23 42/52/23 44/54/23
f 44/54/24 46/57/24 45/56/24
f 46/57/25 48/59/25 47/58/25
f 48/59/26 50/1001/26 49/60/26
f 50/61/27 52/64/27 51/62/27
f 52/64/28 54/66/28 53/65/28
f 54/66/29 56/68/29 55/67/29
f 56/68/30 58/70/30 57/69/30
f 58/70/31 60/72/31 59/71/31
f 60/72/32 62/74/32 61/73/32
f 62/74/33 64/1002/33 63/75/33
f 64/76/34 66/79/34 65/77/34
f 66/79/35 68/81/35 67/80/35
f 68/81/36 70/86/36 69/82/36
f 14/1003/37 12/1004/37 42/1005/37
f 12/1004/37 10/1006/37 44/1007/37
f 44/1007/37 10/1006/37 46/1008/37
f 10/1006/37 72/1009/37 46/1008/37
f 72/1009/37 70/1010/37 48/1011/37
f 46/1008/37 72/1009/37 48/1011/37
f 70/1010/37 68/1012/37 50/1013/37
f 68/1012/37 66/1014/37 52/1015/37
f 52/1015/37 66/1014/37 54/1016/37
f 66/1014/37 64/1017/37 54/1016/37
f 64/1017/37 62/1018/37 56/1019/37
f 54/1016/37 64/1017/37 56/1019/37
f 62/1018/37 60/1020/37 58/1021/37
f 58/1021/37 56/1019/37 62/1018/37
f 52/1015/37 50/1013/37 68/1012/37
f 50/1013/37 48/1011/37 70/1010/37
f 44/1007/37 42/1005/37 12/1004/37
f 42/1005/37 40/1022/37 14/1003/37
f 40/1022/37 38/85/37 16/84/37
f 14/1003/37 40/1022/37 16/84/37
f 38/85/37 36/1023/37 18/83/37
f 36/1023/37 34/1024/37 20/1025/37
f 20/1025/37 34/1024/37 22/1026/37
f 34/1024/37 32/1027/37 22/1026/37
f 32/1027/37 30/1028/37 24/1029/37
f 22/1026/37 32/1027/37 24/1029/37
f 30/1028/37 28/1030/37 26/1031/37
f 26/1031/37 24/1029/37 30/1028/37
f 20/1025/37 18/83/37 36/1023/37
f 70/86/38 72/88/38 71/87/38
f 72/88/39 10/19/39 9/21/39
f 71/90/40 9/1032/40 45/1033/40
f 9/1032/40 11/1034/40 43/1035/40
f 11/1034/40 13/1036/40 41/1037/40
f 13/1036/40 15/1038/40 39/1039/40
f 15/1038/40 17/1040/40 37/1041/40
f 17/1040/40 19/1042/40 35/1043/40
f 19/1042/40 21/1044/40 33/1045/40
f 21/1044/40 23/1046/40 31/1047/40
f 33/1045/40 21/1044/40 31/1047/40
f 23/1046/40 25/1048/40 29/1049/40
f 25/1048/40 27/1050/40 29/1049/40
f 29/1049/40 31/1047/40 23/1046/40
f 33/1045/40 35/1043/40 19/1042/40
f 35/1043/40 37/1041/40 17/1040/40
f 37/1041/40 39/1039/40 15/1038/40
f 39/1039/40 41/1037/40 13/1036/40
f 41/1037/40 43/1035/40 11/1034/40
f 43/1035/40 45/1033/40 9/1032/40
f 45/1033/40 47/91/40 71/90/40
f 47/91/40 49/1051/40 69/89/40
f 49/1051/40 51/1052/40 67/1053/40
f 51/1052/40 53/1054/40 65/1055/40
f 53/1054/40 55/1056/40 63/1057/40
f 65/1055/40 53/1054/40 63/1057/40
f 55/1056/40 57/1058/40 61/1059/40
f 57/1058/40 59/1060/40 61/1059/40
f 61/1059/40 63/1057/40 55/1056/40
f 65/1055/40 67/1053/40 51/1052/40
f 67/1053/40 69/89/40 49/1051/40
f 75/92/41 85/123/41 86/93/41
f 553/95/42 552/670/42 93/96/42
f 549/94/43 86/93/43 87/98/43
f 554/100/44 553/95/44 94/97/44
f 76/99/786 87/98/786 88/102/786
f 77/103/48 88/102/48 89/108/48
f 546/104/49 81/106/49 82/110/49
f 78/109/50 89/108/50 90/112/50
f 547/111/51 82/110/51 83/114/51
f 550/113/52 90/112/52 91/116/52
f 74/115/53 83/114/53 84/118/53
f 79/117/54 91/116/54 92/120/54
f 548/122/55 84/1061/55 85/123/55
f 551/121/56 92/120/56 93/124/56
f 92/120/57 91/116/57 106/126/57
f 85/123/58 84/1061/58 99/128/58
f 93/124/59 92/120/59 107/127/59
f 86/93/60 85/123/60 100/129/60
f 93/96/61 108/154/61 109/132/61
f 87/98/62 86/93/62 101/131/62
f 94/97/63 109/132/63 110/134/63
f 88/102/64 87/98/64 102/133/64
f 89/108/67 88/102/67 103/135/67
f 82/110/68 81/106/68 96/136/68
f 90/112/69 89/108/69 104/137/69
f 83/114/70 82/110/70 97/138/70
f 91/116/71 90/112/71 105/139/71
f 84/118/72 83/114/72 98/140/72
f 104/137/74 103/135/74 118/143/74
f 97/138/75 96/136/75 111/145/75
f 105/139/76 104/137/76 119/144/76
f 98/140/787 97/138/787 112/146/787
f 106/126/78 105/139/78 120/147/78
f 99/141/79 98/140/79 113/148/79
f 107/127/80 106/126/80 121/149/80
f 100/129/81 99/128/81 114/152/81
f 108/154/82 107/1062/82 122/155/82
f 101/131/83 100/129/83 115/153/83
f 108/154/788 123/156/788 124/158/788
f 102/133/85 101/131/85 116/157/85
f 109/132/86 124/158/86 125/142/86
f 103/135/87 102/133/87 117/159/87
f 123/156/89 122/155/89 137/160/89
f 116/157/90 115/153/90 130/162/90
f 124/158/91 123/156/91 138/161/91
f 117/159/92 116/157/92 131/163/92
f 124/158/93 139/164/93 140/166/93
f 118/143/94 117/159/94 132/165/94
f 119/144/97 118/143/97 133/167/97
f 112/146/789 111/145/789 126/168/789
f 120/147/99 119/144/99 134/169/99
f 113/148/100 112/146/100 127/170/100
f 121/149/101 120/147/101 135/171/101
f 114/150/102 113/148/102 128/172/102
f 122/151/103 121/149/103 136/173/103
f 115/176/104 114/150/104 129/174/104
f 127/170/105 126/168/105 141/178/105
f 135/171/106 134/169/106 149/180/106
f 128/172/107 127/170/107 142/179/107
f 136/173/108 135/171/108 150/181/108
f 129/174/109 128/172/109 143/182/109
f 137/175/110 136/173/110 151/183/110
f 130/177/111 129/174/111 144/184/111
f 138/161/112 137/160/112 152/187/112
f 131/163/113 130/162/113 145/189/113
f 139/164/114 138/161/114 153/188/114
f 132/165/115 131/163/115 146/190/115
f 139/164/116 154/191/116 155/193/116
f 133/167/117 132/165/117 147/192/117
f 134/169/120 133/167/120 148/194/120
f 146/195/121 145/186/121 160/196/121
f 154/191/122 153/188/122 168/198/122
f 147/192/123 146/190/123 161/200/123
f 154/191/124 169/199/124 170/202/124
f 148/194/125 147/192/125 162/201/125
f 149/180/128 148/194/128 163/203/128
f 142/179/790 141/178/790 156/204/790
f 150/181/130 149/180/130 164/205/130
f 143/182/791 142/179/791 157/206/791
f 151/183/132 150/181/132 165/207/132
f 144/184/133 143/182/133 158/208/133
f 152/187/134 151/1063/134 166/211/134
f 145/186/135 144/184/135 159/210/135
f 153/188/136 152/187/136 167/212/136
f 165/213/137 164/233/137 179/214/137
f 158/208/138 157/206/138 172/216/138
f 166/211/139 165/1064/139 180/218/139
f 159/210/140 158/208/140 173/217/140
f 167/212/141 166/211/141 181/219/141
f 160/196/142 159/210/142 174/220/142
f 168/198/143 167/212/143 182/221/143
f 161/197/144 160/196/144 175/222/144
f 169/199/145 168/198/145 183/223/145
f 162/226/146 161/1065/146 176/227/146
f 170/202/147 169/199/147 184/225/147
f 163/230/148 162/226/148 177/228/148
f 164/233/151 163/230/151 178/231/151
f 157/206/152 156/204/152 171/232/152
f 184/225/153 183/223/153 198/234/153
f 177/228/154 176/227/154 191/236/154
f 185/229/155 184/225/155 199/235/155
f 178/231/156 177/228/156 192/237/156
f 179/214/159 178/231/159 193/239/159
f 172/216/160 171/232/160 186/240/160
f 180/215/161 179/214/161 194/241/161
f 173/217/162 172/216/162 187/242/162
f 181/245/163 180/215/163 195/243/163
f 174/220/164 173/217/164 188/244/164
f 182/221/165 181/219/165 196/248/165
f 175/222/166 174/220/166 189/247/166
f 183/223/167 182/221/167 197/249/167
f 176/227/168 175/1066/168 190/251/168
f 188/244/169 187/242/169 202/252/169
f 196/246/170 195/243/170 210/254/170
f 189/247/171 188/244/171 203/253/171
f 197/249/172 196/248/172 211/257/172
f 190/250/173 189/247/173 204/256/173
f 198/234/174 197/249/174 212/258/174
f 191/236/175 190/251/175 205/261/175
f 199/235/176 198/234/176 213/260/176
f 192/237/177 191/236/177 206/262/177
f 200/238/178 199/235/178 214/263/178
f 193/239/792 192/237/792 207/264/792
f 194/241/793 193/239/793 208/266/793
f 187/242/183 186/240/183 201/267/183
f 195/243/184 194/241/184 209/268/184
f 207/264/185 206/262/185 221/269/185
f 215/265/186 214/263/186 229/271/186
f 208/266/187 207/264/187 222/270/187
f 209/268/190 208/266/190 223/273/190
f 202/252/191 201/267/191 216/274/191
f 210/254/192 209/268/192 224/275/192
f 203/253/193 202/252/193 217/276/193
f 211/255/194 210/254/194 225/277/194
f 204/256/195 203/253/195 218/278/195
f 212/258/196 211/257/196 226/281/196
f 205/261/197 204/1067/197 219/283/197
f 213/260/198 212/258/198 227/282/198
f 206/262/199 205/261/199 220/284/199
f 214/263/200 213/260/200 228/285/200
f 226/279/201 225/277/201 240/286/201
f 219/280/202 218/278/202 233/288/202
f 227/282/203 226/281/203 241/290/203
f 220/284/204 219/283/204 234/292/204
f 228/285/205 227/282/205 242/291/205
f 221/269/206 220/284/206 235/293/206
f 229/271/794 228/285/794 243/294/794
f 222/270/208 221/269/208 236/295/208
f 230/272/209 229/271/209 244/296/209
f 223/273/210 222/270/210 237/297/210
f 224/275/213 223/273/213 238/299/213
f 217/276/795 216/274/795 231/300/795
f 225/277/215 224/275/215 239/301/215
f 218/278/796 217/276/796 232/302/796
f 245/298/797 244/296/797 259/303/797
f 238/299/218 237/297/218 252/305/218
f 239/301/221 238/299/221 253/306/221
f 231/300/222 246/307/222 247/309/222
f 240/286/223 239/301/223 254/308/223
f 233/288/224 232/302/224 247/309/224
f 241/287/225 240/286/225 255/310/225
f 234/289/226 233/288/226 248/311/226
f 242/291/227 241/290/227 256/314/227
f 235/293/228 234/292/228 249/316/228
f 243/294/229 242/291/229 257/315/229
f 236/295/230 235/293/230 250/317/230
f 244/296/231 243/294/231 258/318/231
f 237/297/232 236/295/232 251/319/232
f 257/315/233 256/314/233 271/320/233
f 250/317/234 249/316/234 264/322/234
f 258/318/235 257/315/235 272/321/235
f 251/319/236 250/317/236 265/323/236
f 259/303/237 258/318/237 273/324/237
f 252/305/238 251/319/238 266/325/238
f 260/304/239 259/303/239 274/326/239
f 253/306/240 252/305/240 267/327/240
f 254/308/243 253/306/243 268/329/243
f 246/307/798 261/330/798 262/332/798
f 255/310/245 254/308/245 269/331/245
f 248/311/246 247/309/246 262/332/246
f 256/312/247 255/310/247 270/333/247
f 249/313/248 248/311/248 263/334/248
f 269/331/251 268/329/251 283/339/251
f 261/330/799 276/337/799 277/341/799
f 270/333/253 269/331/253 284/340/253
f 263/334/800 262/332/800 277/341/800
f 271/335/255 270/333/255 285/342/255
f 264/336/256 263/334/256 278/343/256
f 272/321/257 271/320/257 286/346/257
f 265/348/258 264/336/258 279/345/258
f 273/324/259 272/321/259 287/347/259
f 266/325/260 265/323/260 280/351/260
f 274/326/801 273/324/801 288/350/801
f 267/327/262 266/325/262 281/352/262
f 275/328/263 274/326/263 289/353/263
f 268/329/264 267/327/264 282/354/264
f 280/355/265 279/1068/265 294/356/265
f 288/350/266 287/347/266 302/358/266
f 281/360/267 280/355/267 295/357/267
f 289/353/268 288/350/268 303/359/268
f 282/363/269 281/360/269 296/361/269
f 290/338/270 289/353/270 304/362/270
f 283/366/271 282/363/271 297/364/271
f 284/369/274 283/366/274 298/367/274
f 276/337/275 291/368/275 292/371/275
f 285/372/276 284/369/276 299/370/276
f 278/343/277 277/341/277 292/371/277
f 286/375/278 285/372/278 300/373/278
f 279/345/279 278/343/279 293/374/279
f 287/347/280 286/346/280 301/378/280
f 299/370/281 298/367/281 313/379/281
f 291/368/802 306/395/802 307/381/802
f 300/373/283 299/370/283 314/380/283
f 292/371/284 307/381/284 308/383/284
f 301/376/285 300/373/285 315/382/285
f 294/377/286 293/374/286 308/383/286
f 302/358/287 301/378/287 316/386/287
f 295/357/288 294/356/288 309/388/288
f 303/359/289 302/358/289 317/387/289
f 296/361/290 295/357/290 310/389/290
f 304/362/291 303/359/291 318/390/291
f 297/364/292 296/361/292 311/391/292
f 305/365/293 304/362/293 319/392/293
f 298/367/294 297/364/294 312/393/294
f 318/390/297 317/387/297 332/396/297
f 311/391/298 310/389/298 325/398/298
f 319/392/299 318/390/299 333/397/299
f 312/393/300 311/391/300 326/399/300
f 320/394/301 319/392/301 334/400/301
f 313/379/302 312/393/302 327/401/302
f 314/380/803 313/379/803 328/403/803
f 306/395/306 321/404/306 322/406/306
f 315/382/307 314/380/307 329/405/307
f 307/381/308 322/406/308 323/408/308
f 316/384/309 315/382/309 330/407/309
f 309/385/310 308/383/310 323/408/310
f 317/411/311 316/384/311 331/409/311
f 310/389/312 309/388/312 324/413/312
f 322/406/804 321/404/804 336/414/804
f 329/405/314 344/429/314 345/416/314
f 323/408/315 322/406/315 337/415/315
f 330/407/316 345/416/316 346/418/316
f 323/419/317 338/441/317 339/420/317
f 331/409/318 346/418/318 347/421/318
f 324/413/319 339/420/319 340/422/319
f 332/396/320 347/445/320 348/423/320
f 325/398/321 340/422/321 341/424/321
f 333/397/322 348/423/322 349/425/322
f 326/399/323 341/424/323 342/426/323
f 334/400/324 349/425/324 350/427/324
f 327/401/325 342/426/325 343/428/325
f 328/403/328 343/428/328 344/429/328
f 340/422/329 355/444/329 356/430/329
f 348/423/805 363/446/805 364/431/805
f 341/424/331 356/430/331 357/432/331
f 349/425/332 364/431/332 365/433/332
f 342/426/333 357/432/333 358/434/333
f 343/428/336 358/434/336 359/436/336
f 337/415/806 336/414/806 351/435/806
f 344/429/338 359/436/338 360/438/338
f 338/417/339 337/415/339 352/437/339
f 345/416/340 360/438/340 361/440/340
f 338/441/341 353/450/341 354/442/341
f 346/418/342 361/440/342 362/443/342
f 339/420/343 354/442/343 355/444/343
f 347/445/344 362/454/344 363/446/344
f 359/436/345 374/462/345 375/447/345
f 352/437/346 367/463/346 368/448/346
f 360/438/347 375/447/347 376/449/347
f 353/450/348 368/1069/348 369/451/348
f 361/440/349 376/449/349 377/452/349
f 354/442/350 369/451/350 370/453/350
f 362/454/351 377/478/351 378/455/351
f 355/444/352 370/453/352 371/456/352
f 363/446/353 378/455/353 379/457/353
f 356/430/354 371/456/354 372/458/354
f 364/431/355 379/457/355 380/459/355
f 357/432/356 372/458/356 373/460/356
f 358/434/359 373/460/359 374/462/359
f 352/437/807 351/435/807 366/461/807
f 378/455/361 393/479/361 394/464/361
f 371/456/362 386/480/362 387/465/362
f 379/457/808 394/464/808 395/466/808
f 372/458/364 387/465/364 388/467/364
f 373/460/367 388/467/367 389/469/367
f 367/463/809 366/461/809 381/468/809
f 374/462/369 389/469/369 390/471/369
f 367/463/370 382/470/370 383/472/370
f 375/447/371 390/471/371 391/473/371
f 368/448/372 383/472/372 384/474/372
f 376/449/373 391/473/373 392/476/373
f 369/451/374 384/486/374 385/477/374
f 377/478/375 392/485/375 393/479/375
f 370/453/376 385/477/376 386/480/376
f 390/471/377 405/500/377 406/481/377
f 383/472/378 398/501/378 399/482/378
f 391/483/379 406/1070/379 407/484/379
f 384/486/380 399/1071/380 400/487/380
f 392/485/381 407/484/381 408/488/381
f 385/477/382 400/487/382 401/489/382
f 393/479/383 408/488/383 409/490/383
f 386/480/384 401/489/384 402/491/384
f 394/464/385 409/490/385 410/492/385
f 387/493/386 402/503/386 403/494/386
f 388/495/389 403/494/389 404/497/389
f 382/470/390 381/468/390 396/496/390
f 389/469/391 404/1072/391 405/500/391
f 382/470/392 397/499/392 398/501/392
f 409/490/393 424/523/393 425/502/393
f 402/503/394 417/524/394 418/504/394
f 403/494/397 418/504/397 419/506/397
f 396/496/398 411/505/398 412/507/398
f 404/497/399 419/506/399 420/508/399
f 397/499/400 412/507/400 413/510/400
f 405/509/401 420/508/401 421/511/401
f 398/513/402 413/525/402 414/514/402
f 406/512/403 421/511/403 422/516/403
f 399/515/404 414/514/404 415/518/404
f 407/484/405 422/529/405 423/520/405
f 400/519/406 415/518/406 416/521/406
f 408/488/407 423/520/407 424/523/407
f 401/522/408 416/521/408 417/524/408
f 413/525/409 428/550/409 429/526/409
f 421/511/410 436/541/410 437/527/410
f 414/514/411 429/526/411 430/528/411
f 422/529/412 437/554/412 438/530/412
f 415/518/413 430/528/413 431/531/413
f 423/520/414 438/530/414 439/532/414
f 416/521/415 431/531/415 432/533/415
f 424/523/416 439/532/416 440/534/416
f 417/524/417 432/533/417 433/535/417
f 418/504/420 433/535/420 434/537/420
f 411/505/421 426/536/421 427/538/421
f 419/506/422 434/537/422 435/539/422
f 412/507/423 427/538/423 428/540/423
f 420/508/424 435/539/424 436/541/424
f 432/533/810 447/558/810 448/542/810
f 433/535/428 448/542/428 449/545/428
f 426/536/811 441/543/811 442/546/811
f 434/537/430 449/545/430 450/547/430
f 427/538/431 442/546/431 443/548/431
f 435/539/432 450/547/432 451/549/432
f 428/550/433 443/574/433 444/551/433
f 436/541/434 451/549/434 452/552/434
f 429/526/435 444/551/435 445/553/435
f 437/554/436 452/561/436 453/555/436
f 430/528/437 445/553/437 446/556/437
f 438/530/438 453/555/438 454/557/438
f 431/531/439 446/556/439 447/558/439
f 439/532/440 454/557/440 455/544/440
f 451/549/441 466/573/441 467/559/441
f 444/551/442 459/575/442 460/560/442
f 452/561/443 467/587/443 468/562/443
f 445/553/444 460/560/444 461/563/444
f 453/555/445 468/562/445 469/564/445
f 446/556/446 461/563/446 462/565/446
f 454/557/447 469/564/447 470/566/447
f 447/558/448 462/565/448 463/567/448
f 448/542/451 463/567/451 464/569/451
f 441/543/452 456/568/452 457/570/452
f 449/545/453 464/569/453 465/571/453
f 442/546/454 457/570/454 458/572/454
f 450/547/455 465/571/455 466/573/455
f 443/574/456 458/583/456 459/575/456
f 463/567/459 478/592/459 479/578/459
f 456/568/460 471/576/460 472/579/460
f 464/569/461 479/578/461 480/580/461
f 457/570/462 472/579/462 473/581/462
f 465/571/463 480/580/463 481/582/463
f 458/583/464 473/607/464 474/584/464
f 466/573/465 481/582/465 482/585/465
f 459/575/466 474/584/466 475/586/466
f 467/587/467 482/594/467 483/588/467
f 460/560/468 475/586/468 476/589/468
f 468/562/812 483/588/812 484/590/812
f 461/563/470 476/589/470 477/591/470
f 469/564/471 484/590/471 485/577/471
f 462/565/472 477/591/472 478/592/472
f 474/584/473 489/608/473 490/593/473
f 482/594/474 497/619/474 498/595/474
f 475/586/475 490/593/475 491/596/475
f 483/588/476 498/595/476 499/597/476
f 476/589/477 491/596/477 492/598/477
f 485/577/478 484/590/478 499/597/478
f 477/591/479 492/598/479 493/600/479
f 478/592/482 493/600/482 494/602/482
f 471/576/483 486/601/483 487/603/483
f 479/578/484 494/602/484 495/604/484
f 472/579/485 487/603/485 488/605/485
f 480/580/486 495/604/486 496/606/486
f 473/607/487 488/1073/487 489/608/487
f 481/582/488 496/606/488 497/609/488
f 493/600/489 508/625/489 509/610/489
f 486/601/813 501/626/813 502/611/813
f 494/602/491 509/610/491 510/612/491
f 487/603/492 502/611/492 503/613/492
f 495/604/493 510/612/493 511/614/493
f 488/605/494 503/613/494 504/615/494
f 496/606/495 511/614/495 512/617/495
f 489/608/496 504/647/496 505/618/496
f 497/619/497 512/627/497 513/620/497
f 490/593/498 505/618/498 506/621/498
f 498/595/499 513/620/499 514/622/499
f 491/596/500 506/621/500 507/623/500
f 500/599/501 499/597/501 514/622/501
f 492/598/502 507/623/502 508/625/502
f 512/627/505 527/657/505 528/628/505
f 505/618/506 520/648/506 521/629/506
f 513/620/814 528/628/814 529/630/814
f 506/621/508 521/629/508 522/631/508
f 515/624/509 514/622/509 529/630/509
f 507/623/510 522/631/510 523/633/510
f 508/635/513 523/666/513 524/636/513
f 501/626/815 516/634/815 517/638/815
f 509/637/515 524/636/515 525/639/515
f 502/611/816 517/638/816 518/641/816
f 510/640/517 525/639/517 526/642/517
f 503/613/518 518/641/518 519/644/518
f 511/643/519 526/642/519 527/645/519
f 504/647/520 519/1074/520 520/648/520
f 524/636/521 539/668/521 540/649/521
f 517/638/522 532/669/522 533/650/522
f 525/639/523 540/649/523 541/651/523
f 518/641/524 533/650/524 534/652/524
f 526/642/525 541/651/525 542/653/525
f 519/654/526 534/671/526 535/655/526
f 527/657/527 542/1075/527 543/658/527
f 520/656/528 535/655/528 536/659/528
f 528/628/529 543/658/529 544/661/529
f 521/660/530 536/659/530 537/662/530
f 530/632/531 529/630/531 544/661/531
f 522/663/532 537/662/532 538/665/532
f 523/666/535 538/665/535 539/668/535
f 516/634/536 531/667/536 532/669/536
f 544/661/537 543/658/537 552/670/537
f 536/659/538 549/94/538 76/99/538
f 545/664/539 544/661/539 553/95/539
f 537/662/540 76/99/540 77/103/540
f 538/665/817 77/103/817 78/109/817
f 531/667/544 546/104/544 547/111/544
f 539/668/545 78/109/545 550/113/545
f 532/669/546 547/111/546 74/115/546
f 540/649/547 550/113/547 79/117/547
f 533/650/548 74/115/548 548/119/548
f 541/651/549 79/117/549 551/121/549
f 534/671/550 548/122/550 75/92/550
f 542/653/551 551/121/551 552/125/551
f 535/655/552 75/92/552 549/94/552
f 556/673/553 558/1076/553 557/674/553
f 558/676/554 562/1077/554 561/677/554
f 561/679/555 562/1078/555 560/680/555
f 559/682/556 560/1079/556 556/683/556
f 561/685/557 559/1080/557 555/686/557
f 562/688/558 558/1081/558 556/689/558
f 565/691/559 571/706/559 572/692/559
f 788/693/560 572/692/560 573/694/560
f 785/696/818 567/698/818 568/699/818
f 786/700/563 568/699/563 569/701/563
f 564/703/564 569/713/564 570/704/564
f 787/705/565 570/704/565 571/706/565
f 570/704/566 577/714/566 578/707/566
f 571/706/567 578/707/567 579/708/567
f 572/692/568 579/708/568 580/709/568
f 567/698/570 574/710/570 575/711/570
f 568/699/571 575/711/571 576/712/571
f 569/713/572 576/717/572 577/714/572
f 574/710/573 581/722/573 582/715/573
f 575/711/574 582/715/574 583/716/574
f 576/717/575 583/728/575 584/718/575
f 577/714/576 584/718/576 585/719/576
f 578/707/577 585/719/577 586/720/577
f 579/708/578 586/720/578 587/721/578
f 585/719/819 592/730/819 593/723/819
f 586/720/820 593/723/820 594/724/820
f 581/722/583 588/725/583 589/726/583
f 582/715/584 589/726/584 590/727/584
f 583/728/585 590/733/585 591/729/585
f 584/718/821 591/729/821 592/730/821
f 588/725/587 595/740/587 596/731/587
f 589/726/588 596/731/588 597/732/588
f 590/733/589 597/1082/589 598/734/589
f 591/729/822 598/734/822 599/735/822
f 593/723/823 592/730/823 599/735/823
f 594/737/824 593/1083/824 600/738/824
f 600/738/594 599/1084/594 606/741/594
f 601/739/595 600/738/595 607/742/595
f 596/731/825 595/740/825 602/744/825
f 597/732/598 596/731/598 603/745/598
f 598/734/599 597/1082/599 604/747/599
f 599/735/600 598/734/600 605/748/600
f 604/746/601 603/745/601 610/750/601
f 605/748/602 604/747/602 611/752/602
f 606/749/603 605/748/603 612/753/603
f 607/742/604 606/741/604 613/755/604
f 608/743/605 607/742/605 614/756/605
f 603/745/607 602/744/607 609/758/607
f 615/757/608 614/756/608 621/759/608
f 610/750/610 609/758/610 616/761/610
f 611/751/611 610/750/611 617/762/611
f 612/764/612 611/751/612 618/763/612
f 613/754/613 612/753/613 619/766/613
f 614/756/614 613/755/614 620/768/614
f 618/763/615 617/762/615 624/769/615
f 619/765/616 618/763/616 625/770/616
f 620/772/617 619/1085/617 626/773/617
f 621/759/618 620/768/618 627/775/618
f 622/760/619 621/759/619 628/776/619
f 617/762/621 616/761/621 623/778/621
f 629/777/622 628/776/622 635/779/622
f 624/769/826 623/778/826 630/781/826
f 625/770/625 624/769/625 631/782/625
f 626/773/626 625/1086/626 632/784/626
f 627/774/827 626/773/827 633/785/827
f 628/776/628 627/775/628 634/787/628
f 633/785/629 632/784/629 639/788/629
f 634/786/630 633/785/630 640/789/630
f 635/779/631 634/787/631 641/791/631
f 636/780/632 635/779/632 642/792/632
f 631/782/828 630/781/828 637/794/828
f 632/783/635 631/782/635 638/795/635
f 638/795/637 637/794/637 644/797/637
f 639/796/638 638/795/638 645/798/638
f 640/789/639 639/788/639 646/800/639
f 641/790/829 640/789/829 647/801/829
f 641/790/830 648/802/830 649/803/830
f 642/804/831 649/803/831 650/805/831
f 648/802/832 647/801/832 654/807/832
f 649/803/833 648/802/833 655/808/833
f 650/805/834 649/803/834 656/809/834
f 645/798/647 644/797/647 651/811/647
f 646/799/648 645/798/648 652/812/648
f 647/801/649 646/800/649 653/814/649
f 652/812/651 651/811/651 658/815/651
f 653/813/835 652/812/835 659/816/835
f 654/807/653 653/814/653 660/818/653
f 655/808/654 654/807/654 661/819/654
f 656/809/655 655/808/655 662/820/655
f 657/810/656 656/809/656 663/821/656
f 662/820/657 661/819/657 668/823/657
f 663/821/658 662/820/658 669/824/658
f 664/822/659 663/821/659 670/825/659
f 659/816/836 658/815/836 665/827/836
f 660/817/662 659/816/662 666/828/662
f 661/819/663 660/818/663 667/830/663
f 666/828/664 665/827/664 672/831/664
f 667/829/665 666/828/665 673/832/665
f 668/823/666 667/830/666 674/834/666
f 669/824/667 668/823/667 675/835/667
f 670/825/668 669/824/668 676/836/668
f 671/826/669 670/825/669 677/837/669
f 677/837/671 676/836/671 683/839/671
f 678/838/672 677/837/672 684/840/672
f 672/831/674 679/842/674 680/843/674
f 674/833/675 673/832/675 680/843/675
f 675/835/676 674/834/676 681/845/676
f 676/836/677 675/835/677 682/846/677
f 679/842/678 686/858/678 687/847/678
f 681/844/679 680/843/679 687/847/679
f 682/849/680 681/1087/680 688/850/680
f 683/852/681 682/849/681 689/851/681
f 684/854/682 683/852/682 690/853/682
f 685/856/683 684/854/683 691/855/683
f 691/855/685 690/853/685 697/859/685
f 692/857/686 691/855/686 698/860/686
f 686/858/688 693/862/688 694/863/688
f 688/848/689 687/847/689 694/863/689
f 689/851/690 688/850/690 695/865/690
f 690/853/691 689/851/691 696/866/691
f 694/863/692 701/874/692 702/867/692
f 696/866/693 695/865/693 702/868/693
f 697/859/694 696/866/694 703/869/694
f 698/860/695 697/859/695 704/870/695
f 699/861/696 698/860/696 705/871/696
f 693/862/698 700/873/698 701/874/698
f 706/872/699 705/871/699 712/875/699
f 700/873/701 707/877/701 708/878/701
f 701/874/702 708/878/702 709/879/702
f 703/869/703 702/868/703 709/880/703
f 704/870/704 703/869/704 710/881/704
f 705/871/705 704/870/705 711/882/705
f 709/880/706 716/893/706 717/883/706
f 710/881/707 717/883/707 718/884/707
f 711/882/708 718/884/708 719/885/708
f 712/875/709 719/885/709 720/886/709
f 708/878/711 707/877/711 714/887/711
f 709/879/712 708/878/712 715/888/712
f 715/888/714 714/887/714 721/890/714
f 716/889/715 715/888/715 722/891/715
f 716/893/716 723/898/716 724/894/716
f 717/883/717 724/894/717 725/895/717
f 718/884/718 725/895/718 726/896/718
f 719/885/719 726/896/719 727/897/719
f 723/898/720 730/1088/720 731/899/720
f 724/894/721 731/899/721 732/900/721
f 725/895/722 732/900/722 733/901/722
f 726/896/723 733/901/723 734/902/723
f 722/891/725 721/890/725 728/903/725
f 722/891/726 729/904/726 730/905/726
f 729/904/837 728/903/837 735/906/837
f 729/904/729 736/907/729 737/908/729
f 730/909/730 737/924/730 738/910/730
f 731/911/731 738/910/731 739/912/731
f 732/913/732 739/912/732 740/914/732
f 733/915/733 740/914/733 741/916/733
f 738/910/734 745/925/734 746/918/734
f 739/912/735 746/918/735 747/919/735
f 740/914/736 747/919/736 748/920/736
f 736/907/838 735/906/838 742/921/838
f 736/907/739 743/922/739 744/923/739
f 737/924/740 744/929/740 745/925/740
f 742/921/742 749/926/742 750/927/742
f 743/922/743 750/927/743 751/928/743
f 744/929/744 751/940/744 752/930/744
f 745/925/745 752/930/745 753/931/745
f 746/918/746 753/931/746 754/932/746
f 747/919/747 754/932/747 755/933/747
f 752/930/748 759/941/748 760/934/748
f 753/931/749 760/934/749 761/935/749
f 754/932/750 761/935/750 762/936/750
f 749/926/752 756/937/752 757/938/752
f 750/927/753 757/938/753 758/939/753
f 751/940/754 758/944/754 759/941/754
f 756/937/755 763/949/755 764/942/755
f 757/938/756 764/942/756 765/943/756
f 758/944/757 765/955/757 766/945/757
f 759/941/758 766/945/758 767/946/758
f 760/934/759 767/946/759 768/947/759
f 761/935/760 768/947/760 769/948/760
f 767/946/762 774/957/762 775/950/762
f 768/947/763 775/950/763 776/951/763
f 763/949/839 770/952/839 771/953/839
f 764/942/840 771/953/840 772/954/840
f 765/955/767 772/959/767 773/956/767
f 766/945/768 773/956/768 774/957/768
f 771/953/769 779/965/769 780/958/769
f 772/959/770 780/1089/770 781/960/770
f 773/956/771 781/960/771 782/961/771
f 774/957/772 782/961/772 783/962/772
f 775/950/773 783/962/773 784/963/773
f 770/952/775 778/964/775 779/965/775
f 783/966/776 788/693/776 566/695/776
f 566/1090/40 573/1091/40 748/1092/40
f 573/1091/40 580/1093/40 741/1094/40
f 741/1094/40 580/1093/40 734/1095/40
f 580/1093/40 587/1096/40 734/1095/40
f 587/1096/40 594/969/40 727/1097/40
f 734/1095/40 587/1096/40 727/1097/40
f 594/969/40 601/1098/40 608/1099/40
f 608/1099/40 615/1100/40 594/969/40
f 615/1100/40 622/1101/40 650/970/40
f 594/969/40 615/1100/40 650/970/40
f 622/1101/40 629/1102/40 650/970/40
f 629/1102/40 636/1103/40 650/970/40
f 636/1103/40 643/1104/40 650/970/40
f 650/970/40 657/1105/40 664/1106/40
f 664/1106/40 671/1107/40 650/970/40
f 671/1107/40 678/1108/40 650/970/40
f 678/1108/40 685/1109/40 650/970/40
f 685/1109/40 692/1110/40 650/970/40
f 692/1110/40 699/968/40 650/970/40
f 699/968/40 706/1111/40 594/969/40
f 706/1111/40 713/1112/40 594/969/40
f 713/1112/40 720/1113/40 594/969/40
f 720/1113/40 727/1097/40 594/969/40
f 741/1094/40 748/1092/40 573/1091/40
f 748/1092/40 755/1114/40 566/1090/40
f 755/1114/40 762/1115/40 784/1116/40
f 566/1090/40 755/1114/40 784/1116/40
f 762/1115/40 769/1117/40 776/1118/40
f 776/1118/40 784/1116/40 762/1115/40
f 778/964/841 785/696/841 786/700/841
f 779/965/779 786/700/779 564/702/779
f 780/971/780 564/703/780 787/705/780
f 781/972/781 787/705/781 565/691/781
f 782/973/782 565/691/782 788/693/782
f 790/974/553 792/1119/553 791/975/553
f 792/977/783 796/1120/783 795/978/783
f 795/980/555 796/1121/555 794/981/555
f 793/983/784 794/1122/784 790/984/784
f 791/986/842 795/1123/842 793/987/842
f 796/989/37 792/1124/37 790/990/37
